kind,recipe,pin,pad,net,seq,bench,minor_moves,shortcut,shot_origin_x,shot_origin_y,name,type,mode,instrument,chan,target,hi,lo,level,limit,shape,freq,conn,min,max,avg_count,avg_delay,nplc,his,los,settle_delay,abs_value,mrange,die,route
PIN,,1,J1,Sense-,,,,,,,,,,,,,,,,,,,,,,,,,,,,,,,
PIN,,2,J3,,,,,,,,,,,,,,,,,,,,,,,,,,,,,,,,
PIN,,11,J21,Force+,,,,,,,,,,,,,,,,,,,,,,,,,,,,,,,
PIN,,12,J23,Sense+,,,,,,,,,,,,,,,,,,,,,,,,,,,,,,,
PIN,,13,J25,,,,,,,,,,,,,,,,,,,,,,,,,,,,,,,,
PIN,,14,J27,,,,,,,,,,,,,,,,,,,,,,,,,,,,,,,,
PIN,,23,J45,Force-,,,,,,,,,,,,,,,,,,,,,,,,,,,,,,,
PIN,,24,J47,,,,,,,,,,,,,,,,,,,,,,,,,,,,,,,,
RECIPE,TEST,,,,,,1,,,,,,,,,,,,,,,,,,,,,,,,,,,,
STEP,TEST,,,,1,,,,,,settle,delay,,,,,,,200,,,,,,,,,,,,,,,,switch
STEP,TEST,,,,2,,,,,,force1,current,apply,SMU,A,,11:J21,23:J45,0.1,,,,"2A11,4B11",,,,,,,,,,,1,switch
STEP,TEST,,,,3,,,,,,delay,delay,,,,,,,200,,,,,,,,,,,,,,,,switch
STEP,TEST,,,,4,,,,,,sense1,voltage,measure,SMU,B,force1,12:J23,1:J1,0.1,,,,"2C12,2D01",,,1,0,1,,,0,,,1,switch
STEP,TEST,,,,5,,,,,,delay,delay,,,,,,,1000,,,,,,,,,,,,,,,,switch
STEP,TEST,,,,6,,,,,,check1,passfail,,,,sense1,,,,,,,,0,20,,,,,,,,,1,switch
STEP,TEST,,,,7,,,,,,delay,delay,,,,,,,1000,,,,,,,,,,,,,,,,switch
STEP,TEST,,,,8,,,,,,open,open,,,,all,,,,,,,all,,,,,,,,,,,,switch
STEP,TEST,,,,9,,,,,,move on,move,,,,,,,,,,,,,,,,,,,,,,2,switch
STEP,TEST,,,,10,,,,,,settle,delay,,,,,,,200,,,,,,,,,,,,,,,,switch
STEP,TEST,,,,11,,,,,,force2,current,apply,SMU,A,,11:J21,23:J45,0.1,,,,"2A11,4B11",,,,,,,,,,,2,switch
STEP,TEST,,,,12,,,,,,delay,delay,,,,,,,200,,,,,,,,,,,,,,,,switch
STEP,TEST,,,,13,,,,,,sense2,voltage,measure,SMU,B,force2,12:J23,1:J1,0.1,,,,"2C12,2D01",,,1,0,1,,,0,,,2,switch
STEP,TEST,,,,14,,,,,,delay,delay,,,,,,,200,,,,,,,,,,,,,,,,switch
STEP,TEST,,,,15,,,,,,check2,passfail,,,,sense2,,,,,,,,0,20,,,,,,,,,2,switch
STEP,TEST,,,,16,,,,,,open,open,,,,all,,,,,,,all,,,,,,,,,,,,switch
STEP,TEST,,,,17,,,,,,delay,delay,,,,,,,200,,,,,,,,,,,,,,,,switch
SITE,TEST,,,,1,,,,,,second,,,,,,-57,-1,,,,,,,,,,,,,,,,,
SITE,TEST,,,,2,,,,,,first,,,,,,-57,0,,,,,,,,,,,,,,,,,
SITE,TEST,,,,3,,,,,,second,,,,,,-57,8,,,,,,,,,,,,,,,,,
SITE,TEST,,,,4,,,,,,first,,,,,,-57,9,,,,,,,,,,,,,,,,,
SITE,TEST,,,,5,,,,,,second,,,,,,-57,17,,,,,,,,,,,,,,,,,
SITE,TEST,,,,6,,,,,,first,,,,,,-57,18,,,,,,,,,,,,,,,,,
SITE,TEST,,,,7,,,,,,second,,,,,,-50,-19,,,,,,,,,,,,,,,,,
SITE,TEST,,,,8,,,,,,first,,,,,,-50,-18,,,,,,,,,,,,,,,,,
SITE,TEST,,,,9,,,,,,second,,,,,,-50,-10,,,,,,,,,,,,,,,,,
SITE,TEST,,,,10,,,,,,first,,,,,,-50,-9,,,,,,,,,,,,,,,,,
SITE,TEST,,,,11,,,,,,second,,,,,,-50,-1,,,,,,,,,,,,,,,,,
SITE,TEST,,,,12,,,,,,first,,,,,,-50,0,,,,,,,,,,,,,,,,,
SITE,TEST,,,,13,,,,,,second,,,,,,-50,8,,,,,,,,,,,,,,,,,
SITE,TEST,,,,14,,,,,,first,,,,,,-50,9,,,,,,,,,,,,,,,,,
SITE,TEST,,,,15,,,,,,second,,,,,,-50,17,,,,,,,,,,,,,,,,,
SITE,TEST,,,,16,,,,,,first,,,,,,-50,18,,,,,,,,,,,,,,,,,
SITE,TEST,,,,17,,,,,,second,,,,,,-50,26,,,,,,,,,,,,,,,,,
SITE,TEST,,,,18,,,,,,first,,,,,,-50,27,,,,,,,,,,,,,,,,,
SITE,TEST,,,,19,,,,,,second,,,,,,-50,35,,,,,,,,,,,,,,,,,
SITE,TEST,,,,20,,,,,,first,,,,,,-50,36,,,,,,,,,,,,,,,,,
SITE,TEST,,,,21,,,,,,second,,,,,,-43,-28,,,,,,,,,,,,,,,,,
SITE,TEST,,,,22,,,,,,first,,,,,,-43,-27,,,,,,,,,,,,,,,,,
SITE,TEST,,,,23,,,,,,second,,,,,,-43,-19,,,,,,,,,,,,,,,,,
SITE,TEST,,,,24,,,,,,first,,,,,,-43,-18,,,,,,,,,,,,,,,,,
SITE,TEST,,,,25,,,,,,second,,,,,,-43,-10,,,,,,,,,,,,,,,,,
SITE,TEST,,,,26,,,,,,first,,,,,,-43,-9,,,,,,,,,,,,,,,,,
SITE,TEST,,,,27,,,,,,second,,,,,,-43,-1,,,,,,,,,,,,,,,,,
SITE,TEST,,,,28,,,,,,first,,,,,,-43,0,,,,,,,,,,,,,,,,,
SITE,TEST,,,,29,,,,,,second,,,,,,-43,8,,,,,,,,,,,,,,,,,
SITE,TEST,,,,30,,,,,,first,,,,,,-43,9,,,,,,,,,,,,,,,,,
SITE,TEST,,,,31,,,,,,second,,,,,,-43,17,,,,,,,,,,,,,,,,,
SITE,TEST,,,,32,,,,,,first,,,,,,-43,18,,,,,,,,,,,,,,,,,
SITE,TEST,,,,33,,,,,,second,,,,,,-43,26,,,,,,,,,,,,,,,,,
SITE,TEST,,,,34,,,,,,first,,,,,,-43,27,,,,,,,,,,,,,,,,,
SITE,TEST,,,,35,,,,,,second,,,,,,-43,35,,,,,,,,,,,,,,,,,
SITE,TEST,,,,36,,,,,,first,,,,,,-43,36,,,,,,,,,,,,,,,,,
SITE,TEST,,,,37,,,,,,second,,,,,,-43,44,,,,,,,,,,,,,,,,,
SITE,TEST,,,,38,,,,,,first,,,,,,-43,45,,,,,,,,,,,,,,,,,
SITE,TEST,,,,39,,,,,,second,,,,,,-36,-37,,,,,,,,,,,,,,,,,
SITE,TEST,,,,40,,,,,,first,,,,,,-36,-36,,,,,,,,,,,,,,,,,
SITE,TEST,,,,41,,,,,,second,,,,,,-36,-28,,,,,,,,,,,,,,,,,
SITE,TEST,,,,42,,,,,,first,,,,,,-36,-27,,,,,,,,,,,,,,,,,
SITE,TEST,,,,43,,,,,,second,,,,,,-36,-19,,,,,,,,,,,,,,,,,
SITE,TEST,,,,44,,,,,,first,,,,,,-36,-18,,,,,,,,,,,,,,,,,
SITE,TEST,,,,45,,,,,,second,,,,,,-36,-10,,,,,,,,,,,,,,,,,
SITE,TEST,,,,46,,,,,,first,,,,,,-36,-9,,,,,,,,,,,,,,,,,
SITE,TEST,,,,47,,,,,,second,,,,,,-36,-1,,,,,,,,,,,,,,,,,
SITE,TEST,,,,48,,,,,,first,,,,,,-36,0,,,,,,,,,,,,,,,,,
SITE,TEST,,,,49,,,,,,second,,,,,,-36,8,,,,,,,,,,,,,,,,,
SITE,TEST,,,,50,,,,,,first,,,,,,-36,9,,,,,,,,,,,,,,,,,
SITE,TEST,,,,51,,,,,,second,,,,,,-36,17,,,,,,,,,,,,,,,,,
SITE,TEST,,,,52,,,,,,first,,,,,,-36,18,,,,,,,,,,,,,,,,,
SITE,TEST,,,,53,,,,,,second,,,,,,-36,26,,,,,,,,,,,,,,,,,
SITE,TEST,,,,54,,,,,,first,,,,,,-36,27,,,,,,,,,,,,,,,,,
SITE,TEST,,,,55,,,,,,second,,,,,,-36,35,,,,,,,,,,,,,,,,,
SITE,TEST,,,,56,,,,,,first,,,,,,-36,36,,,,,,,,,,,,,,,,,
SITE,TEST,,,,57,,,,,,second,,,,,,-36,44,,,,,,,,,,,,,,,,,
SITE,TEST,,,,58,,,,,,first,,,,,,-36,45,,,,,,,,,,,,,,,,,
SITE,TEST,,,,59,,,,,,second,,,,,,-36,53,,,,,,,,,,,,,,,,,
SITE,TEST,,,,60,,,,,,first,,,,,,-36,54,,,,,,,,,,,,,,,,,
SITE,TEST,,,,61,,,,,,second,,,,,,-29,-37,,,,,,,,,,,,,,,,,
SITE,TEST,,,,62,,,,,,first,,,,,,-29,-36,,,,,,,,,,,,,,,,,
SITE,TEST,,,,63,,,,,,second,,,,,,-29,-28,,,,,,,,,,,,,,,,,
SITE,TEST,,,,64,,,,,,first,,,,,,-29,-27,,,,,,,,,,,,,,,,,
SITE,TEST,,,,65,,,,,,second,,,,,,-29,-19,,,,,,,,,,,,,,,,,
SITE,TEST,,,,66,,,,,,first,,,,,,-29,-18,,,,,,,,,,,,,,,,,
SITE,TEST,,,,67,,,,,,second,,,,,,-29,-10,,,,,,,,,,,,,,,,,
SITE,TEST,,,,68,,,,,,first,,,,,,-29,-9,,,,,,,,,,,,,,,,,
SITE,TEST,,,,69,,,,,,second,,,,,,-29,-1,,,,,,,,,,,,,,,,,
SITE,TEST,,,,70,,,,,,first,,,,,,-29,0,,,,,,,,,,,,,,,,,
SITE,TEST,,,,71,,,,,,second,,,,,,-29,8,,,,,,,,,,,,,,,,,
SITE,TEST,,,,72,,,,,,first,,,,,,-29,9,,,,,,,,,,,,,,,,,
SITE,TEST,,,,73,,,,,,second,,,,,,-29,17,,,,,,,,,,,,,,,,,
SITE,TEST,,,,74,,,,,,first,,,,,,-29,18,,,,,,,,,,,,,,,,,
SITE,TEST,,,,75,,,,,,second,,,,,,-29,26,,,,,,,,,,,,,,,,,
SITE,TEST,,,,76,,,,,,first,,,,,,-29,27,,,,,,,,,,,,,,,,,
SITE,TEST,,,,77,,,,,,second,,,,,,-29,35,,,,,,,,,,,,,,,,,
SITE,TEST,,,,78,,,,,,first,,,,,,-29,36,,,,,,,,,,,,,,,,,
SITE,TEST,,,,79,,,,,,second,,,,,,-29,44,,,,,,,,,,,,,,,,,
SITE,TEST,,,,80,,,,,,first,,,,,,-29,45,,,,,,,,,,,,,,,,,
SITE,TEST,,,,81,,,,,,second,,,,,,-29,53,,,,,,,,,,,,,,,,,
SITE,TEST,,,,82,,,,,,first,,,,,,-29,54,,,,,,,,,,,,,,,,,
SITE,TEST,,,,83,,,,,,second,,,,,,-22,-46,,,,,,,,,,,,,,,,,
SITE,TEST,,,,84,,,,,,first,,,,,,-22,-45,,,,,,,,,,,,,,,,,
SITE,TEST,,,,85,,,,,,second,,,,,,-22,-37,,,,,,,,,,,,,,,,,
SITE,TEST,,,,86,,,,,,first,,,,,,-22,-36,,,,,,,,,,,,,,,,,
SITE,TEST,,,,87,,,,,,second,,,,,,-22,-28,,,,,,,,,,,,,,,,,
SITE,TEST,,,,88,,,,,,first,,,,,,-22,-27,,,,,,,,,,,,,,,,,
SITE,TEST,,,,89,,,,,,second,,,,,,-22,-19,,,,,,,,,,,,,,,,,
SITE,TEST,,,,90,,,,,,first,,,,,,-22,-18,,,,,,,,,,,,,,,,,
SITE,TEST,,,,91,,,,,,second,,,,,,-22,-10,,,,,,,,,,,,,,,,,
SITE,TEST,,,,92,,,,,,first,,,,,,-22,-9,,,,,,,,,,,,,,,,,
SITE,TEST,,,,93,,,,,,second,,,,,,-22,-1,,,,,,,,,,,,,,,,,
SITE,TEST,,,,94,,,,,,first,,,,,,-22,0,,,,,,,,,,,,,,,,,
SITE,TEST,,,,95,,,,,,second,,,,,,-22,8,,,,,,,,,,,,,,,,,
SITE,TEST,,,,96,,,,,,first,,,,,,-22,9,,,,,,,,,,,,,,,,,
SITE,TEST,,,,97,,,,,,second,,,,,,-22,17,,,,,,,,,,,,,,,,,
SITE,TEST,,,,98,,,,,,first,,,,,,-22,18,,,,,,,,,,,,,,,,,
SITE,TEST,,,,99,,,,,,second,,,,,,-22,26,,,,,,,,,,,,,,,,,
SITE,TEST,,,,100,,,,,,first,,,,,,-22,27,,,,,,,,,,,,,,,,,
SITE,TEST,,,,101,,,,,,second,,,,,,-22,35,,,,,,,,,,,,,,,,,
SITE,TEST,,,,102,,,,,,first,,,,,,-22,36,,,,,,,,,,,,,,,,,
SITE,TEST,,,,103,,,,,,second,,,,,,-22,44,,,,,,,,,,,,,,,,,
SITE,TEST,,,,104,,,,,,first,,,,,,-22,45,,,,,,,,,,,,,,,,,
SITE,TEST,,,,105,,,,,,second,,,,,,-22,53,,,,,,,,,,,,,,,,,
SITE,TEST,,,,106,,,,,,first,,,,,,-22,54,,,,,,,,,,,,,,,,,
SITE,TEST,,,,107,,,,,,second,,,,,,-22,62,,,,,,,,,,,,,,,,,
SITE,TEST,,,,108,,,,,,first,,,,,,-22,63,,,,,,,,,,,,,,,,,
SITE,TEST,,,,109,,,,,,second,,,,,,-15,-46,,,,,,,,,,,,,,,,,
SITE,TEST,,,,110,,,,,,first,,,,,,-15,-45,,,,,,,,,,,,,,,,,
SITE,TEST,,,,111,,,,,,second,,,,,,-15,-37,,,,,,,,,,,,,,,,,
SITE,TEST,,,,112,,,,,,first,,,,,,-15,-36,,,,,,,,,,,,,,,,,
SITE,TEST,,,,113,,,,,,second,,,,,,-15,-28,,,,,,,,,,,,,,,,,
SITE,TEST,,,,114,,,,,,first,,,,,,-15,-27,,,,,,,,,,,,,,,,,
SITE,TEST,,,,115,,,,,,second,,,,,,-15,-19,,,,,,,,,,,,,,,,,
SITE,TEST,,,,116,,,,,,first,,,,,,-15,-18,,,,,,,,,,,,,,,,,
SITE,TEST,,,,117,,,,,,second,,,,,,-15,-10,,,,,,,,,,,,,,,,,
SITE,TEST,,,,118,,,,,,first,,,,,,-15,-9,,,,,,,,,,,,,,,,,
SITE,TEST,,,,119,,,,,,second,,,,,,-15,-1,,,,,,,,,,,,,,,,,
SITE,TEST,,,,120,,,,,,first,,,,,,-15,0,,,,,,,,,,,,,,,,,
SITE,TEST,,,,121,,,,,,second,,,,,,-15,8,,,,,,,,,,,,,,,,,
SITE,TEST,,,,122,,,,,,first,,,,,,-15,9,,,,,,,,,,,,,,,,,
SITE,TEST,,,,123,,,,,,second,,,,,,-15,17,,,,,,,,,,,,,,,,,
SITE,TEST,,,,124,,,,,,first,,,,,,-15,18,,,,,,,,,,,,,,,,,
SITE,TEST,,,,125,,,,,,second,,,,,,-15,26,,,,,,,,,,,,,,,,,
SITE,TEST,,,,126,,,,,,first,,,,,,-15,27,,,,,,,,,,,,,,,,,
SITE,TEST,,,,127,,,,,,second,,,,,,-15,35,,,,,,,,,,,,,,,,,
SITE,TEST,,,,128,,,,,,first,,,,,,-15,36,,,,,,,,,,,,,,,,,
SITE,TEST,,,,129,,,,,,second,,,,,,-15,44,,,,,,,,,,,,,,,,,
SITE,TEST,,,,130,,,,,,first,,,,,,-15,45,,,,,,,,,,,,,,,,,
SITE,TEST,,,,131,,,,,,second,,,,,,-15,53,,,,,,,,,,,,,,,,,
SITE,TEST,,,,132,,,,,,first,,,,,,-15,54,,,,,,,,,,,,,,,,,
SITE,TEST,,,,133,,,,,,second,,,,,,-15,62,,,,,,,,,,,,,,,,,
SITE,TEST,,,,134,,,,,,first,,,,,,-15,63,,,,,,,,,,,,,,,,,
SITE,TEST,,,,135,,,,,,second,,,,,,-8,-46,,,,,,,,,,,,,,,,,
SITE,TEST,,,,136,,,,,,first,,,,,,-8,-45,,,,,,,,,,,,,,,,,
SITE,TEST,,,,137,,,,,,second,,,,,,-8,-37,,,,,,,,,,,,,,,,,
SITE,TEST,,,,138,,,,,,first,,,,,,-8,-36,,,,,,,,,,,,,,,,,
SITE,TEST,,,,139,,,,,,second,,,,,,-8,-28,,,,,,,,,,,,,,,,,
SITE,TEST,,,,140,,,,,,first,,,,,,-8,-27,,,,,,,,,,,,,,,,,
SITE,TEST,,,,141,,,,,,second,,,,,,-8,-19,,,,,,,,,,,,,,,,,
SITE,TEST,,,,142,,,,,,first,,,,,,-8,-18,,,,,,,,,,,,,,,,,
SITE,TEST,,,,143,,,,,,second,,,,,,-8,-10,,,,,,,,,,,,,,,,,
SITE,TEST,,,,144,,,,,,first,,,,,,-8,-9,,,,,,,,,,,,,,,,,
SITE,TEST,,,,145,,,,,,second,,,,,,-8,-1,,,,,,,,,,,,,,,,,
SITE,TEST,,,,146,,,,,,first,,,,,,-8,0,,,,,,,,,,,,,,,,,
SITE,TEST,,,,147,,,,,,second,,,,,,-8,8,,,,,,,,,,,,,,,,,
SITE,TEST,,,,148,,,,,,first,,,,,,-8,9,,,,,,,,,,,,,,,,,
SITE,TEST,,,,149,,,,,,second,,,,,,-8,17,,,,,,,,,,,,,,,,,
SITE,TEST,,,,150,,,,,,first,,,,,,-8,18,,,,,,,,,,,,,,,,,
SITE,TEST,,,,151,,,,,,second,,,,,,-8,26,,,,,,,,,,,,,,,,,
SITE,TEST,,,,152,,,,,,first,,,,,,-8,27,,,,,,,,,,,,,,,,,
SITE,TEST,,,,153,,,,,,second,,,,,,-8,35,,,,,,,,,,,,,,,,,
SITE,TEST,,,,154,,,,,,first,,,,,,-8,36,,,,,,,,,,,,,,,,,
SITE,TEST,,,,155,,,,,,second,,,,,,-8,44,,,,,,,,,,,,,,,,,
SITE,TEST,,,,156,,,,,,first,,,,,,-8,45,,,,,,,,,,,,,,,,,
SITE,TEST,,,,157,,,,,,second,,,,,,-8,53,,,,,,,,,,,,,,,,,
SITE,TEST,,,,158,,,,,,first,,,,,,-8,54,,,,,,,,,,,,,,,,,
SITE,TEST,,,,159,,,,,,second,,,,,,-8,62,,,,,,,,,,,,,,,,,
SITE,TEST,,,,160,,,,,,first,,,,,,-8,63,,,,,,,,,,,,,,,,,
SITE,TEST,,,,161,,,,,,second,,,,,,-1,-55,,,,,,,,,,,,,,,,,
SITE,TEST,,,,162,,,,,,first,,,,,,-1,-54,,,,,,,,,,,,,,,,,
SITE,TEST,,,,163,,,,,,second,,,,,,-1,-46,,,,,,,,,,,,,,,,,
SITE,TEST,,,,164,,,,,,first,,,,,,-1,-45,,,,,,,,,,,,,,,,,
SITE,TEST,,,,165,,,,,,second,,,,,,-1,-37,,,,,,,,,,,,,,,,,
SITE,TEST,,,,166,,,,,,first,,,,,,-1,-36,,,,,,,,,,,,,,,,,
SITE,TEST,,,,167,,,,,,second,,,,,,-1,-28,,,,,,,,,,,,,,,,,
SITE,TEST,,,,168,,,,,,first,,,,,,-1,-27,,,,,,,,,,,,,,,,,
SITE,TEST,,,,169,,,,,,second,,,,,,-1,-19,,,,,,,,,,,,,,,,,
SITE,TEST,,,,170,,,,,,first,,,,,,-1,-18,,,,,,,,,,,,,,,,,
SITE,TEST,,,,171,,,,,,second,,,,,,-1,-10,,,,,,,,,,,,,,,,,
SITE,TEST,,,,172,,,,,,first,,,,,,-1,-9,,,,,,,,,,,,,,,,,
SITE,TEST,,,,173,,,,,,second,,,,,,-1,-1,,,,,,,,,,,,,,,,,
SITE,TEST,,,,174,,,,,,first,,,,,,-1,0,,,,,,,,,,,,,,,,,
SITE,TEST,,,,175,,,,,,second,,,,,,-1,8,,,,,,,,,,,,,,,,,
SITE,TEST,,,,176,,,,,,first,,,,,,-1,9,,,,,,,,,,,,,,,,,
SITE,TEST,,,,177,,,,,,second,,,,,,-1,17,,,,,,,,,,,,,,,,,
SITE,TEST,,,,178,,,,,,first,,,,,,-1,18,,,,,,,,,,,,,,,,,
SITE,TEST,,,,179,,,,,,second,,,,,,-1,26,,,,,,,,,,,,,,,,,
SITE,TEST,,,,180,,,,,,first,,,,,,-1,27,,,,,,,,,,,,,,,,,
SITE,TEST,,,,181,,,,,,second,,,,,,-1,35,,,,,,,,,,,,,,,,,
SITE,TEST,,,,182,,,,,,first,,,,,,-1,36,,,,,,,,,,,,,,,,,
SITE,TEST,,,,183,,,,,,second,,,,,,-1,44,,,,,,,,,,,,,,,,,
SITE,TEST,,,,184,,,,,,first,,,,,,-1,45,,,,,,,,,,,,,,,,,
SITE,TEST,,,,185,,,,,,second,,,,,,-1,53,,,,,,,,,,,,,,,,,
SITE,TEST,,,,186,,,,,,first,,,,,,-1,54,,,,,,,,,,,,,,,,,
SITE,TEST,,,,187,,,,,,second,,,,,,-1,62,,,,,,,,,,,,,,,,,
SITE,TEST,,,,188,,,,,,first,,,,,,-1,63,,,,,,,,,,,,,,,,,
SITE,TEST,,,,189,,,,,,second,,,,,,-1,71,,,,,,,,,,,,,,,,,
SITE,TEST,,,,190,,,,,,first,,,,,,-1,72,,,,,,,,,,,,,,,,,
SITE,TEST,,,,191,,,,,,second,,,,,,6,-55,,,,,,,,,,,,,,,,,
SITE,TEST,,,,192,,,,,,first,,,,,,6,-54,,,,,,,,,,,,,,,,,
SITE,TEST,,,,193,,,,,,second,,,,,,6,-46,,,,,,,,,,,,,,,,,
SITE,TEST,,,,194,,,,,,first,,,,,,6,-45,,,,,,,,,,,,,,,,,
SITE,TEST,,,,195,,,,,,second,,,,,,6,-37,,,,,,,,,,,,,,,,,
SITE,TEST,,,,196,,,,,,first,,,,,,6,-36,,,,,,,,,,,,,,,,,
SITE,TEST,,,,197,,,,,,second,,,,,,6,-28,,,,,,,,,,,,,,,,,
SITE,TEST,,,,198,,,,,,first,,,,,,6,-27,,,,,,,,,,,,,,,,,
SITE,TEST,,,,199,,,,,,second,,,,,,6,-19,,,,,,,,,,,,,,,,,
SITE,TEST,,,,200,,,,,,first,,,,,,6,-18,,,,,,,,,,,,,,,,,
SITE,TEST,,,,201,,,,,,second,,,,,,6,-10,,,,,,,,,,,,,,,,,
SITE,TEST,,,,202,,,,,,first,,,,,,6,-9,,,,,,,,,,,,,,,,,
SITE,TEST,,,,203,,,,,,second,,,,,,6,-1,,,,,,,,,,,,,,,,,
SITE,TEST,,,,204,,,,,,first,,,,,,6,0,,,,,,,,,,,,,,,,,
SITE,TEST,,,,205,,,,,,second,,,,,,6,8,,,,,,,,,,,,,,,,,
SITE,TEST,,,,206,,,,,,first,,,,,,6,9,,,,,,,,,,,,,,,,,
SITE,TEST,,,,207,,,,,,second,,,,,,6,17,,,,,,,,,,,,,,,,,
SITE,TEST,,,,208,,,,,,first,,,,,,6,18,,,,,,,,,,,,,,,,,
SITE,TEST,,,,209,,,,,,second,,,,,,6,26,,,,,,,,,,,,,,,,,
SITE,TEST,,,,210,,,,,,first,,,,,,6,27,,,,,,,,,,,,,,,,,
SITE,TEST,,,,211,,,,,,second,,,,,,6,35,,,,,,,,,,,,,,,,,
SITE,TEST,,,,212,,,,,,first,,,,,,6,36,,,,,,,,,,,,,,,,,
SITE,TEST,,,,213,,,,,,second,,,,,,6,44,,,,,,,,,,,,,,,,,
SITE,TEST,,,,214,,,,,,first,,,,,,6,45,,,,,,,,,,,,,,,,,
SITE,TEST,,,,215,,,,,,second,,,,,,6,53,,,,,,,,,,,,,,,,,
SITE,TEST,,,,216,,,,,,first,,,,,,6,54,,,,,,,,,,,,,,,,,
SITE,TEST,,,,217,,,,,,second,,,,,,6,62,,,,,,,,,,,,,,,,,
SITE,TEST,,,,218,,,,,,first,,,,,,6,63,,,,,,,,,,,,,,,,,
SITE,TEST,,,,219,,,,,,second,,,,,,6,71,,,,,,,,,,,,,,,,,
SITE,TEST,,,,220,,,,,,first,,,,,,6,72,,,,,,,,,,,,,,,,,
SITE,TEST,,,,221,,,,,,second,,,,,,13,-55,,,,,,,,,,,,,,,,,
SITE,TEST,,,,222,,,,,,first,,,,,,13,-54,,,,,,,,,,,,,,,,,
SITE,TEST,,,,223,,,,,,second,,,,,,13,-46,,,,,,,,,,,,,,,,,
SITE,TEST,,,,224,,,,,,first,,,,,,13,-45,,,,,,,,,,,,,,,,,
SITE,TEST,,,,225,,,,,,second,,,,,,13,-37,,,,,,,,,,,,,,,,,
SITE,TEST,,,,226,,,,,,first,,,,,,13,-36,,,,,,,,,,,,,,,,,
SITE,TEST,,,,227,,,,,,second,,,,,,13,-28,,,,,,,,,,,,,,,,,
SITE,TEST,,,,228,,,,,,first,,,,,,13,-27,,,,,,,,,,,,,,,,,
SITE,TEST,,,,229,,,,,,second,,,,,,13,-19,,,,,,,,,,,,,,,,,
SITE,TEST,,,,230,,,,,,first,,,,,,13,-18,,,,,,,,,,,,,,,,,
SITE,TEST,,,,231,,,,,,second,,,,,,13,-10,,,,,,,,,,,,,,,,,
SITE,TEST,,,,232,,,,,,first,,,,,,13,-9,,,,,,,,,,,,,,,,,
SITE,TEST,,,,233,,,,,,second,,,,,,13,-1,,,,,,,,,,,,,,,,,
SITE,TEST,,,,234,,,,,,first,,,,,,13,0,,,,,,,,,,,,,,,,,
SITE,TEST,,,,235,,,,,,second,,,,,,13,8,,,,,,,,,,,,,,,,,
SITE,TEST,,,,236,,,,,,first,,,,,,13,9,,,,,,,,,,,,,,,,,
SITE,TEST,,,,237,,,,,,second,,,,,,13,17,,,,,,,,,,,,,,,,,
SITE,TEST,,,,238,,,,,,first,,,,,,13,18,,,,,,,,,,,,,,,,,
SITE,TEST,,,,239,,,,,,second,,,,,,13,26,,,,,,,,,,,,,,,,,
SITE,TEST,,,,240,,,,,,first,,,,,,13,27,,,,,,,,,,,,,,,,,
SITE,TEST,,,,241,,,,,,second,,,,,,13,35,,,,,,,,,,,,,,,,,
SITE,TEST,,,,242,,,,,,first,,,,,,13,36,,,,,,,,,,,,,,,,,
SITE,TEST,,,,243,,,,,,second,,,,,,13,44,,,,,,,,,,,,,,,,,
SITE,TEST,,,,244,,,,,,first,,,,,,13,45,,,,,,,,,,,,,,,,,
SITE,TEST,,,,245,,,,,,second,,,,,,13,53,,,,,,,,,,,,,,,,,
SITE,TEST,,,,246,,,,,,first,,,,,,13,54,,,,,,,,,,,,,,,,,
SITE,TEST,,,,247,,,,,,second,,,,,,13,62,,,,,,,,,,,,,,,,,
SITE,TEST,,,,248,,,,,,first,,,,,,13,63,,,,,,,,,,,,,,,,,
SITE,TEST,,,,249,,,,,,second,,,,,,13,71,,,,,,,,,,,,,,,,,
SITE,TEST,,,,250,,,,,,first,,,,,,13,72,,,,,,,,,,,,,,,,,
SITE,TEST,,,,251,,,,,,second,,,,,,20,-46,,,,,,,,,,,,,,,,,
SITE,TEST,,,,252,,,,,,first,,,,,,20,-45,,,,,,,,,,,,,,,,,
SITE,TEST,,,,253,,,,,,second,,,,,,20,-37,,,,,,,,,,,,,,,,,
SITE,TEST,,,,254,,,,,,first,,,,,,20,-36,,,,,,,,,,,,,,,,,
SITE,TEST,,,,255,,,,,,second,,,,,,20,-28,,,,,,,,,,,,,,,,,
SITE,TEST,,,,256,,,,,,first,,,,,,20,-27,,,,,,,,,,,,,,,,,
SITE,TEST,,,,257,,,,,,second,,,,,,20,-19,,,,,,,,,,,,,,,,,
SITE,TEST,,,,258,,,,,,first,,,,,,20,-18,,,,,,,,,,,,,,,,,
SITE,TEST,,,,259,,,,,,second,,,,,,20,-10,,,,,,,,,,,,,,,,,
SITE,TEST,,,,260,,,,,,first,,,,,,20,-9,,,,,,,,,,,,,,,,,
SITE,TEST,,,,261,,,,,,second,,,,,,20,-1,,,,,,,,,,,,,,,,,
SITE,TEST,,,,262,,,,,,first,,,,,,20,0,,,,,,,,,,,,,,,,,
SITE,TEST,,,,263,,,,,,second,,,,,,20,8,,,,,,,,,,,,,,,,,
SITE,TEST,,,,264,,,,,,first,,,,,,20,9,,,,,,,,,,,,,,,,,
SITE,TEST,,,,265,,,,,,second,,,,,,20,17,,,,,,,,,,,,,,,,,
SITE,TEST,,,,266,,,,,,first,,,,,,20,18,,,,,,,,,,,,,,,,,
SITE,TEST,,,,267,,,,,,second,,,,,,20,26,,,,,,,,,,,,,,,,,
SITE,TEST,,,,268,,,,,,first,,,,,,20,27,,,,,,,,,,,,,,,,,
SITE,TEST,,,,269,,,,,,second,,,,,,20,35,,,,,,,,,,,,,,,,,
SITE,TEST,,,,270,,,,,,first,,,,,,20,36,,,,,,,,,,,,,,,,,
SITE,TEST,,,,271,,,,,,second,,,,,,20,44,,,,,,,,,,,,,,,,,
SITE,TEST,,,,272,,,,,,first,,,,,,20,45,,,,,,,,,,,,,,,,,
SITE,TEST,,,,273,,,,,,second,,,,,,20,53,,,,,,,,,,,,,,,,,
SITE,TEST,,,,274,,,,,,first,,,,,,20,54,,,,,,,,,,,,,,,,,
SITE,TEST,,,,275,,,,,,second,,,,,,20,62,,,,,,,,,,,,,,,,,
SITE,TEST,,,,276,,,,,,first,,,,,,20,63,,,,,,,,,,,,,,,,,
SITE,TEST,,,,277,,,,,,second,,,,,,27,-46,,,,,,,,,,,,,,,,,
SITE,TEST,,,,278,,,,,,first,,,,,,27,-45,,,,,,,,,,,,,,,,,
SITE,TEST,,,,279,,,,,,second,,,,,,27,-37,,,,,,,,,,,,,,,,,
SITE,TEST,,,,280,,,,,,first,,,,,,27,-36,,,,,,,,,,,,,,,,,
SITE,TEST,,,,281,,,,,,second,,,,,,27,-28,,,,,,,,,,,,,,,,,
SITE,TEST,,,,282,,,,,,first,,,,,,27,-27,,,,,,,,,,,,,,,,,
SITE,TEST,,,,283,,,,,,second,,,,,,27,-19,,,,,,,,,,,,,,,,,
SITE,TEST,,,,284,,,,,,first,,,,,,27,-18,,,,,,,,,,,,,,,,,
SITE,TEST,,,,285,,,,,,second,,,,,,27,-10,,,,,,,,,,,,,,,,,
SITE,TEST,,,,286,,,,,,first,,,,,,27,-9,,,,,,,,,,,,,,,,,
SITE,TEST,,,,287,,,,,,second,,,,,,27,-1,,,,,,,,,,,,,,,,,
SITE,TEST,,,,288,,,,,,first,,,,,,27,0,,,,,,,,,,,,,,,,,
SITE,TEST,,,,289,,,,,,second,,,,,,27,8,,,,,,,,,,,,,,,,,
SITE,TEST,,,,290,,,,,,first,,,,,,27,9,,,,,,,,,,,,,,,,,
SITE,TEST,,,,291,,,,,,second,,,,,,27,17,,,,,,,,,,,,,,,,,
SITE,TEST,,,,292,,,,,,first,,,,,,27,18,,,,,,,,,,,,,,,,,
SITE,TEST,,,,293,,,,,,second,,,,,,27,26,,,,,,,,,,,,,,,,,
SITE,TEST,,,,294,,,,,,first,,,,,,27,27,,,,,,,,,,,,,,,,,
SITE,TEST,,,,295,,,,,,second,,,,,,27,35,,,,,,,,,,,,,,,,,
SITE,TEST,,,,296,,,,,,first,,,,,,27,36,,,,,,,,,,,,,,,,,
SITE,TEST,,,,297,,,,,,second,,,,,,27,44,,,,,,,,,,,,,,,,,
SITE,TEST,,,,298,,,,,,first,,,,,,27,45,,,,,,,,,,,,,,,,,
SITE,TEST,,,,299,,,,,,second,,,,,,27,53,,,,,,,,,,,,,,,,,
SITE,TEST,,,,300,,,,,,first,,,,,,27,54,,,,,,,,,,,,,,,,,
SITE,TEST,,,,301,,,,,,second,,,,,,27,62,,,,,,,,,,,,,,,,,
SITE,TEST,,,,302,,,,,,first,,,,,,27,63,,,,,,,,,,,,,,,,,
SITE,TEST,,,,303,,,,,,second,,,,,,34,-46,,,,,,,,,,,,,,,,,
SITE,TEST,,,,304,,,,,,first,,,,,,34,-45,,,,,,,,,,,,,,,,,
SITE,TEST,,,,305,,,,,,second,,,,,,34,-37,,,,,,,,,,,,,,,,,
SITE,TEST,,,,306,,,,,,first,,,,,,34,-36,,,,,,,,,,,,,,,,,
SITE,TEST,,,,307,,,,,,second,,,,,,34,-28,,,,,,,,,,,,,,,,,
SITE,TEST,,,,308,,,,,,first,,,,,,34,-27,,,,,,,,,,,,,,,,,
SITE,TEST,,,,309,,,,,,second,,,,,,34,-19,,,,,,,,,,,,,,,,,
SITE,TEST,,,,310,,,,,,first,,,,,,34,-18,,,,,,,,,,,,,,,,,
SITE,TEST,,,,311,,,,,,second,,,,,,34,-10,,,,,,,,,,,,,,,,,
SITE,TEST,,,,312,,,,,,first,,,,,,34,-9,,,,,,,,,,,,,,,,,
SITE,TEST,,,,313,,,,,,second,,,,,,34,-1,,,,,,,,,,,,,,,,,
SITE,TEST,,,,314,,,,,,first,,,,,,34,0,,,,,,,,,,,,,,,,,
SITE,TEST,,,,315,,,,,,second,,,,,,34,8,,,,,,,,,,,,,,,,,
SITE,TEST,,,,316,,,,,,first,,,,,,34,9,,,,,,,,,,,,,,,,,
SITE,TEST,,,,317,,,,,,second,,,,,,34,17,,,,,,,,,,,,,,,,,
SITE,TEST,,,,318,,,,,,first,,,,,,34,18,,,,,,,,,,,,,,,,,
SITE,TEST,,,,319,,,,,,second,,,,,,34,26,,,,,,,,,,,,,,,,,
SITE,TEST,,,,320,,,,,,first,,,,,,34,27,,,,,,,,,,,,,,,,,
SITE,TEST,,,,321,,,,,,second,,,,,,34,35,,,,,,,,,,,,,,,,,
SITE,TEST,,,,322,,,,,,first,,,,,,34,36,,,,,,,,,,,,,,,,,
SITE,TEST,,,,323,,,,,,second,,,,,,34,44,,,,,,,,,,,,,,,,,
SITE,TEST,,,,324,,,,,,first,,,,,,34,45,,,,,,,,,,,,,,,,,
SITE,TEST,,,,325,,,,,,second,,,,,,34,53,,,,,,,,,,,,,,,,,
SITE,TEST,,,,326,,,,,,first,,,,,,34,54,,,,,,,,,,,,,,,,,
SITE,TEST,,,,327,,,,,,second,,,,,,34,62,,,,,,,,,,,,,,,,,
SITE,TEST,,,,328,,,,,,first,,,,,,34,63,,,,,,,,,,,,,,,,,
SITE,TEST,,,,329,,,,,,second,,,,,,41,-37,,,,,,,,,,,,,,,,,
SITE,TEST,,,,330,,,,,,first,,,,,,41,-36,,,,,,,,,,,,,,,,,
SITE,TEST,,,,331,,,,,,second,,,,,,41,-28,,,,,,,,,,,,,,,,,
SITE,TEST,,,,332,,,,,,first,,,,,,41,-27,,,,,,,,,,,,,,,,,
SITE,TEST,,,,333,,,,,,second,,,,,,41,-19,,,,,,,,,,,,,,,,,
SITE,TEST,,,,334,,,,,,first,,,,,,41,-18,,,,,,,,,,,,,,,,,
SITE,TEST,,,,335,,,,,,second,,,,,,41,-10,,,,,,,,,,,,,,,,,
SITE,TEST,,,,336,,,,,,first,,,,,,41,-9,,,,,,,,,,,,,,,,,
SITE,TEST,,,,337,,,,,,second,,,,,,41,-1,,,,,,,,,,,,,,,,,
SITE,TEST,,,,338,,,,,,first,,,,,,41,0,,,,,,,,,,,,,,,,,
SITE,TEST,,,,339,,,,,,second,,,,,,41,8,,,,,,,,,,,,,,,,,
SITE,TEST,,,,340,,,,,,first,,,,,,41,9,,,,,,,,,,,,,,,,,
SITE,TEST,,,,341,,,,,,second,,,,,,41,17,,,,,,,,,,,,,,,,,
SITE,TEST,,,,342,,,,,,first,,,,,,41,18,,,,,,,,,,,,,,,,,
SITE,TEST,,,,343,,,,,,second,,,,,,41,26,,,,,,,,,,,,,,,,,
SITE,TEST,,,,344,,,,,,first,,,,,,41,27,,,,,,,,,,,,,,,,,
SITE,TEST,,,,345,,,,,,second,,,,,,41,35,,,,,,,,,,,,,,,,,
SITE,TEST,,,,346,,,,,,first,,,,,,41,36,,,,,,,,,,,,,,,,,
SITE,TEST,,,,347,,,,,,second,,,,,,41,44,,,,,,,,,,,,,,,,,
SITE,TEST,,,,348,,,,,,first,,,,,,41,45,,,,,,,,,,,,,,,,,
SITE,TEST,,,,349,,,,,,second,,,,,,41,53,,,,,,,,,,,,,,,,,
SITE,TEST,,,,350,,,,,,first,,,,,,41,54,,,,,,,,,,,,,,,,,
SITE,TEST,,,,351,,,,,,second,,,,,,48,-37,,,,,,,,,,,,,,,,,
SITE,TEST,,,,352,,,,,,first,,,,,,48,-36,,,,,,,,,,,,,,,,,
SITE,TEST,,,,353,,,,,,second,,,,,,48,-28,,,,,,,,,,,,,,,,,
SITE,TEST,,,,354,,,,,,first,,,,,,48,-27,,,,,,,,,,,,,,,,,
SITE,TEST,,,,355,,,,,,second,,,,,,48,-19,,,,,,,,,,,,,,,,,
SITE,TEST,,,,356,,,,,,first,,,,,,48,-18,,,,,,,,,,,,,,,,,
SITE,TEST,,,,357,,,,,,second,,,,,,48,-10,,,,,,,,,,,,,,,,,
SITE,TEST,,,,358,,,,,,first,,,,,,48,-9,,,,,,,,,,,,,,,,,
SITE,TEST,,,,359,,,,,,second,,,,,,48,-1,,,,,,,,,,,,,,,,,
SITE,TEST,,,,360,,,,,,first,,,,,,48,0,,,,,,,,,,,,,,,,,
SITE,TEST,,,,361,,,,,,second,,,,,,48,8,,,,,,,,,,,,,,,,,
SITE,TEST,,,,362,,,,,,first,,,,,,48,9,,,,,,,,,,,,,,,,,
SITE,TEST,,,,363,,,,,,second,,,,,,48,17,,,,,,,,,,,,,,,,,
SITE,TEST,,,,364,,,,,,first,,,,,,48,18,,,,,,,,,,,,,,,,,
SITE,TEST,,,,365,,,,,,second,,,,,,48,26,,,,,,,,,,,,,,,,,
SITE,TEST,,,,366,,,,,,first,,,,,,48,27,,,,,,,,,,,,,,,,,
SITE,TEST,,,,367,,,,,,second,,,,,,48,35,,,,,,,,,,,,,,,,,
SITE,TEST,,,,368,,,,,,first,,,,,,48,36,,,,,,,,,,,,,,,,,
SITE,TEST,,,,369,,,,,,second,,,,,,48,44,,,,,,,,,,,,,,,,,
SITE,TEST,,,,370,,,,,,first,,,,,,48,45,,,,,,,,,,,,,,,,,
SITE,TEST,,,,371,,,,,,second,,,,,,48,53,,,,,,,,,,,,,,,,,
SITE,TEST,,,,372,,,,,,first,,,,,,48,54,,,,,,,,,,,,,,,,,
SITE,TEST,,,,373,,,,,,second,,,,,,55,-28,,,,,,,,,,,,,,,,,
SITE,TEST,,,,374,,,,,,first,,,,,,55,-27,,,,,,,,,,,,,,,,,
SITE,TEST,,,,375,,,,,,second,,,,,,55,-19,,,,,,,,,,,,,,,,,
SITE,TEST,,,,376,,,,,,first,,,,,,55,-18,,,,,,,,,,,,,,,,,
SITE,TEST,,,,377,,,,,,second,,,,,,55,-10,,,,,,,,,,,,,,,,,
SITE,TEST,,,,378,,,,,,first,,,,,,55,-9,,,,,,,,,,,,,,,,,
SITE,TEST,,,,379,,,,,,second,,,,,,55,-1,,,,,,,,,,,,,,,,,
SITE,TEST,,,,380,,,,,,first,,,,,,55,0,,,,,,,,,,,,,,,,,
SITE,TEST,,,,381,,,,,,second,,,,,,55,8,,,,,,,,,,,,,,,,,
SITE,TEST,,,,382,,,,,,first,,,,,,55,9,,,,,,,,,,,,,,,,,
SITE,TEST,,,,383,,,,,,second,,,,,,55,17,,,,,,,,,,,,,,,,,
SITE,TEST,,,,384,,,,,,first,,,,,,55,18,,,,,,,,,,,,,,,,,
SITE,TEST,,,,385,,,,,,second,,,,,,55,26,,,,,,,,,,,,,,,,,
SITE,TEST,,,,386,,,,,,first,,,,,,55,27,,,,,,,,,,,,,,,,,
SITE,TEST,,,,387,,,,,,second,,,,,,55,35,,,,,,,,,,,,,,,,,
SITE,TEST,,,,388,,,,,,first,,,,,,55,36,,,,,,,,,,,,,,,,,
SITE,TEST,,,,389,,,,,,second,,,,,,55,44,,,,,,,,,,,,,,,,,
SITE,TEST,,,,390,,,,,,first,,,,,,55,45,,,,,,,,,,,,,,,,,
SITE,TEST,,,,391,,,,,,second,,,,,,62,-19,,,,,,,,,,,,,,,,,
SITE,TEST,,,,392,,,,,,first,,,,,,62,-18,,,,,,,,,,,,,,,,,
SITE,TEST,,,,393,,,,,,second,,,,,,62,-10,,,,,,,,,,,,,,,,,
SITE,TEST,,,,394,,,,,,first,,,,,,62,-9,,,,,,,,,,,,,,,,,
SITE,TEST,,,,395,,,,,,second,,,,,,62,-1,,,,,,,,,,,,,,,,,
SITE,TEST,,,,396,,,,,,first,,,,,,62,0,,,,,,,,,,,,,,,,,
SITE,TEST,,,,397,,,,,,second,,,,,,62,8,,,,,,,,,,,,,,,,,
SITE,TEST,,,,398,,,,,,first,,,,,,62,9,,,,,,,,,,,,,,,,,
SITE,TEST,,,,399,,,,,,second,,,,,,62,17,,,,,,,,,,,,,,,,,
SITE,TEST,,,,400,,,,,,first,,,,,,62,18,,,,,,,,,,,,,,,,,
SITE,TEST,,,,401,,,,,,second,,,,,,62,26,,,,,,,,,,,,,,,,,
SITE,TEST,,,,402,,,,,,first,,,,,,62,27,,,,,,,,,,,,,,,,,
SITE,TEST,,,,403,,,,,,second,,,,,,62,35,,,,,,,,,,,,,,,,,
SITE,TEST,,,,404,,,,,,first,,,,,,62,36,,,,,,,,,,,,,,,,,
SITE,TEST,,,,405,,,,,,second,,,,,,69,-1,,,,,,,,,,,,,,,,,
SITE,TEST,,,,406,,,,,,first,,,,,,69,0,,,,,,,,,,,,,,,,,
SITE,TEST,,,,407,,,,,,second,,,,,,69,8,,,,,,,,,,,,,,,,,
SITE,TEST,,,,408,,,,,,first,,,,,,69,9,,,,,,,,,,,,,,,,,
SITE,TEST,,,,409,,,,,,second,,,,,,69,17,,,,,,,,,,,,,,,,,
SITE,TEST,,,,410,,,,,,first,,,,,,69,18,,,,,,,,,,,,,,,,,
RECIPE,CENFIRE-INLINE,,,,,probe08old,1,,,,,,,,,,,,,,,,,,,,,,,,,,,,
STEP,CENFIRE-INLINE,,,,1,,,,,,settle,delay,,,,,,,200,,,,,,,,,,,,,,,,switch
STEP,CENFIRE-INLINE,,,,2,,,,,,force1,current,apply,SMU,B,,11:J21,23:J45,0.01,7,,,"2C11,4D11",,,,,,,,,,,1,switch
STEP,CENFIRE-INLINE,,,,3,,,,,,delay,delay,,,,,,,200,,,,,,,,,,,,,,,,switch
STEP,CENFIRE-INLINE,,,,4,,,,,,sense1,voltage,measure,DMM,,force1,12:J23,1:J1,,,,,"2E12,2F01",,,1,0,1,,,0,,,1,switch
STEP,CENFIRE-INLINE,,,,5,,,,,,delay,delay,,,,,,,200,,,,,,,,,,,,,,,,switch
STEP,CENFIRE-INLINE,,,,6,,,,,,check1,passfail,,,,sense1,,,,,,,,0.000,5,,,,,,,,,1,switch
STEP,CENFIRE-INLINE,,,,7,,,,,,delay,delay,,,,,,,200,,,,,,,,,,,,,,,,switch
STEP,CENFIRE-INLINE,,,,8,,,,,,open,open,,,,all,,,,,,,all,,,,,,,,,,,,switch
STEP,CENFIRE-INLINE,,,,9,,,,,,move on,move,,,,,,,,,,,,,,,,,,,,,,2,switch
STEP,CENFIRE-INLINE,,,,10,,,,,,settle,delay,,,,,,,200,,,,,,,,,,,,,,,,switch
STEP,CENFIRE-INLINE,,,,11,,,,,,force2,current,apply,SMU,B,,11:J21,23:J45,0.01,7,,,"2C11,4D11",,,,,,,,,,,2,switch
STEP,CENFIRE-INLINE,,,,12,,,,,,delay,delay,,,,,,,200,,,,,,,,,,,,,,,,switch
STEP,CENFIRE-INLINE,,,,13,,,,,,sense2,voltage,measure,DMM,,force2,12:J23,1:J1,,,,,"2E12,2F01",,,1,0,1,,,0,,,2,switch
STEP,CENFIRE-INLINE,,,,14,,,,,,delay,delay,,,,,,,200,,,,,,,,,,,,,,,,switch
STEP,CENFIRE-INLINE,,,,15,,,,,,check2,passfail,,,,sense2,,,,,,,,100.000,160.000,,,,,,,,,2,switch
STEP,CENFIRE-INLINE,,,,16,,,,,,open,open,,,,all,,,,,,,all,,,,,,,,,,,,switch
STEP,CENFIRE-INLINE,,,,17,,,,,,delay,delay,,,,,,,200,,,,,,,,,,,,,,,,switch
SITE,CENFIRE-INLINE,,,,1,,,,,,1-7-7-1,,,,,,69,9,,,,,,,,,,,,,,,,,
SITE,CENFIRE-INLINE,,,,2,,,,,,2-7-7-1,,,,,,69,8,,,,,,,,,,,,,,,,,
SITE,CENFIRE-INLINE,,,,3,,,,,,1-7-8-1,,,,,,69,0,,,,,,,,,,,,,,,,,
SITE,CENFIRE-INLINE,,,,4,,,,,,2-7-8-1,,,,,,69,-1,,,,,,,,,,,,,,,,,
SITE,CENFIRE-INLINE,,,,5,,,,,,1-7-9-1,,,,,,69,-9,,,,,,,,,,,,,,,,,
SITE,CENFIRE-INLINE,,,,6,,,,,,2-7-9-1,,,,,,69,-10,,,,,,,,,,,,,,,,,
SITE,CENFIRE-INLINE,,,,7,,,,,,1-7-5-2,,,,,,62,27,,,,,,,,,,,,,,,,,
SITE,CENFIRE-INLINE,,,,8,,,,,,2-7-5-2,,,,,,62,26,,,,,,,,,,,,,,,,,
SITE,CENFIRE-INLINE,,,,9,,,,,,1-7-6-2,,,,,,62,18,,,,,,,,,,,,,,,,,
SITE,CENFIRE-INLINE,,,,10,,,,,,2-7-6-2,,,,,,62,17,,,,,,,,,,,,,,,,,
SITE,CENFIRE-INLINE,,,,11,,,,,,1-7-7-2,,,,,,62,9,,,,,,,,,,,,,,,,,
SITE,CENFIRE-INLINE,,,,12,,,,,,2-7-7-2,,,,,,62,8,,,,,,,,,,,,,,,,,
SITE,CENFIRE-INLINE,,,,13,,,,,,1-7-8-2,,,,,,62,0,,,,,,,,,,,,,,,,,
SITE,CENFIRE-INLINE,,,,14,,,,,,2-7-8-2,,,,,,62,-1,,,,,,,,,,,,,,,,,
SITE,CENFIRE-INLINE,,,,15,,,,,,1-7-9-2,,,,,,62,-9,,,,,,,,,,,,,,,,,
SITE,CENFIRE-INLINE,,,,16,,,,,,2-7-9-2,,,,,,62,-10,,,,,,,,,,,,,,,,,
SITE,CENFIRE-INLINE,,,,17,,,,,,1-7-10-2,,,,,,62,-18,,,,,,,,,,,,,,,,,
SITE,CENFIRE-INLINE,,,,18,,,,,,2-7-10-2,,,,,,62,-19,,,,,,,,,,,,,,,,,
SITE,CENFIRE-INLINE,,,,19,,,,,,1-7-11-2,,,,,,62,-27,,,,,,,,,,,,,,,,,
SITE,CENFIRE-INLINE,,,,20,,,,,,2-7-11-2,,,,,,62,-28,,,,,,,,,,,,,,,,,
SITE,CENFIRE-INLINE,,,,21,,,,,,1-7-4-3,,,,,,55,36,,,,,,,,,,,,,,,,,
SITE,CENFIRE-INLINE,,,,22,,,,,,2-7-4-3,,,,,,55,35,,,,,,,,,,,,,,,,,
SITE,CENFIRE-INLINE,,,,23,,,,,,1-7-5-3,,,,,,55,27,,,,,,,,,,,,,,,,,
SITE,CENFIRE-INLINE,,,,24,,,,,,2-7-5-3,,,,,,55,26,,,,,,,,,,,,,,,,,
SITE,CENFIRE-INLINE,,,,25,,,,,,1-7-6-3,,,,,,55,18,,,,,,,,,,,,,,,,,
SITE,CENFIRE-INLINE,,,,26,,,,,,2-7-6-3,,,,,,55,17,,,,,,,,,,,,,,,,,
SITE,CENFIRE-INLINE,,,,27,,,,,,1-7-7-3,,,,,,55,9,,,,,,,,,,,,,,,,,
SITE,CENFIRE-INLINE,,,,28,,,,,,2-7-7-3,,,,,,55,8,,,,,,,,,,,,,,,,,
SITE,CENFIRE-INLINE,,,,29,,,,,,1-7-8-3,,,,,,55,0,,,,,,,,,,,,,,,,,
SITE,CENFIRE-INLINE,,,,30,,,,,,2-7-8-3,,,,,,55,-1,,,,,,,,,,,,,,,,,
SITE,CENFIRE-INLINE,,,,31,,,,,,1-7-9-3,,,,,,55,-9,,,,,,,,,,,,,,,,,
SITE,CENFIRE-INLINE,,,,32,,,,,,2-7-9-3,,,,,,55,-10,,,,,,,,,,,,,,,,,
SITE,CENFIRE-INLINE,,,,33,,,,,,1-7-10-3,,,,,,55,-18,,,,,,,,,,,,,,,,,
SITE,CENFIRE-INLINE,,,,34,,,,,,2-7-10-3,,,,,,55,-19,,,,,,,,,,,,,,,,,
SITE,CENFIRE-INLINE,,,,35,,,,,,1-7-11-3,,,,,,55,-27,,,,,,,,,,,,,,,,,
SITE,CENFIRE-INLINE,,,,36,,,,,,2-7-11-3,,,,,,55,-28,,,,,,,,,,,,,,,,,
SITE,CENFIRE-INLINE,,,,37,,,,,,1-7-12-3,,,,,,55,-36,,,,,,,,,,,,,,,,,
SITE,CENFIRE-INLINE,,,,38,,,,,,2-7-12-3,,,,,,55,-37,,,,,,,,,,,,,,,,,
SITE,CENFIRE-INLINE,,,,39,,,,,,1-7-3-4,,,,,,48,45,,,,,,,,,,,,,,,,,
SITE,CENFIRE-INLINE,,,,40,,,,,,2-7-3-4,,,,,,48,44,,,,,,,,,,,,,,,,,
SITE,CENFIRE-INLINE,,,,41,,,,,,1-7-4-4,,,,,,48,36,,,,,,,,,,,,,,,,,
SITE,CENFIRE-INLINE,,,,42,,,,,,2-7-4-4,,,,,,48,35,,,,,,,,,,,,,,,,,
SITE,CENFIRE-INLINE,,,,43,,,,,,1-7-5-4,,,,,,48,27,,,,,,,,,,,,,,,,,
SITE,CENFIRE-INLINE,,,,44,,,,,,2-7-5-4,,,,,,48,26,,,,,,,,,,,,,,,,,
SITE,CENFIRE-INLINE,,,,45,,,,,,1-7-6-4,,,,,,48,18,,,,,,,,,,,,,,,,,
SITE,CENFIRE-INLINE,,,,46,,,,,,2-7-6-4,,,,,,48,17,,,,,,,,,,,,,,,,,
SITE,CENFIRE-INLINE,,,,47,,,,,,1-7-7-4,,,,,,48,9,,,,,,,,,,,,,,,,,
SITE,CENFIRE-INLINE,,,,48,,,,,,2-7-7-4,,,,,,48,8,,,,,,,,,,,,,,,,,
SITE,CENFIRE-INLINE,,,,49,,,,,,1-7-8-4,,,,,,48,0,,,,,,,,,,,,,,,,,
SITE,CENFIRE-INLINE,,,,50,,,,,,2-7-8-4,,,,,,48,-1,,,,,,,,,,,,,,,,,
SITE,CENFIRE-INLINE,,,,51,,,,,,1-7-9-4,,,,,,48,-9,,,,,,,,,,,,,,,,,
SITE,CENFIRE-INLINE,,,,52,,,,,,2-7-9-4,,,,,,48,-10,,,,,,,,,,,,,,,,,
SITE,CENFIRE-INLINE,,,,53,,,,,,1-7-10-4,,,,,,48,-18,,,,,,,,,,,,,,,,,
SITE,CENFIRE-INLINE,,,,54,,,,,,2-7-10-4,,,,,,48,-19,,,,,,,,,,,,,,,,,
SITE,CENFIRE-INLINE,,,,55,,,,,,1-7-11-4,,,,,,48,-27,,,,,,,,,,,,,,,,,
SITE,CENFIRE-INLINE,,,,56,,,,,,2-7-11-4,,,,,,48,-28,,,,,,,,,,,,,,,,,
SITE,CENFIRE-INLINE,,,,57,,,,,,1-7-12-4,,,,,,48,-36,,,,,,,,,,,,,,,,,
SITE,CENFIRE-INLINE,,,,58,,,,,,2-7-12-4,,,,,,48,-37,,,,,,,,,,,,,,,,,
SITE,CENFIRE-INLINE,,,,59,,,,,,1-7-13-4,,,,,,48,-45,,,,,,,,,,,,,,,,,
SITE,CENFIRE-INLINE,,,,60,,,,,,2-7-13-4,,,,,,48,-46,,,,,,,,,,,,,,,,,
SITE,CENFIRE-INLINE,,,,61,,,,,,1-7-3-5,,,,,,41,45,,,,,,,,,,,,,,,,,
SITE,CENFIRE-INLINE,,,,62,,,,,,2-7-3-5,,,,,,41,44,,,,,,,,,,,,,,,,,
SITE,CENFIRE-INLINE,,,,63,,,,,,1-7-4-5,,,,,,41,36,,,,,,,,,,,,,,,,,
SITE,CENFIRE-INLINE,,,,64,,,,,,2-7-4-5,,,,,,41,35,,,,,,,,,,,,,,,,,
SITE,CENFIRE-INLINE,,,,65,,,,,,1-7-5-5,,,,,,41,27,,,,,,,,,,,,,,,,,
SITE,CENFIRE-INLINE,,,,66,,,,,,2-7-5-5,,,,,,41,26,,,,,,,,,,,,,,,,,
SITE,CENFIRE-INLINE,,,,67,,,,,,1-7-6-5,,,,,,41,18,,,,,,,,,,,,,,,,,
SITE,CENFIRE-INLINE,,,,68,,,,,,2-7-6-5,,,,,,41,17,,,,,,,,,,,,,,,,,
SITE,CENFIRE-INLINE,,,,69,,,,,,1-7-7-5,,,,,,41,9,,,,,,,,,,,,,,,,,
SITE,CENFIRE-INLINE,,,,70,,,,,,2-7-7-5,,,,,,41,8,,,,,,,,,,,,,,,,,
SITE,CENFIRE-INLINE,,,,71,,,,,,1-7-8-5,,,,,,41,0,,,,,,,,,,,,,,,,,
SITE,CENFIRE-INLINE,,,,72,,,,,,2-7-8-5,,,,,,41,-1,,,,,,,,,,,,,,,,,
SITE,CENFIRE-INLINE,,,,73,,,,,,1-7-9-5,,,,,,41,-9,,,,,,,,,,,,,,,,,
SITE,CENFIRE-INLINE,,,,74,,,,,,2-7-9-5,,,,,,41,-10,,,,,,,,,,,,,,,,,
SITE,CENFIRE-INLINE,,,,75,,,,,,1-7-10-5,,,,,,41,-18,,,,,,,,,,,,,,,,,
SITE,CENFIRE-INLINE,,,,76,,,,,,2-7-10-5,,,,,,41,-19,,,,,,,,,,,,,,,,,
SITE,CENFIRE-INLINE,,,,77,,,,,,1-7-11-5,,,,,,41,-27,,,,,,,,,,,,,,,,,
SITE,CENFIRE-INLINE,,,,78,,,,,,2-7-11-5,,,,,,41,-28,,,,,,,,,,,,,,,,,
SITE,CENFIRE-INLINE,,,,79,,,,,,1-7-12-5,,,,,,41,-36,,,,,,,,,,,,,,,,,
SITE,CENFIRE-INLINE,,,,80,,,,,,2-7-12-5,,,,,,41,-37,,,,,,,,,,,,,,,,,
SITE,CENFIRE-INLINE,,,,81,,,,,,1-7-13-5,,,,,,41,-45,,,,,,,,,,,,,,,,,
SITE,CENFIRE-INLINE,,,,82,,,,,,2-7-13-5,,,,,,41,-46,,,,,,,,,,,,,,,,,
SITE,CENFIRE-INLINE,,,,83,,,,,,1-7-2-6,,,,,,34,54,,,,,,,,,,,,,,,,,
SITE,CENFIRE-INLINE,,,,84,,,,,,2-7-2-6,,,,,,34,53,,,,,,,,,,,,,,,,,
SITE,CENFIRE-INLINE,,,,85,,,,,,1-7-3-6,,,,,,34,45,,,,,,,,,,,,,,,,,
SITE,CENFIRE-INLINE,,,,86,,,,,,2-7-3-6,,,,,,34,44,,,,,,,,,,,,,,,,,
SITE,CENFIRE-INLINE,,,,87,,,,,,1-7-4-6,,,,,,34,36,,,,,,,,,,,,,,,,,
SITE,CENFIRE-INLINE,,,,88,,,,,,2-7-4-6,,,,,,34,35,,,,,,,,,,,,,,,,,
SITE,CENFIRE-INLINE,,,,89,,,,,,1-7-5-6,,,,,,34,27,,,,,,,,,,,,,,,,,
SITE,CENFIRE-INLINE,,,,90,,,,,,2-7-5-6,,,,,,34,26,,,,,,,,,,,,,,,,,
SITE,CENFIRE-INLINE,,,,91,,,,,,1-7-6-6,,,,,,34,18,,,,,,,,,,,,,,,,,
SITE,CENFIRE-INLINE,,,,92,,,,,,2-7-6-6,,,,,,34,17,,,,,,,,,,,,,,,,,
SITE,CENFIRE-INLINE,,,,93,,,,,,1-7-7-6,,,,,,34,9,,,,,,,,,,,,,,,,,
SITE,CENFIRE-INLINE,,,,94,,,,,,2-7-7-6,,,,,,34,8,,,,,,,,,,,,,,,,,
SITE,CENFIRE-INLINE,,,,95,,,,,,1-7-8-6,,,,,,34,0,,,,,,,,,,,,,,,,,
SITE,CENFIRE-INLINE,,,,96,,,,,,2-7-8-6,,,,,,34,-1,,,,,,,,,,,,,,,,,
SITE,CENFIRE-INLINE,,,,97,,,,,,1-7-9-6,,,,,,34,-9,,,,,,,,,,,,,,,,,
SITE,CENFIRE-INLINE,,,,98,,,,,,2-7-9-6,,,,,,34,-10,,,,,,,,,,,,,,,,,
SITE,CENFIRE-INLINE,,,,99,,,,,,1-7-10-6,,,,,,34,-18,,,,,,,,,,,,,,,,,
SITE,CENFIRE-INLINE,,,,100,,,,,,2-7-10-6,,,,,,34,-19,,,,,,,,,,,,,,,,,
SITE,CENFIRE-INLINE,,,,101,,,,,,1-7-11-6,,,,,,34,-27,,,,,,,,,,,,,,,,,
SITE,CENFIRE-INLINE,,,,102,,,,,,2-7-11-6,,,,,,34,-28,,,,,,,,,,,,,,,,,
SITE,CENFIRE-INLINE,,,,103,,,,,,1-7-12-6,,,,,,34,-36,,,,,,,,,,,,,,,,,
SITE,CENFIRE-INLINE,,,,104,,,,,,2-7-12-6,,,,,,34,-37,,,,,,,,,,,,,,,,,
SITE,CENFIRE-INLINE,,,,105,,,,,,1-7-13-6,,,,,,34,-45,,,,,,,,,,,,,,,,,
SITE,CENFIRE-INLINE,,,,106,,,,,,2-7-13-6,,,,,,34,-46,,,,,,,,,,,,,,,,,
SITE,CENFIRE-INLINE,,,,107,,,,,,1-7-14-6,,,,,,34,-54,,,,,,,,,,,,,,,,,
SITE,CENFIRE-INLINE,,,,108,,,,,,2-7-14-6,,,,,,34,-55,,,,,,,,,,,,,,,,,
SITE,CENFIRE-INLINE,,,,109,,,,,,1-7-2-7,,,,,,27,54,,,,,,,,,,,,,,,,,
SITE,CENFIRE-INLINE,,,,110,,,,,,2-7-2-7,,,,,,27,53,,,,,,,,,,,,,,,,,
SITE,CENFIRE-INLINE,,,,111,,,,,,1-7-3-7,,,,,,27,45,,,,,,,,,,,,,,,,,
SITE,CENFIRE-INLINE,,,,112,,,,,,2-7-3-7,,,,,,27,44,,,,,,,,,,,,,,,,,
SITE,CENFIRE-INLINE,,,,113,,,,,,1-7-4-7,,,,,,27,36,,,,,,,,,,,,,,,,,
SITE,CENFIRE-INLINE,,,,114,,,,,,2-7-4-7,,,,,,27,35,,,,,,,,,,,,,,,,,
SITE,CENFIRE-INLINE,,,,115,,,,,,1-7-5-7,,,,,,27,27,,,,,,,,,,,,,,,,,
SITE,CENFIRE-INLINE,,,,116,,,,,,2-7-5-7,,,,,,27,26,,,,,,,,,,,,,,,,,
SITE,CENFIRE-INLINE,,,,117,,,,,,1-7-6-7,,,,,,27,18,,,,,,,,,,,,,,,,,
SITE,CENFIRE-INLINE,,,,118,,,,,,2-7-6-7,,,,,,27,17,,,,,,,,,,,,,,,,,
SITE,CENFIRE-INLINE,,,,119,,,,,,1-7-7-7,,,,,,27,9,,,,,,,,,,,,,,,,,
SITE,CENFIRE-INLINE,,,,120,,,,,,2-7-7-7,,,,,,27,8,,,,,,,,,,,,,,,,,
SITE,CENFIRE-INLINE,,,,121,,,,,,1-7-8-7,,,,,,27,0,,,,,,,,,,,,,,,,,
SITE,CENFIRE-INLINE,,,,122,,,,,,2-7-8-7,,,,,,27,-1,,,,,,,,,,,,,,,,,
SITE,CENFIRE-INLINE,,,,123,,,,,,1-7-9-7,,,,,,27,-9,,,,,,,,,,,,,,,,,
SITE,CENFIRE-INLINE,,,,124,,,,,,2-7-9-7,,,,,,27,-10,,,,,,,,,,,,,,,,,
SITE,CENFIRE-INLINE,,,,125,,,,,,1-7-10-7,,,,,,27,-18,,,,,,,,,,,,,,,,,
SITE,CENFIRE-INLINE,,,,126,,,,,,2-7-10-7,,,,,,27,-19,,,,,,,,,,,,,,,,,
SITE,CENFIRE-INLINE,,,,127,,,,,,1-7-11-7,,,,,,27,-27,,,,,,,,,,,,,,,,,
SITE,CENFIRE-INLINE,,,,128,,,,,,2-7-11-7,,,,,,27,-28,,,,,,,,,,,,,,,,,
SITE,CENFIRE-INLINE,,,,129,,,,,,1-7-12-7,,,,,,27,-36,,,,,,,,,,,,,,,,,
SITE,CENFIRE-INLINE,,,,130,,,,,,2-7-12-7,,,,,,27,-37,,,,,,,,,,,,,,,,,
SITE,CENFIRE-INLINE,,,,131,,,,,,1-7-13-7,,,,,,27,-45,,,,,,,,,,,,,,,,,
SITE,CENFIRE-INLINE,,,,132,,,,,,2-7-13-7,,,,,,27,-46,,,,,,,,,,,,,,,,,
SITE,CENFIRE-INLINE,,,,133,,,,,,1-7-14-7,,,,,,27,-54,,,,,,,,,,,,,,,,,
SITE,CENFIRE-INLINE,,,,134,,,,,,2-7-14-7,,,,,,27,-55,,,,,,,,,,,,,,,,,
SITE,CENFIRE-INLINE,,,,135,,,,,,1-7-2-8,,,,,,20,54,,,,,,,,,,,,,,,,,
SITE,CENFIRE-INLINE,,,,136,,,,,,2-7-2-8,,,,,,20,53,,,,,,,,,,,,,,,,,
SITE,CENFIRE-INLINE,,,,137,,,,,,1-7-3-8,,,,,,20,45,,,,,,,,,,,,,,,,,
SITE,CENFIRE-INLINE,,,,138,,,,,,2-7-3-8,,,,,,20,44,,,,,,,,,,,,,,,,,
SITE,CENFIRE-INLINE,,,,139,,,,,,1-7-4-8,,,,,,20,36,,,,,,,,,,,,,,,,,
SITE,CENFIRE-INLINE,,,,140,,,,,,2-7-4-8,,,,,,20,35,,,,,,,,,,,,,,,,,
SITE,CENFIRE-INLINE,,,,141,,,,,,1-7-5-8,,,,,,20,27,,,,,,,,,,,,,,,,,
SITE,CENFIRE-INLINE,,,,142,,,,,,2-7-5-8,,,,,,20,26,,,,,,,,,,,,,,,,,
SITE,CENFIRE-INLINE,,,,143,,,,,,1-7-6-8,,,,,,20,18,,,,,,,,,,,,,,,,,
SITE,CENFIRE-INLINE,,,,144,,,,,,2-7-6-8,,,,,,20,17,,,,,,,,,,,,,,,,,
SITE,CENFIRE-INLINE,,,,145,,,,,,1-7-7-8,,,,,,20,9,,,,,,,,,,,,,,,,,
SITE,CENFIRE-INLINE,,,,146,,,,,,2-7-7-8,,,,,,20,8,,,,,,,,,,,,,,,,,
SITE,CENFIRE-INLINE,,,,147,,,,,,1-7-8-8,,,,,,20,0,,,,,,,,,,,,,,,,,
SITE,CENFIRE-INLINE,,,,148,,,,,,2-7-8-8,,,,,,20,-1,,,,,,,,,,,,,,,,,
SITE,CENFIRE-INLINE,,,,149,,,,,,1-7-9-8,,,,,,20,-9,,,,,,,,,,,,,,,,,
SITE,CENFIRE-INLINE,,,,150,,,,,,2-7-9-8,,,,,,20,-10,,,,,,,,,,,,,,,,,
SITE,CENFIRE-INLINE,,,,151,,,,,,1-7-10-8,,,,,,20,-18,,,,,,,,,,,,,,,,,
SITE,CENFIRE-INLINE,,,,152,,,,,,2-7-10-8,,,,,,20,-19,,,,,,,,,,,,,,,,,
SITE,CENFIRE-INLINE,,,,153,,,,,,1-7-11-8,,,,,,20,-27,,,,,,,,,,,,,,,,,
SITE,CENFIRE-INLINE,,,,154,,,,,,2-7-11-8,,,,,,20,-28,,,,,,,,,,,,,,,,,
SITE,CENFIRE-INLINE,,,,155,,,,,,1-7-12-8,,,,,,20,-36,,,,,,,,,,,,,,,,,
SITE,CENFIRE-INLINE,,,,156,,,,,,2-7-12-8,,,,,,20,-37,,,,,,,,,,,,,,,,,
SITE,CENFIRE-INLINE,,,,157,,,,,,1-7-13-8,,,,,,20,-45,,,,,,,,,,,,,,,,,
SITE,CENFIRE-INLINE,,,,158,,,,,,2-7-13-8,,,,,,20,-46,,,,,,,,,,,,,,,,,
SITE,CENFIRE-INLINE,,,,159,,,,,,1-7-14-8,,,,,,20,-54,,,,,,,,,,,,,,,,,
SITE,CENFIRE-INLINE,,,,160,,,,,,2-7-14-8,,,,,,20,-55,,,,,,,,,,,,,,,,,
SITE,CENFIRE-INLINE,,,,161,,,,,,1-7-1-9,,,,,,13,63,,,,,,,,,,,,,,,,,
SITE,CENFIRE-INLINE,,,,162,,,,,,2-7-1-9,,,,,,13,62,,,,,,,,,,,,,,,,,
SITE,CENFIRE-INLINE,,,,163,,,,,,1-7-2-9,,,,,,13,54,,,,,,,,,,,,,,,,,
SITE,CENFIRE-INLINE,,,,164,,,,,,2-7-2-9,,,,,,13,53,,,,,,,,,,,,,,,,,
SITE,CENFIRE-INLINE,,,,165,,,,,,1-7-3-9,,,,,,13,45,,,,,,,,,,,,,,,,,
SITE,CENFIRE-INLINE,,,,166,,,,,,2-7-3-9,,,,,,13,44,,,,,,,,,,,,,,,,,
SITE,CENFIRE-INLINE,,,,167,,,,,,1-7-4-9,,,,,,13,36,,,,,,,,,,,,,,,,,
SITE,CENFIRE-INLINE,,,,168,,,,,,2-7-4-9,,,,,,13,35,,,,,,,,,,,,,,,,,
SITE,CENFIRE-INLINE,,,,169,,,,,,1-7-5-9,,,,,,13,27,,,,,,,,,,,,,,,,,
SITE,CENFIRE-INLINE,,,,170,,,,,,2-7-5-9,,,,,,13,26,,,,,,,,,,,,,,,,,
SITE,CENFIRE-INLINE,,,,171,,,,,,1-7-6-9,,,,,,13,18,,,,,,,,,,,,,,,,,
SITE,CENFIRE-INLINE,,,,172,,,,,,2-7-6-9,,,,,,13,17,,,,,,,,,,,,,,,,,
SITE,CENFIRE-INLINE,,,,173,,,,,,1-7-7-9,,,,,,13,9,,,,,,,,,,,,,,,,,
SITE,CENFIRE-INLINE,,,,174,,,,,,2-7-7-9,,,,,,13,8,,,,,,,,,,,,,,,,,
SITE,CENFIRE-INLINE,,,,175,,,,,,1-7-8-9,,,,,,13,0,,,,,,,,,,,,,,,,,
SITE,CENFIRE-INLINE,,,,176,,,,,,2-7-8-9,,,,,,13,-1,,,,,,,,,,,,,,,,,
SITE,CENFIRE-INLINE,,,,177,,,,,,1-7-9-9,,,,,,13,-9,,,,,,,,,,,,,,,,,
SITE,CENFIRE-INLINE,,,,178,,,,,,2-7-9-9,,,,,,13,-10,,,,,,,,,,,,,,,,,
SITE,CENFIRE-INLINE,,,,179,,,,,,1-7-10-9,,,,,,13,-18,,,,,,,,,,,,,,,,,
SITE,CENFIRE-INLINE,,,,180,,,,,,2-7-10-9,,,,,,13,-19,,,,,,,,,,,,,,,,,
SITE,CENFIRE-INLINE,,,,181,,,,,,1-7-11-9,,,,,,13,-27,,,,,,,,,,,,,,,,,
SITE,CENFIRE-INLINE,,,,182,,,,,,2-7-11-9,,,,,,13,-28,,,,,,,,,,,,,,,,,
SITE,CENFIRE-INLINE,,,,183,,,,,,1-7-12-9,,,,,,13,-36,,,,,,,,,,,,,,,,,
SITE,CENFIRE-INLINE,,,,184,,,,,,2-7-12-9,,,,,,13,-37,,,,,,,,,,,,,,,,,
SITE,CENFIRE-INLINE,,,,185,,,,,,1-7-13-9,,,,,,13,-45,,,,,,,,,,,,,,,,,
SITE,CENFIRE-INLINE,,,,186,,,,,,2-7-13-9,,,,,,13,-46,,,,,,,,,,,,,,,,,
SITE,CENFIRE-INLINE,,,,187,,,,,,1-7-14-9,,,,,,13,-54,,,,,,,,,,,,,,,,,
SITE,CENFIRE-INLINE,,,,188,,,,,,2-7-14-9,,,,,,13,-55,,,,,,,,,,,,,,,,,
SITE,CENFIRE-INLINE,,,,189,,,,,,1-7-1-10,,,,,,6,63,,,,,,,,,,,,,,,,,
SITE,CENFIRE-INLINE,,,,190,,,,,,2-7-1-10,,,,,,6,62,,,,,,,,,,,,,,,,,
SITE,CENFIRE-INLINE,,,,191,,,,,,1-7-2-10,,,,,,6,54,,,,,,,,,,,,,,,,,
SITE,CENFIRE-INLINE,,,,192,,,,,,2-7-2-10,,,,,,6,53,,,,,,,,,,,,,,,,,
SITE,CENFIRE-INLINE,,,,193,,,,,,1-7-3-10,,,,,,6,45,,,,,,,,,,,,,,,,,
SITE,CENFIRE-INLINE,,,,194,,,,,,2-7-3-10,,,,,,6,44,,,,,,,,,,,,,,,,,
SITE,CENFIRE-INLINE,,,,195,,,,,,1-7-4-10,,,,,,6,36,,,,,,,,,,,,,,,,,
SITE,CENFIRE-INLINE,,,,196,,,,,,2-7-4-10,,,,,,6,35,,,,,,,,,,,,,,,,,
SITE,CENFIRE-INLINE,,,,197,,,,,,1-7-5-10,,,,,,6,27,,,,,,,,,,,,,,,,,
SITE,CENFIRE-INLINE,,,,198,,,,,,2-7-5-10,,,,,,6,26,,,,,,,,,,,,,,,,,
SITE,CENFIRE-INLINE,,,,199,,,,,,1-7-6-10,,,,,,6,18,,,,,,,,,,,,,,,,,
SITE,CENFIRE-INLINE,,,,200,,,,,,2-7-6-10,,,,,,6,17,,,,,,,,,,,,,,,,,
SITE,CENFIRE-INLINE,,,,201,,,,,,1-7-7-10,,,,,,6,9,,,,,,,,,,,,,,,,,
SITE,CENFIRE-INLINE,,,,202,,,,,,2-7-7-10,,,,,,6,8,,,,,,,,,,,,,,,,,
SITE,CENFIRE-INLINE,,,,203,,,,,,1-7-8-10,,,,,,6,0,,,,,,,,,,,,,,,,,
SITE,CENFIRE-INLINE,,,,204,,,,,,2-7-8-10,,,,,,6,-1,,,,,,,,,,,,,,,,,
SITE,CENFIRE-INLINE,,,,205,,,,,,1-7-9-10,,,,,,6,-9,,,,,,,,,,,,,,,,,
SITE,CENFIRE-INLINE,,,,206,,,,,,2-7-9-10,,,,,,6,-10,,,,,,,,,,,,,,,,,
SITE,CENFIRE-INLINE,,,,207,,,,,,1-7-10-10,,,,,,6,-18,,,,,,,,,,,,,,,,,
SITE,CENFIRE-INLINE,,,,208,,,,,,2-7-10-10,,,,,,6,-19,,,,,,,,,,,,,,,,,
SITE,CENFIRE-INLINE,,,,209,,,,,,1-7-11-10,,,,,,6,-27,,,,,,,,,,,,,,,,,
SITE,CENFIRE-INLINE,,,,210,,,,,,2-7-11-10,,,,,,6,-28,,,,,,,,,,,,,,,,,
SITE,CENFIRE-INLINE,,,,211,,,,,,1-7-12-10,,,,,,6,-36,,,,,,,,,,,,,,,,,
SITE,CENFIRE-INLINE,,,,212,,,,,,2-7-12-10,,,,,,6,-37,,,,,,,,,,,,,,,,,
SITE,CENFIRE-INLINE,,,,213,,,,,,1-7-13-10,,,,,,6,-45,,,,,,,,,,,,,,,,,
SITE,CENFIRE-INLINE,,,,214,,,,,,2-7-13-10,,,,,,6,-46,,,,,,,,,,,,,,,,,
SITE,CENFIRE-INLINE,,,,215,,,,,,1-7-14-10,,,,,,6,-54,,,,,,,,,,,,,,,,,
SITE,CENFIRE-INLINE,,,,216,,,,,,2-7-14-10,,,,,,6,-55,,,,,,,,,,,,,,,,,
SITE,CENFIRE-INLINE,,,,217,,,,,,1-7-15-10,,,,,,6,-63,,,,,,,,,,,,,,,,,
SITE,CENFIRE-INLINE,,,,218,,,,,,1-7-1-11,,,,,,-1,63,,,,,,,,,,,,,,,,,
SITE,CENFIRE-INLINE,,,,219,,,,,,2-7-1-11,,,,,,-1,62,,,,,,,,,,,,,,,,,
SITE,CENFIRE-INLINE,,,,220,,,,,,1-7-2-11,,,,,,-1,54,,,,,,,,,,,,,,,,,
SITE,CENFIRE-INLINE,,,,221,,,,,,2-7-2-11,,,,,,-1,53,,,,,,,,,,,,,,,,,
SITE,CENFIRE-INLINE,,,,222,,,,,,1-7-3-11,,,,,,-1,45,,,,,,,,,,,,,,,,,
SITE,CENFIRE-INLINE,,,,223,,,,,,2-7-3-11,,,,,,-1,44,,,,,,,,,,,,,,,,,
SITE,CENFIRE-INLINE,,,,224,,,,,,1-7-4-11,,,,,,-1,36,,,,,,,,,,,,,,,,,
SITE,CENFIRE-INLINE,,,,225,,,,,,2-7-4-11,,,,,,-1,35,,,,,,,,,,,,,,,,,
SITE,CENFIRE-INLINE,,,,226,,,,,,1-7-5-11,,,,,,-1,27,,,,,,,,,,,,,,,,,
SITE,CENFIRE-INLINE,,,,227,,,,,,2-7-5-11,,,,,,-1,26,,,,,,,,,,,,,,,,,
SITE,CENFIRE-INLINE,,,,228,,,,,,1-7-6-11,,,,,,-1,18,,,,,,,,,,,,,,,,,
SITE,CENFIRE-INLINE,,,,229,,,,,,2-7-6-11,,,,,,-1,17,,,,,,,,,,,,,,,,,
SITE,CENFIRE-INLINE,,,,230,,,,,,1-7-7-11,,,,,,-1,9,,,,,,,,,,,,,,,,,
SITE,CENFIRE-INLINE,,,,231,,,,,,2-7-7-11,,,,,,-1,8,,,,,,,,,,,,,,,,,
SITE,CENFIRE-INLINE,,,,232,,,,,,1-7-8-11,,,,,,-1,0,,,,,,,,,,,,,,,,,
SITE,CENFIRE-INLINE,,,,233,,,,,,2-7-8-11,,,,,,-1,-1,,,,,,,,,,,,,,,,,
SITE,CENFIRE-INLINE,,,,234,,,,,,1-7-9-11,,,,,,-1,-9,,,,,,,,,,,,,,,,,
SITE,CENFIRE-INLINE,,,,235,,,,,,2-7-9-11,,,,,,-1,-10,,,,,,,,,,,,,,,,,
SITE,CENFIRE-INLINE,,,,236,,,,,,1-7-10-11,,,,,,-1,-18,,,,,,,,,,,,,,,,,
SITE,CENFIRE-INLINE,,,,237,,,,,,2-7-10-11,,,,,,-1,-19,,,,,,,,,,,,,,,,,
SITE,CENFIRE-INLINE,,,,238,,,,,,1-7-11-11,,,,,,-1,-27,,,,,,,,,,,,,,,,,
SITE,CENFIRE-INLINE,,,,239,,,,,,2-7-11-11,,,,,,-1,-28,,,,,,,,,,,,,,,,,
SITE,CENFIRE-INLINE,,,,240,,,,,,1-7-12-11,,,,,,-1,-36,,,,,,,,,,,,,,,,,
SITE,CENFIRE-INLINE,,,,241,,,,,,2-7-12-11,,,,,,-1,-37,,,,,,,,,,,,,,,,,
SITE,CENFIRE-INLINE,,,,242,,,,,,1-7-13-11,,,,,,-1,-45,,,,,,,,,,,,,,,,,
SITE,CENFIRE-INLINE,,,,243,,,,,,2-7-13-11,,,,,,-1,-46,,,,,,,,,,,,,,,,,
SITE,CENFIRE-INLINE,,,,244,,,,,,1-7-14-11,,,,,,-1,-54,,,,,,,,,,,,,,,,,
SITE,CENFIRE-INLINE,,,,245,,,,,,2-7-14-11,,,,,,-1,-55,,,,,,,,,,,,,,,,,
SITE,CENFIRE-INLINE,,,,246,,,,,,1-7-15-11,,,,,,-1,-63,,,,,,,,,,,,,,,,,
SITE,CENFIRE-INLINE,,,,247,,,,,,1-7-2-12,,,,,,-8,54,,,,,,,,,,,,,,,,,
SITE,CENFIRE-INLINE,,,,248,,,,,,2-7-2-12,,,,,,-8,53,,,,,,,,,,,,,,,,,
SITE,CENFIRE-INLINE,,,,249,,,,,,1-7-3-12,,,,,,-8,45,,,,,,,,,,,,,,,,,
SITE,CENFIRE-INLINE,,,,250,,,,,,2-7-3-12,,,,,,-8,44,,,,,,,,,,,,,,,,,
SITE,CENFIRE-INLINE,,,,251,,,,,,1-7-4-12,,,,,,-8,36,,,,,,,,,,,,,,,,,
SITE,CENFIRE-INLINE,,,,252,,,,,,2-7-4-12,,,,,,-8,35,,,,,,,,,,,,,,,,,
SITE,CENFIRE-INLINE,,,,253,,,,,,1-7-5-12,,,,,,-8,27,,,,,,,,,,,,,,,,,
SITE,CENFIRE-INLINE,,,,254,,,,,,2-7-5-12,,,,,,-8,26,,,,,,,,,,,,,,,,,
SITE,CENFIRE-INLINE,,,,255,,,,,,1-7-6-12,,,,,,-8,18,,,,,,,,,,,,,,,,,
SITE,CENFIRE-INLINE,,,,256,,,,,,2-7-6-12,,,,,,-8,17,,,,,,,,,,,,,,,,,
SITE,CENFIRE-INLINE,,,,257,,,,,,1-7-7-12,,,,,,-8,9,,,,,,,,,,,,,,,,,
SITE,CENFIRE-INLINE,,,,258,,,,,,2-7-7-12,,,,,,-8,8,,,,,,,,,,,,,,,,,
SITE,CENFIRE-INLINE,,,,259,,,,,,1-7-8-12,,,,,,-8,0,,,,,,,,,,,,,,,,,
SITE,CENFIRE-INLINE,,,,260,,,,,,2-7-8-12,,,,,,-8,-1,,,,,,,,,,,,,,,,,
SITE,CENFIRE-INLINE,,,,261,,,,,,1-7-9-12,,,,,,-8,-9,,,,,,,,,,,,,,,,,
SITE,CENFIRE-INLINE,,,,262,,,,,,2-7-9-12,,,,,,-8,-10,,,,,,,,,,,,,,,,,
SITE,CENFIRE-INLINE,,,,263,,,,,,1-7-10-12,,,,,,-8,-18,,,,,,,,,,,,,,,,,
SITE,CENFIRE-INLINE,,,,264,,,,,,2-7-10-12,,,,,,-8,-19,,,,,,,,,,,,,,,,,
SITE,CENFIRE-INLINE,,,,265,,,,,,1-7-11-12,,,,,,-8,-27,,,,,,,,,,,,,,,,,
SITE,CENFIRE-INLINE,,,,266,,,,,,2-7-11-12,,,,,,-8,-28,,,,,,,,,,,,,,,,,
SITE,CENFIRE-INLINE,,,,267,,,,,,1-7-12-12,,,,,,-8,-36,,,,,,,,,,,,,,,,,
SITE,CENFIRE-INLINE,,,,268,,,,,,2-7-12-12,,,,,,-8,-37,,,,,,,,,,,,,,,,,
SITE,CENFIRE-INLINE,,,,269,,,,,,1-7-13-12,,,,,,-8,-45,,,,,,,,,,,,,,,,,
SITE,CENFIRE-INLINE,,,,270,,,,,,2-7-13-12,,,,,,-8,-46,,,,,,,,,,,,,,,,,
SITE,CENFIRE-INLINE,,,,271,,,,,,1-7-14-12,,,,,,-8,-54,,,,,,,,,,,,,,,,,
SITE,CENFIRE-INLINE,,,,272,,,,,,2-7-14-12,,,,,,-8,-55,,,,,,,,,,,,,,,,,
SITE,CENFIRE-INLINE,,,,273,,,,,,1-7-2-13,,,,,,-15,54,,,,,,,,,,,,,,,,,
SITE,CENFIRE-INLINE,,,,274,,,,,,2-7-2-13,,,,,,-15,53,,,,,,,,,,,,,,,,,
SITE,CENFIRE-INLINE,,,,275,,,,,,1-7-3-13,,,,,,-15,45,,,,,,,,,,,,,,,,,
SITE,CENFIRE-INLINE,,,,276,,,,,,2-7-3-13,,,,,,-15,44,,,,,,,,,,,,,,,,,
SITE,CENFIRE-INLINE,,,,277,,,,,,1-7-4-13,,,,,,-15,36,,,,,,,,,,,,,,,,,
SITE,CENFIRE-INLINE,,,,278,,,,,,2-7-4-13,,,,,,-15,35,,,,,,,,,,,,,,,,,
SITE,CENFIRE-INLINE,,,,279,,,,,,1-7-5-13,,,,,,-15,27,,,,,,,,,,,,,,,,,
SITE,CENFIRE-INLINE,,,,280,,,,,,2-7-5-13,,,,,,-15,26,,,,,,,,,,,,,,,,,
SITE,CENFIRE-INLINE,,,,281,,,,,,1-7-6-13,,,,,,-15,18,,,,,,,,,,,,,,,,,
SITE,CENFIRE-INLINE,,,,282,,,,,,2-7-6-13,,,,,,-15,17,,,,,,,,,,,,,,,,,
SITE,CENFIRE-INLINE,,,,283,,,,,,1-7-7-13,,,,,,-15,9,,,,,,,,,,,,,,,,,
SITE,CENFIRE-INLINE,,,,284,,,,,,2-7-7-13,,,,,,-15,8,,,,,,,,,,,,,,,,,
SITE,CENFIRE-INLINE,,,,285,,,,,,1-7-8-13,,,,,,-15,0,,,,,,,,,,,,,,,,,
SITE,CENFIRE-INLINE,,,,286,,,,,,2-7-8-13,,,,,,-15,-1,,,,,,,,,,,,,,,,,
SITE,CENFIRE-INLINE,,,,287,,,,,,1-7-9-13,,,,,,-15,-9,,,,,,,,,,,,,,,,,
SITE,CENFIRE-INLINE,,,,288,,,,,,2-7-9-13,,,,,,-15,-10,,,,,,,,,,,,,,,,,
SITE,CENFIRE-INLINE,,,,289,,,,,,1-7-10-13,,,,,,-15,-18,,,,,,,,,,,,,,,,,
SITE,CENFIRE-INLINE,,,,290,,,,,,2-7-10-13,,,,,,-15,-19,,,,,,,,,,,,,,,,,
SITE,CENFIRE-INLINE,,,,291,,,,,,1-7-11-13,,,,,,-15,-27,,,,,,,,,,,,,,,,,
SITE,CENFIRE-INLINE,,,,292,,,,,,2-7-11-13,,,,,,-15,-28,,,,,,,,,,,,,,,,,
SITE,CENFIRE-INLINE,,,,293,,,,,,1-7-12-13,,,,,,-15,-36,,,,,,,,,,,,,,,,,
SITE,CENFIRE-INLINE,,,,294,,,,,,2-7-12-13,,,,,,-15,-37,,,,,,,,,,,,,,,,,
SITE,CENFIRE-INLINE,,,,295,,,,,,1-7-13-13,,,,,,-15,-45,,,,,,,,,,,,,,,,,
SITE,CENFIRE-INLINE,,,,296,,,,,,2-7-13-13,,,,,,-15,-46,,,,,,,,,,,,,,,,,
SITE,CENFIRE-INLINE,,,,297,,,,,,1-7-14-13,,,,,,-15,-54,,,,,,,,,,,,,,,,,
SITE,CENFIRE-INLINE,,,,298,,,,,,2-7-14-13,,,,,,-15,-55,,,,,,,,,,,,,,,,,
SITE,CENFIRE-INLINE,,,,299,,,,,,1-7-2-14,,,,,,-22,54,,,,,,,,,,,,,,,,,
SITE,CENFIRE-INLINE,,,,300,,,,,,2-7-2-14,,,,,,-22,53,,,,,,,,,,,,,,,,,
SITE,CENFIRE-INLINE,,,,301,,,,,,1-7-3-14,,,,,,-22,45,,,,,,,,,,,,,,,,,
SITE,CENFIRE-INLINE,,,,302,,,,,,2-7-3-14,,,,,,-22,44,,,,,,,,,,,,,,,,,
SITE,CENFIRE-INLINE,,,,303,,,,,,1-7-4-14,,,,,,-22,36,,,,,,,,,,,,,,,,,
SITE,CENFIRE-INLINE,,,,304,,,,,,2-7-4-14,,,,,,-22,35,,,,,,,,,,,,,,,,,
SITE,CENFIRE-INLINE,,,,305,,,,,,1-7-5-14,,,,,,-22,27,,,,,,,,,,,,,,,,,
SITE,CENFIRE-INLINE,,,,306,,,,,,2-7-5-14,,,,,,-22,26,,,,,,,,,,,,,,,,,
SITE,CENFIRE-INLINE,,,,307,,,,,,1-7-6-14,,,,,,-22,18,,,,,,,,,,,,,,,,,
SITE,CENFIRE-INLINE,,,,308,,,,,,2-7-6-14,,,,,,-22,17,,,,,,,,,,,,,,,,,
SITE,CENFIRE-INLINE,,,,309,,,,,,1-7-7-14,,,,,,-22,9,,,,,,,,,,,,,,,,,
SITE,CENFIRE-INLINE,,,,310,,,,,,2-7-7-14,,,,,,-22,8,,,,,,,,,,,,,,,,,
SITE,CENFIRE-INLINE,,,,311,,,,,,1-7-8-14,,,,,,-22,0,,,,,,,,,,,,,,,,,
SITE,CENFIRE-INLINE,,,,312,,,,,,2-7-8-14,,,,,,-22,-1,,,,,,,,,,,,,,,,,
SITE,CENFIRE-INLINE,,,,313,,,,,,1-7-9-14,,,,,,-22,-9,,,,,,,,,,,,,,,,,
SITE,CENFIRE-INLINE,,,,314,,,,,,2-7-9-14,,,,,,-22,-10,,,,,,,,,,,,,,,,,
SITE,CENFIRE-INLINE,,,,315,,,,,,1-7-10-14,,,,,,-22,-18,,,,,,,,,,,,,,,,,
SITE,CENFIRE-INLINE,,,,316,,,,,,2-7-10-14,,,,,,-22,-19,,,,,,,,,,,,,,,,,
SITE,CENFIRE-INLINE,,,,317,,,,,,1-7-11-14,,,,,,-22,-27,,,,,,,,,,,,,,,,,
SITE,CENFIRE-INLINE,,,,318,,,,,,2-7-11-14,,,,,,-22,-28,,,,,,,,,,,,,,,,,
SITE,CENFIRE-INLINE,,,,319,,,,,,1-7-12-14,,,,,,-22,-36,,,,,,,,,,,,,,,,,
SITE,CENFIRE-INLINE,,,,320,,,,,,2-7-12-14,,,,,,-22,-37,,,,,,,,,,,,,,,,,
SITE,CENFIRE-INLINE,,,,321,,,,,,1-7-13-14,,,,,,-22,-45,,,,,,,,,,,,,,,,,
SITE,CENFIRE-INLINE,,,,322,,,,,,2-7-13-14,,,,,,-22,-46,,,,,,,,,,,,,,,,,
SITE,CENFIRE-INLINE,,,,323,,,,,,1-7-14-14,,,,,,-22,-54,,,,,,,,,,,,,,,,,
SITE,CENFIRE-INLINE,,,,324,,,,,,2-7-14-14,,,,,,-22,-55,,,,,,,,,,,,,,,,,
SITE,CENFIRE-INLINE,,,,325,,,,,,1-7-3-15,,,,,,-29,45,,,,,,,,,,,,,,,,,
SITE,CENFIRE-INLINE,,,,326,,,,,,2-7-3-15,,,,,,-29,44,,,,,,,,,,,,,,,,,
SITE,CENFIRE-INLINE,,,,327,,,,,,1-7-4-15,,,,,,-29,36,,,,,,,,,,,,,,,,,
SITE,CENFIRE-INLINE,,,,328,,,,,,2-7-4-15,,,,,,-29,35,,,,,,,,,,,,,,,,,
SITE,CENFIRE-INLINE,,,,329,,,,,,1-7-5-15,,,,,,-29,27,,,,,,,,,,,,,,,,,
SITE,CENFIRE-INLINE,,,,330,,,,,,2-7-5-15,,,,,,-29,26,,,,,,,,,,,,,,,,,
SITE,CENFIRE-INLINE,,,,331,,,,,,1-7-6-15,,,,,,-29,18,,,,,,,,,,,,,,,,,
SITE,CENFIRE-INLINE,,,,332,,,,,,2-7-6-15,,,,,,-29,17,,,,,,,,,,,,,,,,,
SITE,CENFIRE-INLINE,,,,333,,,,,,1-7-7-15,,,,,,-29,9,,,,,,,,,,,,,,,,,
SITE,CENFIRE-INLINE,,,,334,,,,,,2-7-7-15,,,,,,-29,8,,,,,,,,,,,,,,,,,
SITE,CENFIRE-INLINE,,,,335,,,,,,1-7-8-15,,,,,,-29,0,,,,,,,,,,,,,,,,,
SITE,CENFIRE-INLINE,,,,336,,,,,,2-7-8-15,,,,,,-29,-1,,,,,,,,,,,,,,,,,
SITE,CENFIRE-INLINE,,,,337,,,,,,1-7-9-15,,,,,,-29,-9,,,,,,,,,,,,,,,,,
SITE,CENFIRE-INLINE,,,,338,,,,,,2-7-9-15,,,,,,-29,-10,,,,,,,,,,,,,,,,,
SITE,CENFIRE-INLINE,,,,339,,,,,,1-7-10-15,,,,,,-29,-18,,,,,,,,,,,,,,,,,
SITE,CENFIRE-INLINE,,,,340,,,,,,2-7-10-15,,,,,,-29,-19,,,,,,,,,,,,,,,,,
SITE,CENFIRE-INLINE,,,,341,,,,,,1-7-11-15,,,,,,-29,-27,,,,,,,,,,,,,,,,,
SITE,CENFIRE-INLINE,,,,342,,,,,,2-7-11-15,,,,,,-29,-28,,,,,,,,,,,,,,,,,
SITE,CENFIRE-INLINE,,,,343,,,,,,1-7-12-15,,,,,,-29,-36,,,,,,,,,,,,,,,,,
SITE,CENFIRE-INLINE,,,,344,,,,,,2-7-12-15,,,,,,-29,-37,,,,,,,,,,,,,,,,,
SITE,CENFIRE-INLINE,,,,345,,,,,,1-7-13-15,,,,,,-29,-45,,,,,,,,,,,,,,,,,
SITE,CENFIRE-INLINE,,,,346,,,,,,2-7-13-15,,,,,,-29,-46,,,,,,,,,,,,,,,,,
SITE,CENFIRE-INLINE,,,,347,,,,,,1-7-3-16,,,,,,-36,45,,,,,,,,,,,,,,,,,
SITE,CENFIRE-INLINE,,,,348,,,,,,2-7-3-16,,,,,,-36,44,,,,,,,,,,,,,,,,,
SITE,CENFIRE-INLINE,,,,349,,,,,,1-7-4-16,,,,,,-36,36,,,,,,,,,,,,,,,,,
SITE,CENFIRE-INLINE,,,,350,,,,,,2-7-4-16,,,,,,-36,35,,,,,,,,,,,,,,,,,
SITE,CENFIRE-INLINE,,,,351,,,,,,1-7-5-16,,,,,,-36,27,,,,,,,,,,,,,,,,,
SITE,CENFIRE-INLINE,,,,352,,,,,,2-7-5-16,,,,,,-36,26,,,,,,,,,,,,,,,,,
SITE,CENFIRE-INLINE,,,,353,,,,,,1-7-6-16,,,,,,-36,18,,,,,,,,,,,,,,,,,
SITE,CENFIRE-INLINE,,,,354,,,,,,2-7-6-16,,,,,,-36,17,,,,,,,,,,,,,,,,,
SITE,CENFIRE-INLINE,,,,355,,,,,,1-7-7-16,,,,,,-36,9,,,,,,,,,,,,,,,,,
SITE,CENFIRE-INLINE,,,,356,,,,,,2-7-7-16,,,,,,-36,8,,,,,,,,,,,,,,,,,
SITE,CENFIRE-INLINE,,,,357,,,,,,1-7-8-16,,,,,,-36,0,,,,,,,,,,,,,,,,,
SITE,CENFIRE-INLINE,,,,358,,,,,,2-7-8-16,,,,,,-36,-1,,,,,,,,,,,,,,,,,
SITE,CENFIRE-INLINE,,,,359,,,,,,1-7-9-16,,,,,,-36,-9,,,,,,,,,,,,,,,,,
SITE,CENFIRE-INLINE,,,,360,,,,,,2-7-9-16,,,,,,-36,-10,,,,,,,,,,,,,,,,,
SITE,CENFIRE-INLINE,,,,361,,,,,,1-7-10-16,,,,,,-36,-18,,,,,,,,,,,,,,,,,
SITE,CENFIRE-INLINE,,,,362,,,,,,2-7-10-16,,,,,,-36,-19,,,,,,,,,,,,,,,,,
SITE,CENFIRE-INLINE,,,,363,,,,,,1-7-11-16,,,,,,-36,-27,,,,,,,,,,,,,,,,,
SITE,CENFIRE-INLINE,,,,364,,,,,,2-7-11-16,,,,,,-36,-28,,,,,,,,,,,,,,,,,
SITE,CENFIRE-INLINE,,,,365,,,,,,1-7-12-16,,,,,,-36,-36,,,,,,,,,,,,,,,,,
SITE,CENFIRE-INLINE,,,,366,,,,,,2-7-12-16,,,,,,-36,-37,,,,,,,,,,,,,,,,,
SITE,CENFIRE-INLINE,,,,367,,,,,,1-7-13-16,,,,,,-36,-45,,,,,,,,,,,,,,,,,
SITE,CENFIRE-INLINE,,,,368,,,,,,2-7-13-16,,,,,,-36,-46,,,,,,,,,,,,,,,,,
SITE,CENFIRE-INLINE,,,,369,,,,,,1-7-4-17,,,,,,-43,36,,,,,,,,,,,,,,,,,
SITE,CENFIRE-INLINE,,,,370,,,,,,2-7-4-17,,,,,,-43,35,,,,,,,,,,,,,,,,,
SITE,CENFIRE-INLINE,,,,371,,,,,,1-7-5-17,,,,,,-43,27,,,,,,,,,,,,,,,,,
SITE,CENFIRE-INLINE,,,,372,,,,,,2-7-5-17,,,,,,-43,26,,,,,,,,,,,,,,,,,
SITE,CENFIRE-INLINE,,,,373,,,,,,1-7-6-17,,,,,,-43,18,,,,,,,,,,,,,,,,,
SITE,CENFIRE-INLINE,,,,374,,,,,,2-7-6-17,,,,,,-43,17,,,,,,,,,,,,,,,,,
SITE,CENFIRE-INLINE,,,,375,,,,,,1-7-7-17,,,,,,-43,9,,,,,,,,,,,,,,,,,
SITE,CENFIRE-INLINE,,,,376,,,,,,2-7-7-17,,,,,,-43,8,,,,,,,,,,,,,,,,,
SITE,CENFIRE-INLINE,,,,377,,,,,,1-7-8-17,,,,,,-43,0,,,,,,,,,,,,,,,,,
SITE,CENFIRE-INLINE,,,,378,,,,,,2-7-8-17,,,,,,-43,-1,,,,,,,,,,,,,,,,,
SITE,CENFIRE-INLINE,,,,379,,,,,,1-7-9-17,,,,,,-43,-9,,,,,,,,,,,,,,,,,
SITE,CENFIRE-INLINE,,,,380,,,,,,2-7-9-17,,,,,,-43,-10,,,,,,,,,,,,,,,,,
SITE,CENFIRE-INLINE,,,,381,,,,,,1-7-10-17,,,,,,-43,-18,,,,,,,,,,,,,,,,,
SITE,CENFIRE-INLINE,,,,382,,,,,,2-7-10-17,,,,,,-43,-19,,,,,,,,,,,,,,,,,
SITE,CENFIRE-INLINE,,,,383,,,,,,1-7-11-17,,,,,,-43,-27,,,,,,,,,,,,,,,,,
SITE,CENFIRE-INLINE,,,,384,,,,,,2-7-11-17,,,,,,-43,-28,,,,,,,,,,,,,,,,,
SITE,CENFIRE-INLINE,,,,385,,,,,,1-7-12-17,,,,,,-43,-36,,,,,,,,,,,,,,,,,
SITE,CENFIRE-INLINE,,,,386,,,,,,2-7-12-17,,,,,,-43,-37,,,,,,,,,,,,,,,,,
SITE,CENFIRE-INLINE,,,,387,,,,,,1-7-5-18,,,,,,-50,27,,,,,,,,,,,,,,,,,
SITE,CENFIRE-INLINE,,,,388,,,,,,2-7-5-18,,,,,,-50,26,,,,,,,,,,,,,,,,,
SITE,CENFIRE-INLINE,,,,389,,,,,,1-7-6-18,,,,,,-50,18,,,,,,,,,,,,,,,,,
SITE,CENFIRE-INLINE,,,,390,,,,,,2-7-6-18,,,,,,-50,17,,,,,,,,,,,,,,,,,
SITE,CENFIRE-INLINE,,,,391,,,,,,1-7-7-18,,,,,,-50,9,,,,,,,,,,,,,,,,,
SITE,CENFIRE-INLINE,,,,392,,,,,,2-7-7-18,,,,,,-50,8,,,,,,,,,,,,,,,,,
SITE,CENFIRE-INLINE,,,,393,,,,,,1-7-8-18,,,,,,-50,0,,,,,,,,,,,,,,,,,
SITE,CENFIRE-INLINE,,,,394,,,,,,2-7-8-18,,,,,,-50,-1,,,,,,,,,,,,,,,,,
SITE,CENFIRE-INLINE,,,,395,,,,,,1-7-9-18,,,,,,-50,-9,,,,,,,,,,,,,,,,,
SITE,CENFIRE-INLINE,,,,396,,,,,,2-7-9-18,,,,,,-50,-10,,,,,,,,,,,,,,,,,
SITE,CENFIRE-INLINE,,,,397,,,,,,1-7-10-18,,,,,,-50,-18,,,,,,,,,,,,,,,,,
SITE,CENFIRE-INLINE,,,,398,,,,,,2-7-10-18,,,,,,-50,-19,,,,,,,,,,,,,,,,,
SITE,CENFIRE-INLINE,,,,399,,,,,,1-7-11-18,,,,,,-50,-27,,,,,,,,,,,,,,,,,
SITE,CENFIRE-INLINE,,,,400,,,,,,2-7-11-18,,,,,,-50,-28,,,,,,,,,,,,,,,,,
SITE,CENFIRE-INLINE,,,,401,,,,,,1-7-7-19,,,,,,-57,9,,,,,,,,,,,,,,,,,
SITE,CENFIRE-INLINE,,,,402,,,,,,2-7-7-19,,,,,,-57,8,,,,,,,,,,,,,,,,,
SITE,CENFIRE-INLINE,,,,403,,,,,,1-7-8-19,,,,,,-57,0,,,,,,,,,,,,,,,,,
SITE,CENFIRE-INLINE,,,,404,,,,,,2-7-8-19,,,,,,-57,-1,,,,,,,,,,,,,,,,,
SITE,CENFIRE-INLINE,,,,405,,,,,,1-7-9-19,,,,,,-57,-9,,,,,,,,,,,,,,,,,
SITE,CENFIRE-INLINE,,,,406,,,,,,2-7-9-19,,,,,,-57,-10,,,,,,,,,,,,,,,,,
RECIPE,CENFIRE-INLINE_probe08,,,,,probe08,1,,,,,,,,,,,,,,,,,,,,,,,,,,,,
STEP,CENFIRE-INLINE_probe08,,,,1,,,,,,settle,delay,,,,,,,200,,,,,,,,,,,,,,,,switch
STEP,CENFIRE-INLINE_probe08,,,,2,,,,,,force1,current,apply,SMU,A,,11:J21,23:J45,0.01,7,,,"2A11,4B11",,,,,,,,,,,1,switch
STEP,CENFIRE-INLINE_probe08,,,,3,,,,,,delay,delay,,,,,,,200,,,,,,,,,,,,,,,,switch
STEP,CENFIRE-INLINE_probe08,,,,4,,,,,,sense1,voltage,measure,DMM,,force1,12:J23,1:J1,,,,,"2F12,2E01",,,1,0,1,,,0,,,1,switch
STEP,CENFIRE-INLINE_probe08,,,,5,,,,,,delay,delay,,,,,,,200,,,,,,,,,,,,,,,,switch
STEP,CENFIRE-INLINE_probe08,,,,6,,,,,,check1,passfail,,,,sense1,,,,,,,,0.000,5,,,,,,,,,1,switch
STEP,CENFIRE-INLINE_probe08,,,,7,,,,,,delay,delay,,,,,,,200,,,,,,,,,,,,,,,,switch
STEP,CENFIRE-INLINE_probe08,,,,8,,,,,,open,open,,,,all,,,,,,,all,,,,,,,,,,,,switch
STEP,CENFIRE-INLINE_probe08,,,,9,,,,,,move on,move,,,,,,,,,,,,,,,,,,,,,,2,switch
STEP,CENFIRE-INLINE_probe08,,,,10,,,,,,settle,delay,,,,,,,200,,,,,,,,,,,,,,,,switch
STEP,CENFIRE-INLINE_probe08,,,,11,,,,,,force2,current,apply,SMU,A,,11:J21,23:J45,0.01,7,,,"2A11,4B11",,,,,,,,,,,2,switch
STEP,CENFIRE-INLINE_probe08,,,,12,,,,,,delay,delay,,,,,,,200,,,,,,,,,,,,,,,,switch
STEP,CENFIRE-INLINE_probe08,,,,13,,,,,,sense2,voltage,measure,DMM,,force2,12:J23,1:J1,,,,,"2F12,2E01",,,1,0,1,,,0,,,2,switch
STEP,CENFIRE-INLINE_probe08,,,,14,,,,,,delay,delay,,,,,,,200,,,,,,,,,,,,,,,,switch
STEP,CENFIRE-INLINE_probe08,,,,15,,,,,,check2,passfail,,,,sense2,,,,,,,,100.000,160.000,,,,,,,,,2,switch
STEP,CENFIRE-INLINE_probe08,,,,16,,,,,,open,open,,,,all,,,,,,,all,,,,,,,,,,,,switch
STEP,CENFIRE-INLINE_probe08,,,,17,,,,,,delay,delay,,,,,,,200,,,,,,,,,,,,,,,,switch
SITE,CENFIRE-INLINE_probe08,,,,1,,,,,,1-7-7-1,,,,,,69,9,,,,,,,,,,,,,,,,,
SITE,CENFIRE-INLINE_probe08,,,,2,,,,,,2-7-7-1,,,,,,69,8,,,,,,,,,,,,,,,,,
SITE,CENFIRE-INLINE_probe08,,,,3,,,,,,1-7-8-1,,,,,,69,0,,,,,,,,,,,,,,,,,
SITE,CENFIRE-INLINE_probe08,,,,4,,,,,,2-7-8-1,,,,,,69,-1,,,,,,,,,,,,,,,,,
SITE,CENFIRE-INLINE_probe08,,,,5,,,,,,1-7-9-1,,,,,,69,-9,,,,,,,,,,,,,,,,,
SITE,CENFIRE-INLINE_probe08,,,,6,,,,,,2-7-9-1,,,,,,69,-10,,,,,,,,,,,,,,,,,
SITE,CENFIRE-INLINE_probe08,,,,7,,,,,,1-7-5-2,,,,,,62,27,,,,,,,,,,,,,,,,,
SITE,CENFIRE-INLINE_probe08,,,,8,,,,,,2-7-5-2,,,,,,62,26,,,,,,,,,,,,,,,,,
SITE,CENFIRE-INLINE_probe08,,,,9,,,,,,1-7-6-2,,,,,,62,18,,,,,,,,,,,,,,,,,
SITE,CENFIRE-INLINE_probe08,,,,10,,,,,,2-7-6-2,,,,,,62,17,,,,,,,,,,,,,,,,,
SITE,CENFIRE-INLINE_probe08,,,,11,,,,,,1-7-7-2,,,,,,62,9,,,,,,,,,,,,,,,,,
SITE,CENFIRE-INLINE_probe08,,,,12,,,,,,2-7-7-2,,,,,,62,8,,,,,,,,,,,,,,,,,
SITE,CENFIRE-INLINE_probe08,,,,13,,,,,,1-7-8-2,,,,,,62,0,,,,,,,,,,,,,,,,,
SITE,CENFIRE-INLINE_probe08,,,,14,,,,,,2-7-8-2,,,,,,62,-1,,,,,,,,,,,,,,,,,
SITE,CENFIRE-INLINE_probe08,,,,15,,,,,,1-7-9-2,,,,,,62,-9,,,,,,,,,,,,,,,,,
SITE,CENFIRE-INLINE_probe08,,,,16,,,,,,2-7-9-2,,,,,,62,-10,,,,,,,,,,,,,,,,,
SITE,CENFIRE-INLINE_probe08,,,,17,,,,,,1-7-10-2,,,,,,62,-18,,,,,,,,,,,,,,,,,
SITE,CENFIRE-INLINE_probe08,,,,18,,,,,,2-7-10-2,,,,,,62,-19,,,,,,,,,,,,,,,,,
SITE,CENFIRE-INLINE_probe08,,,,19,,,,,,1-7-11-2,,,,,,62,-27,,,,,,,,,,,,,,,,,
SITE,CENFIRE-INLINE_probe08,,,,20,,,,,,2-7-11-2,,,,,,62,-28,,,,,,,,,,,,,,,,,
SITE,CENFIRE-INLINE_probe08,,,,21,,,,,,1-7-4-3,,,,,,55,36,,,,,,,,,,,,,,,,,
SITE,CENFIRE-INLINE_probe08,,,,22,,,,,,2-7-4-3,,,,,,55,35,,,,,,,,,,,,,,,,,
SITE,CENFIRE-INLINE_probe08,,,,23,,,,,,1-7-5-3,,,,,,55,27,,,,,,,,,,,,,,,,,
SITE,CENFIRE-INLINE_probe08,,,,24,,,,,,2-7-5-3,,,,,,55,26,,,,,,,,,,,,,,,,,
SITE,CENFIRE-INLINE_probe08,,,,25,,,,,,1-7-6-3,,,,,,55,18,,,,,,,,,,,,,,,,,
SITE,CENFIRE-INLINE_probe08,,,,26,,,,,,2-7-6-3,,,,,,55,17,,,,,,,,,,,,,,,,,
SITE,CENFIRE-INLINE_probe08,,,,27,,,,,,1-7-7-3,,,,,,55,9,,,,,,,,,,,,,,,,,
SITE,CENFIRE-INLINE_probe08,,,,28,,,,,,2-7-7-3,,,,,,55,8,,,,,,,,,,,,,,,,,
SITE,CENFIRE-INLINE_probe08,,,,29,,,,,,1-7-8-3,,,,,,55,0,,,,,,,,,,,,,,,,,
SITE,CENFIRE-INLINE_probe08,,,,30,,,,,,2-7-8-3,,,,,,55,-1,,,,,,,,,,,,,,,,,
SITE,CENFIRE-INLINE_probe08,,,,31,,,,,,1-7-9-3,,,,,,55,-9,,,,,,,,,,,,,,,,,
SITE,CENFIRE-INLINE_probe08,,,,32,,,,,,2-7-9-3,,,,,,55,-10,,,,,,,,,,,,,,,,,
SITE,CENFIRE-INLINE_probe08,,,,33,,,,,,1-7-10-3,,,,,,55,-18,,,,,,,,,,,,,,,,,
SITE,CENFIRE-INLINE_probe08,,,,34,,,,,,2-7-10-3,,,,,,55,-19,,,,,,,,,,,,,,,,,
SITE,CENFIRE-INLINE_probe08,,,,35,,,,,,1-7-11-3,,,,,,55,-27,,,,,,,,,,,,,,,,,
SITE,CENFIRE-INLINE_probe08,,,,36,,,,,,2-7-11-3,,,,,,55,-28,,,,,,,,,,,,,,,,,
SITE,CENFIRE-INLINE_probe08,,,,37,,,,,,1-7-12-3,,,,,,55,-36,,,,,,,,,,,,,,,,,
SITE,CENFIRE-INLINE_probe08,,,,38,,,,,,2-7-12-3,,,,,,55,-37,,,,,,,,,,,,,,,,,
SITE,CENFIRE-INLINE_probe08,,,,39,,,,,,1-7-3-4,,,,,,48,45,,,,,,,,,,,,,,,,,
SITE,CENFIRE-INLINE_probe08,,,,40,,,,,,2-7-3-4,,,,,,48,44,,,,,,,,,,,,,,,,,
SITE,CENFIRE-INLINE_probe08,,,,41,,,,,,1-7-4-4,,,,,,48,36,,,,,,,,,,,,,,,,,
SITE,CENFIRE-INLINE_probe08,,,,42,,,,,,2-7-4-4,,,,,,48,35,,,,,,,,,,,,,,,,,
SITE,CENFIRE-INLINE_probe08,,,,43,,,,,,1-7-5-4,,,,,,48,27,,,,,,,,,,,,,,,,,
SITE,CENFIRE-INLINE_probe08,,,,44,,,,,,2-7-5-4,,,,,,48,26,,,,,,,,,,,,,,,,,
SITE,CENFIRE-INLINE_probe08,,,,45,,,,,,1-7-6-4,,,,,,48,18,,,,,,,,,,,,,,,,,
SITE,CENFIRE-INLINE_probe08,,,,46,,,,,,2-7-6-4,,,,,,48,17,,,,,,,,,,,,,,,,,
SITE,CENFIRE-INLINE_probe08,,,,47,,,,,,1-7-7-4,,,,,,48,9,,,,,,,,,,,,,,,,,
SITE,CENFIRE-INLINE_probe08,,,,48,,,,,,2-7-7-4,,,,,,48,8,,,,,,,,,,,,,,,,,
SITE,CENFIRE-INLINE_probe08,,,,49,,,,,,1-7-8-4,,,,,,48,0,,,,,,,,,,,,,,,,,
SITE,CENFIRE-INLINE_probe08,,,,50,,,,,,2-7-8-4,,,,,,48,-1,,,,,,,,,,,,,,,,,
SITE,CENFIRE-INLINE_probe08,,,,51,,,,,,1-7-9-4,,,,,,48,-9,,,,,,,,,,,,,,,,,
SITE,CENFIRE-INLINE_probe08,,,,52,,,,,,2-7-9-4,,,,,,48,-10,,,,,,,,,,,,,,,,,
SITE,CENFIRE-INLINE_probe08,,,,53,,,,,,1-7-10-4,,,,,,48,-18,,,,,,,,,,,,,,,,,
SITE,CENFIRE-INLINE_probe08,,,,54,,,,,,2-7-10-4,,,,,,48,-19,,,,,,,,,,,,,,,,,
SITE,CENFIRE-INLINE_probe08,,,,55,,,,,,1-7-11-4,,,,,,48,-27,,,,,,,,,,,,,,,,,
SITE,CENFIRE-INLINE_probe08,,,,56,,,,,,2-7-11-4,,,,,,48,-28,,,,,,,,,,,,,,,,,
SITE,CENFIRE-INLINE_probe08,,,,57,,,,,,1-7-12-4,,,,,,48,-36,,,,,,,,,,,,,,,,,
SITE,CENFIRE-INLINE_probe08,,,,58,,,,,,2-7-12-4,,,,,,48,-37,,,,,,,,,,,,,,,,,
SITE,CENFIRE-INLINE_probe08,,,,59,,,,,,1-7-13-4,,,,,,48,-45,,,,,,,,,,,,,,,,,
SITE,CENFIRE-INLINE_probe08,,,,60,,,,,,2-7-13-4,,,,,,48,-46,,,,,,,,,,,,,,,,,
SITE,CENFIRE-INLINE_probe08,,,,61,,,,,,1-7-3-5,,,,,,41,45,,,,,,,,,,,,,,,,,
SITE,CENFIRE-INLINE_probe08,,,,62,,,,,,2-7-3-5,,,,,,41,44,,,,,,,,,,,,,,,,,
SITE,CENFIRE-INLINE_probe08,,,,63,,,,,,1-7-4-5,,,,,,41,36,,,,,,,,,,,,,,,,,
SITE,CENFIRE-INLINE_probe08,,,,64,,,,,,2-7-4-5,,,,,,41,35,,,,,,,,,,,,,,,,,
SITE,CENFIRE-INLINE_probe08,,,,65,,,,,,1-7-5-5,,,,,,41,27,,,,,,,,,,,,,,,,,
SITE,CENFIRE-INLINE_probe08,,,,66,,,,,,2-7-5-5,,,,,,41,26,,,,,,,,,,,,,,,,,
SITE,CENFIRE-INLINE_probe08,,,,67,,,,,,1-7-6-5,,,,,,41,18,,,,,,,,,,,,,,,,,
SITE,CENFIRE-INLINE_probe08,,,,68,,,,,,2-7-6-5,,,,,,41,17,,,,,,,,,,,,,,,,,
SITE,CENFIRE-INLINE_probe08,,,,69,,,,,,1-7-7-5,,,,,,41,9,,,,,,,,,,,,,,,,,
SITE,CENFIRE-INLINE_probe08,,,,70,,,,,,2-7-7-5,,,,,,41,8,,,,,,,,,,,,,,,,,
SITE,CENFIRE-INLINE_probe08,,,,71,,,,,,1-7-8-5,,,,,,41,0,,,,,,,,,,,,,,,,,
SITE,CENFIRE-INLINE_probe08,,,,72,,,,,,2-7-8-5,,,,,,41,-1,,,,,,,,,,,,,,,,,
SITE,CENFIRE-INLINE_probe08,,,,73,,,,,,1-7-9-5,,,,,,41,-9,,,,,,,,,,,,,,,,,
SITE,CENFIRE-INLINE_probe08,,,,74,,,,,,2-7-9-5,,,,,,41,-10,,,,,,,,,,,,,,,,,
SITE,CENFIRE-INLINE_probe08,,,,75,,,,,,1-7-10-5,,,,,,41,-18,,,,,,,,,,,,,,,,,
SITE,CENFIRE-INLINE_probe08,,,,76,,,,,,2-7-10-5,,,,,,41,-19,,,,,,,,,,,,,,,,,
SITE,CENFIRE-INLINE_probe08,,,,77,,,,,,1-7-11-5,,,,,,41,-27,,,,,,,,,,,,,,,,,
SITE,CENFIRE-INLINE_probe08,,,,78,,,,,,2-7-11-5,,,,,,41,-28,,,,,,,,,,,,,,,,,
SITE,CENFIRE-INLINE_probe08,,,,79,,,,,,1-7-12-5,,,,,,41,-36,,,,,,,,,,,,,,,,,
SITE,CENFIRE-INLINE_probe08,,,,80,,,,,,2-7-12-5,,,,,,41,-37,,,,,,,,,,,,,,,,,
SITE,CENFIRE-INLINE_probe08,,,,81,,,,,,1-7-13-5,,,,,,41,-45,,,,,,,,,,,,,,,,,
SITE,CENFIRE-INLINE_probe08,,,,82,,,,,,2-7-13-5,,,,,,41,-46,,,,,,,,,,,,,,,,,
SITE,CENFIRE-INLINE_probe08,,,,83,,,,,,1-7-2-6,,,,,,34,54,,,,,,,,,,,,,,,,,
SITE,CENFIRE-INLINE_probe08,,,,84,,,,,,2-7-2-6,,,,,,34,53,,,,,,,,,,,,,,,,,
SITE,CENFIRE-INLINE_probe08,,,,85,,,,,,1-7-3-6,,,,,,34,45,,,,,,,,,,,,,,,,,
SITE,CENFIRE-INLINE_probe08,,,,86,,,,,,2-7-3-6,,,,,,34,44,,,,,,,,,,,,,,,,,
SITE,CENFIRE-INLINE_probe08,,,,87,,,,,,1-7-4-6,,,,,,34,36,,,,,,,,,,,,,,,,,
SITE,CENFIRE-INLINE_probe08,,,,88,,,,,,2-7-4-6,,,,,,34,35,,,,,,,,,,,,,,,,,
SITE,CENFIRE-INLINE_probe08,,,,89,,,,,,1-7-5-6,,,,,,34,27,,,,,,,,,,,,,,,,,
SITE,CENFIRE-INLINE_probe08,,,,90,,,,,,2-7-5-6,,,,,,34,26,,,,,,,,,,,,,,,,,
SITE,CENFIRE-INLINE_probe08,,,,91,,,,,,1-7-6-6,,,,,,34,18,,,,,,,,,,,,,,,,,
SITE,CENFIRE-INLINE_probe08,,,,92,,,,,,2-7-6-6,,,,,,34,17,,,,,,,,,,,,,,,,,
SITE,CENFIRE-INLINE_probe08,,,,93,,,,,,1-7-7-6,,,,,,34,9,,,,,,,,,,,,,,,,,
SITE,CENFIRE-INLINE_probe08,,,,94,,,,,,2-7-7-6,,,,,,34,8,,,,,,,,,,,,,,,,,
SITE,CENFIRE-INLINE_probe08,,,,95,,,,,,1-7-8-6,,,,,,34,0,,,,,,,,,,,,,,,,,
SITE,CENFIRE-INLINE_probe08,,,,96,,,,,,2-7-8-6,,,,,,34,-1,,,,,,,,,,,,,,,,,
SITE,CENFIRE-INLINE_probe08,,,,97,,,,,,1-7-9-6,,,,,,34,-9,,,,,,,,,,,,,,,,,
SITE,CENFIRE-INLINE_probe08,,,,98,,,,,,2-7-9-6,,,,,,34,-10,,,,,,,,,,,,,,,,,
SITE,CENFIRE-INLINE_probe08,,,,99,,,,,,1-7-10-6,,,,,,34,-18,,,,,,,,,,,,,,,,,
SITE,CENFIRE-INLINE_probe08,,,,100,,,,,,2-7-10-6,,,,,,34,-19,,,,,,,,,,,,,,,,,
SITE,CENFIRE-INLINE_probe08,,,,101,,,,,,1-7-11-6,,,,,,34,-27,,,,,,,,,,,,,,,,,
SITE,CENFIRE-INLINE_probe08,,,,102,,,,,,2-7-11-6,,,,,,34,-28,,,,,,,,,,,,,,,,,
SITE,CENFIRE-INLINE_probe08,,,,103,,,,,,1-7-12-6,,,,,,34,-36,,,,,,,,,,,,,,,,,
SITE,CENFIRE-INLINE_probe08,,,,104,,,,,,2-7-12-6,,,,,,34,-37,,,,,,,,,,,,,,,,,
SITE,CENFIRE-INLINE_probe08,,,,105,,,,,,1-7-13-6,,,,,,34,-45,,,,,,,,,,,,,,,,,
SITE,CENFIRE-INLINE_probe08,,,,106,,,,,,2-7-13-6,,,,,,34,-46,,,,,,,,,,,,,,,,,
SITE,CENFIRE-INLINE_probe08,,,,107,,,,,,1-7-14-6,,,,,,34,-54,,,,,,,,,,,,,,,,,
SITE,CENFIRE-INLINE_probe08,,,,108,,,,,,2-7-14-6,,,,,,34,-55,,,,,,,,,,,,,,,,,
SITE,CENFIRE-INLINE_probe08,,,,109,,,,,,1-7-2-7,,,,,,27,54,,,,,,,,,,,,,,,,,
SITE,CENFIRE-INLINE_probe08,,,,110,,,,,,2-7-2-7,,,,,,27,53,,,,,,,,,,,,,,,,,
SITE,CENFIRE-INLINE_probe08,,,,111,,,,,,1-7-3-7,,,,,,27,45,,,,,,,,,,,,,,,,,
SITE,CENFIRE-INLINE_probe08,,,,112,,,,,,2-7-3-7,,,,,,27,44,,,,,,,,,,,,,,,,,
SITE,CENFIRE-INLINE_probe08,,,,113,,,,,,1-7-4-7,,,,,,27,36,,,,,,,,,,,,,,,,,
SITE,CENFIRE-INLINE_probe08,,,,114,,,,,,2-7-4-7,,,,,,27,35,,,,,,,,,,,,,,,,,
SITE,CENFIRE-INLINE_probe08,,,,115,,,,,,1-7-5-7,,,,,,27,27,,,,,,,,,,,,,,,,,
SITE,CENFIRE-INLINE_probe08,,,,116,,,,,,2-7-5-7,,,,,,27,26,,,,,,,,,,,,,,,,,
SITE,CENFIRE-INLINE_probe08,,,,117,,,,,,1-7-6-7,,,,,,27,18,,,,,,,,,,,,,,,,,
SITE,CENFIRE-INLINE_probe08,,,,118,,,,,,2-7-6-7,,,,,,27,17,,,,,,,,,,,,,,,,,
SITE,CENFIRE-INLINE_probe08,,,,119,,,,,,1-7-7-7,,,,,,27,9,,,,,,,,,,,,,,,,,
SITE,CENFIRE-INLINE_probe08,,,,120,,,,,,2-7-7-7,,,,,,27,8,,,,,,,,,,,,,,,,,
SITE,CENFIRE-INLINE_probe08,,,,121,,,,,,1-7-8-7,,,,,,27,0,,,,,,,,,,,,,,,,,
SITE,CENFIRE-INLINE_probe08,,,,122,,,,,,2-7-8-7,,,,,,27,-1,,,,,,,,,,,,,,,,,
SITE,CENFIRE-INLINE_probe08,,,,123,,,,,,1-7-9-7,,,,,,27,-9,,,,,,,,,,,,,,,,,
SITE,CENFIRE-INLINE_probe08,,,,124,,,,,,2-7-9-7,,,,,,27,-10,,,,,,,,,,,,,,,,,
SITE,CENFIRE-INLINE_probe08,,,,125,,,,,,1-7-10-7,,,,,,27,-18,,,,,,,,,,,,,,,,,
SITE,CENFIRE-INLINE_probe08,,,,126,,,,,,2-7-10-7,,,,,,27,-19,,,,,,,,,,,,,,,,,
SITE,CENFIRE-INLINE_probe08,,,,127,,,,,,1-7-11-7,,,,,,27,-27,,,,,,,,,,,,,,,,,
SITE,CENFIRE-INLINE_probe08,,,,128,,,,,,2-7-11-7,,,,,,27,-28,,,,,,,,,,,,,,,,,
SITE,CENFIRE-INLINE_probe08,,,,129,,,,,,1-7-12-7,,,,,,27,-36,,,,,,,,,,,,,,,,,
SITE,CENFIRE-INLINE_probe08,,,,130,,,,,,2-7-12-7,,,,,,27,-37,,,,,,,,,,,,,,,,,
SITE,CENFIRE-INLINE_probe08,,,,131,,,,,,1-7-13-7,,,,,,27,-45,,,,,,,,,,,,,,,,,
SITE,CENFIRE-INLINE_probe08,,,,132,,,,,,2-7-13-7,,,,,,27,-46,,,,,,,,,,,,,,,,,
SITE,CENFIRE-INLINE_probe08,,,,133,,,,,,1-7-14-7,,,,,,27,-54,,,,,,,,,,,,,,,,,
SITE,CENFIRE-INLINE_probe08,,,,134,,,,,,2-7-14-7,,,,,,27,-55,,,,,,,,,,,,,,,,,
SITE,CENFIRE-INLINE_probe08,,,,135,,,,,,1-7-2-8,,,,,,20,54,,,,,,,,,,,,,,,,,
SITE,CENFIRE-INLINE_probe08,,,,136,,,,,,2-7-2-8,,,,,,20,53,,,,,,,,,,,,,,,,,
SITE,CENFIRE-INLINE_probe08,,,,137,,,,,,1-7-3-8,,,,,,20,45,,,,,,,,,,,,,,,,,
SITE,CENFIRE-INLINE_probe08,,,,138,,,,,,2-7-3-8,,,,,,20,44,,,,,,,,,,,,,,,,,
SITE,CENFIRE-INLINE_probe08,,,,139,,,,,,1-7-4-8,,,,,,20,36,,,,,,,,,,,,,,,,,
SITE,CENFIRE-INLINE_probe08,,,,140,,,,,,2-7-4-8,,,,,,20,35,,,,,,,,,,,,,,,,,
SITE,CENFIRE-INLINE_probe08,,,,141,,,,,,1-7-5-8,,,,,,20,27,,,,,,,,,,,,,,,,,
SITE,CENFIRE-INLINE_probe08,,,,142,,,,,,2-7-5-8,,,,,,20,26,,,,,,,,,,,,,,,,,
SITE,CENFIRE-INLINE_probe08,,,,143,,,,,,1-7-6-8,,,,,,20,18,,,,,,,,,,,,,,,,,
SITE,CENFIRE-INLINE_probe08,,,,144,,,,,,2-7-6-8,,,,,,20,17,,,,,,,,,,,,,,,,,
SITE,CENFIRE-INLINE_probe08,,,,145,,,,,,1-7-7-8,,,,,,20,9,,,,,,,,,,,,,,,,,
SITE,CENFIRE-INLINE_probe08,,,,146,,,,,,2-7-7-8,,,,,,20,8,,,,,,,,,,,,,,,,,
SITE,CENFIRE-INLINE_probe08,,,,147,,,,,,1-7-8-8,,,,,,20,0,,,,,,,,,,,,,,,,,
SITE,CENFIRE-INLINE_probe08,,,,148,,,,,,2-7-8-8,,,,,,20,-1,,,,,,,,,,,,,,,,,
SITE,CENFIRE-INLINE_probe08,,,,149,,,,,,1-7-9-8,,,,,,20,-9,,,,,,,,,,,,,,,,,
SITE,CENFIRE-INLINE_probe08,,,,150,,,,,,2-7-9-8,,,,,,20,-10,,,,,,,,,,,,,,,,,
SITE,CENFIRE-INLINE_probe08,,,,151,,,,,,1-7-10-8,,,,,,20,-18,,,,,,,,,,,,,,,,,
SITE,CENFIRE-INLINE_probe08,,,,152,,,,,,2-7-10-8,,,,,,20,-19,,,,,,,,,,,,,,,,,
SITE,CENFIRE-INLINE_probe08,,,,153,,,,,,1-7-11-8,,,,,,20,-27,,,,,,,,,,,,,,,,,
SITE,CENFIRE-INLINE_probe08,,,,154,,,,,,2-7-11-8,,,,,,20,-28,,,,,,,,,,,,,,,,,
SITE,CENFIRE-INLINE_probe08,,,,155,,,,,,1-7-12-8,,,,,,20,-36,,,,,,,,,,,,,,,,,
SITE,CENFIRE-INLINE_probe08,,,,156,,,,,,2-7-12-8,,,,,,20,-37,,,,,,,,,,,,,,,,,
SITE,CENFIRE-INLINE_probe08,,,,157,,,,,,1-7-13-8,,,,,,20,-45,,,,,,,,,,,,,,,,,
SITE,CENFIRE-INLINE_probe08,,,,158,,,,,,2-7-13-8,,,,,,20,-46,,,,,,,,,,,,,,,,,
SITE,CENFIRE-INLINE_probe08,,,,159,,,,,,1-7-14-8,,,,,,20,-54,,,,,,,,,,,,,,,,,
SITE,CENFIRE-INLINE_probe08,,,,160,,,,,,2-7-14-8,,,,,,20,-55,,,,,,,,,,,,,,,,,
SITE,CENFIRE-INLINE_probe08,,,,161,,,,,,1-7-1-9,,,,,,13,63,,,,,,,,,,,,,,,,,
SITE,CENFIRE-INLINE_probe08,,,,162,,,,,,2-7-1-9,,,,,,13,62,,,,,,,,,,,,,,,,,
SITE,CENFIRE-INLINE_probe08,,,,163,,,,,,1-7-2-9,,,,,,13,54,,,,,,,,,,,,,,,,,
SITE,CENFIRE-INLINE_probe08,,,,164,,,,,,2-7-2-9,,,,,,13,53,,,,,,,,,,,,,,,,,
SITE,CENFIRE-INLINE_probe08,,,,165,,,,,,1-7-3-9,,,,,,13,45,,,,,,,,,,,,,,,,,
SITE,CENFIRE-INLINE_probe08,,,,166,,,,,,2-7-3-9,,,,,,13,44,,,,,,,,,,,,,,,,,
SITE,CENFIRE-INLINE_probe08,,,,167,,,,,,1-7-4-9,,,,,,13,36,,,,,,,,,,,,,,,,,
SITE,CENFIRE-INLINE_probe08,,,,168,,,,,,2-7-4-9,,,,,,13,35,,,,,,,,,,,,,,,,,
SITE,CENFIRE-INLINE_probe08,,,,169,,,,,,1-7-5-9,,,,,,13,27,,,,,,,,,,,,,,,,,
SITE,CENFIRE-INLINE_probe08,,,,170,,,,,,2-7-5-9,,,,,,13,26,,,,,,,,,,,,,,,,,
SITE,CENFIRE-INLINE_probe08,,,,171,,,,,,1-7-6-9,,,,,,13,18,,,,,,,,,,,,,,,,,
SITE,CENFIRE-INLINE_probe08,,,,172,,,,,,2-7-6-9,,,,,,13,17,,,,,,,,,,,,,,,,,
SITE,CENFIRE-INLINE_probe08,,,,173,,,,,,1-7-7-9,,,,,,13,9,,,,,,,,,,,,,,,,,
SITE,CENFIRE-INLINE_probe08,,,,174,,,,,,2-7-7-9,,,,,,13,8,,,,,,,,,,,,,,,,,
SITE,CENFIRE-INLINE_probe08,,,,175,,,,,,1-7-8-9,,,,,,13,0,,,,,,,,,,,,,,,,,
SITE,CENFIRE-INLINE_probe08,,,,176,,,,,,2-7-8-9,,,,,,13,-1,,,,,,,,,,,,,,,,,
SITE,CENFIRE-INLINE_probe08,,,,177,,,,,,1-7-9-9,,,,,,13,-9,,,,,,,,,,,,,,,,,
SITE,CENFIRE-INLINE_probe08,,,,178,,,,,,2-7-9-9,,,,,,13,-10,,,,,,,,,,,,,,,,,
SITE,CENFIRE-INLINE_probe08,,,,179,,,,,,1-7-10-9,,,,,,13,-18,,,,,,,,,,,,,,,,,
SITE,CENFIRE-INLINE_probe08,,,,180,,,,,,2-7-10-9,,,,,,13,-19,,,,,,,,,,,,,,,,,
SITE,CENFIRE-INLINE_probe08,,,,181,,,,,,1-7-11-9,,,,,,13,-27,,,,,,,,,,,,,,,,,
SITE,CENFIRE-INLINE_probe08,,,,182,,,,,,2-7-11-9,,,,,,13,-28,,,,,,,,,,,,,,,,,
SITE,CENFIRE-INLINE_probe08,,,,183,,,,,,1-7-12-9,,,,,,13,-36,,,,,,,,,,,,,,,,,
SITE,CENFIRE-INLINE_probe08,,,,184,,,,,,2-7-12-9,,,,,,13,-37,,,,,,,,,,,,,,,,,
SITE,CENFIRE-INLINE_probe08,,,,185,,,,,,1-7-13-9,,,,,,13,-45,,,,,,,,,,,,,,,,,
SITE,CENFIRE-INLINE_probe08,,,,186,,,,,,2-7-13-9,,,,,,13,-46,,,,,,,,,,,,,,,,,
SITE,CENFIRE-INLINE_probe08,,,,187,,,,,,1-7-14-9,,,,,,13,-54,,,,,,,,,,,,,,,,,
SITE,CENFIRE-INLINE_probe08,,,,188,,,,,,2-7-14-9,,,,,,13,-55,,,,,,,,,,,,,,,,,
SITE,CENFIRE-INLINE_probe08,,,,189,,,,,,1-7-1-10,,,,,,6,63,,,,,,,,,,,,,,,,,
SITE,CENFIRE-INLINE_probe08,,,,190,,,,,,2-7-1-10,,,,,,6,62,,,,,,,,,,,,,,,,,
SITE,CENFIRE-INLINE_probe08,,,,191,,,,,,1-7-2-10,,,,,,6,54,,,,,,,,,,,,,,,,,
SITE,CENFIRE-INLINE_probe08,,,,192,,,,,,2-7-2-10,,,,,,6,53,,,,,,,,,,,,,,,,,
SITE,CENFIRE-INLINE_probe08,,,,193,,,,,,1-7-3-10,,,,,,6,45,,,,,,,,,,,,,,,,,
SITE,CENFIRE-INLINE_probe08,,,,194,,,,,,2-7-3-10,,,,,,6,44,,,,,,,,,,,,,,,,,
SITE,CENFIRE-INLINE_probe08,,,,195,,,,,,1-7-4-10,,,,,,6,36,,,,,,,,,,,,,,,,,
SITE,CENFIRE-INLINE_probe08,,,,196,,,,,,2-7-4-10,,,,,,6,35,,,,,,,,,,,,,,,,,
SITE,CENFIRE-INLINE_probe08,,,,197,,,,,,1-7-5-10,,,,,,6,27,,,,,,,,,,,,,,,,,
SITE,CENFIRE-INLINE_probe08,,,,198,,,,,,2-7-5-10,,,,,,6,26,,,,,,,,,,,,,,,,,
SITE,CENFIRE-INLINE_probe08,,,,199,,,,,,1-7-6-10,,,,,,6,18,,,,,,,,,,,,,,,,,
SITE,CENFIRE-INLINE_probe08,,,,200,,,,,,2-7-6-10,,,,,,6,17,,,,,,,,,,,,,,,,,
SITE,CENFIRE-INLINE_probe08,,,,201,,,,,,1-7-7-10,,,,,,6,9,,,,,,,,,,,,,,,,,
SITE,CENFIRE-INLINE_probe08,,,,202,,,,,,2-7-7-10,,,,,,6,8,,,,,,,,,,,,,,,,,
SITE,CENFIRE-INLINE_probe08,,,,203,,,,,,1-7-8-10,,,,,,6,0,,,,,,,,,,,,,,,,,
SITE,CENFIRE-INLINE_probe08,,,,204,,,,,,2-7-8-10,,,,,,6,-1,,,,,,,,,,,,,,,,,
SITE,CENFIRE-INLINE_probe08,,,,205,,,,,,1-7-9-10,,,,,,6,-9,,,,,,,,,,,,,,,,,
SITE,CENFIRE-INLINE_probe08,,,,206,,,,,,2-7-9-10,,,,,,6,-10,,,,,,,,,,,,,,,,,
SITE,CENFIRE-INLINE_probe08,,,,207,,,,,,1-7-10-10,,,,,,6,-18,,,,,,,,,,,,,,,,,
SITE,CENFIRE-INLINE_probe08,,,,208,,,,,,2-7-10-10,,,,,,6,-19,,,,,,,,,,,,,,,,,
SITE,CENFIRE-INLINE_probe08,,,,209,,,,,,1-7-11-10,,,,,,6,-27,,,,,,,,,,,,,,,,,
SITE,CENFIRE-INLINE_probe08,,,,210,,,,,,2-7-11-10,,,,,,6,-28,,,,,,,,,,,,,,,,,
SITE,CENFIRE-INLINE_probe08,,,,211,,,,,,1-7-12-10,,,,,,6,-36,,,,,,,,,,,,,,,,,
SITE,CENFIRE-INLINE_probe08,,,,212,,,,,,2-7-12-10,,,,,,6,-37,,,,,,,,,,,,,,,,,
SITE,CENFIRE-INLINE_probe08,,,,213,,,,,,1-7-13-10,,,,,,6,-45,,,,,,,,,,,,,,,,,
SITE,CENFIRE-INLINE_probe08,,,,214,,,,,,2-7-13-10,,,,,,6,-46,,,,,,,,,,,,,,,,,
SITE,CENFIRE-INLINE_probe08,,,,215,,,,,,1-7-14-10,,,,,,6,-54,,,,,,,,,,,,,,,,,
SITE,CENFIRE-INLINE_probe08,,,,216,,,,,,2-7-14-10,,,,,,6,-55,,,,,,,,,,,,,,,,,
SITE,CENFIRE-INLINE_probe08,,,,217,,,,,,1-7-15-10,,,,,,6,-63,,,,,,,,,,,,,,,,,
SITE,CENFIRE-INLINE_probe08,,,,218,,,,,,1-7-1-11,,,,,,-1,63,,,,,,,,,,,,,,,,,
SITE,CENFIRE-INLINE_probe08,,,,219,,,,,,2-7-1-11,,,,,,-1,62,,,,,,,,,,,,,,,,,
SITE,CENFIRE-INLINE_probe08,,,,220,,,,,,1-7-2-11,,,,,,-1,54,,,,,,,,,,,,,,,,,
SITE,CENFIRE-INLINE_probe08,,,,221,,,,,,2-7-2-11,,,,,,-1,53,,,,,,,,,,,,,,,,,
SITE,CENFIRE-INLINE_probe08,,,,222,,,,,,1-7-3-11,,,,,,-1,45,,,,,,,,,,,,,,,,,
SITE,CENFIRE-INLINE_probe08,,,,223,,,,,,2-7-3-11,,,,,,-1,44,,,,,,,,,,,,,,,,,
SITE,CENFIRE-INLINE_probe08,,,,224,,,,,,1-7-4-11,,,,,,-1,36,,,,,,,,,,,,,,,,,
SITE,CENFIRE-INLINE_probe08,,,,225,,,,,,2-7-4-11,,,,,,-1,35,,,,,,,,,,,,,,,,,
SITE,CENFIRE-INLINE_probe08,,,,226,,,,,,1-7-5-11,,,,,,-1,27,,,,,,,,,,,,,,,,,
SITE,CENFIRE-INLINE_probe08,,,,227,,,,,,2-7-5-11,,,,,,-1,26,,,,,,,,,,,,,,,,,
SITE,CENFIRE-INLINE_probe08,,,,228,,,,,,1-7-6-11,,,,,,-1,18,,,,,,,,,,,,,,,,,
SITE,CENFIRE-INLINE_probe08,,,,229,,,,,,2-7-6-11,,,,,,-1,17,,,,,,,,,,,,,,,,,
SITE,CENFIRE-INLINE_probe08,,,,230,,,,,,1-7-7-11,,,,,,-1,9,,,,,,,,,,,,,,,,,
SITE,CENFIRE-INLINE_probe08,,,,231,,,,,,2-7-7-11,,,,,,-1,8,,,,,,,,,,,,,,,,,
SITE,CENFIRE-INLINE_probe08,,,,232,,,,,,1-7-8-11,,,,,,-1,0,,,,,,,,,,,,,,,,,
SITE,CENFIRE-INLINE_probe08,,,,233,,,,,,2-7-8-11,,,,,,-1,-1,,,,,,,,,,,,,,,,,
SITE,CENFIRE-INLINE_probe08,,,,234,,,,,,1-7-9-11,,,,,,-1,-9,,,,,,,,,,,,,,,,,
SITE,CENFIRE-INLINE_probe08,,,,235,,,,,,2-7-9-11,,,,,,-1,-10,,,,,,,,,,,,,,,,,
SITE,CENFIRE-INLINE_probe08,,,,236,,,,,,1-7-10-11,,,,,,-1,-18,,,,,,,,,,,,,,,,,
SITE,CENFIRE-INLINE_probe08,,,,237,,,,,,2-7-10-11,,,,,,-1,-19,,,,,,,,,,,,,,,,,
SITE,CENFIRE-INLINE_probe08,,,,238,,,,,,1-7-11-11,,,,,,-1,-27,,,,,,,,,,,,,,,,,
SITE,CENFIRE-INLINE_probe08,,,,239,,,,,,2-7-11-11,,,,,,-1,-28,,,,,,,,,,,,,,,,,
SITE,CENFIRE-INLINE_probe08,,,,240,,,,,,1-7-12-11,,,,,,-1,-36,,,,,,,,,,,,,,,,,
SITE,CENFIRE-INLINE_probe08,,,,241,,,,,,2-7-12-11,,,,,,-1,-37,,,,,,,,,,,,,,,,,
SITE,CENFIRE-INLINE_probe08,,,,242,,,,,,1-7-13-11,,,,,,-1,-45,,,,,,,,,,,,,,,,,
SITE,CENFIRE-INLINE_probe08,,,,243,,,,,,2-7-13-11,,,,,,-1,-46,,,,,,,,,,,,,,,,,
SITE,CENFIRE-INLINE_probe08,,,,244,,,,,,1-7-14-11,,,,,,-1,-54,,,,,,,,,,,,,,,,,
SITE,CENFIRE-INLINE_probe08,,,,245,,,,,,2-7-14-11,,,,,,-1,-55,,,,,,,,,,,,,,,,,
SITE,CENFIRE-INLINE_probe08,,,,246,,,,,,1-7-15-11,,,,,,-1,-63,,,,,,,,,,,,,,,,,
SITE,CENFIRE-INLINE_probe08,,,,247,,,,,,1-7-2-12,,,,,,-8,54,,,,,,,,,,,,,,,,,
SITE,CENFIRE-INLINE_probe08,,,,248,,,,,,2-7-2-12,,,,,,-8,53,,,,,,,,,,,,,,,,,
SITE,CENFIRE-INLINE_probe08,,,,249,,,,,,1-7-3-12,,,,,,-8,45,,,,,,,,,,,,,,,,,
SITE,CENFIRE-INLINE_probe08,,,,250,,,,,,2-7-3-12,,,,,,-8,44,,,,,,,,,,,,,,,,,
SITE,CENFIRE-INLINE_probe08,,,,251,,,,,,1-7-4-12,,,,,,-8,36,,,,,,,,,,,,,,,,,
SITE,CENFIRE-INLINE_probe08,,,,252,,,,,,2-7-4-12,,,,,,-8,35,,,,,,,,,,,,,,,,,
SITE,CENFIRE-INLINE_probe08,,,,253,,,,,,1-7-5-12,,,,,,-8,27,,,,,,,,,,,,,,,,,
SITE,CENFIRE-INLINE_probe08,,,,254,,,,,,2-7-5-12,,,,,,-8,26,,,,,,,,,,,,,,,,,
SITE,CENFIRE-INLINE_probe08,,,,255,,,,,,1-7-6-12,,,,,,-8,18,,,,,,,,,,,,,,,,,
SITE,CENFIRE-INLINE_probe08,,,,256,,,,,,2-7-6-12,,,,,,-8,17,,,,,,,,,,,,,,,,,
SITE,CENFIRE-INLINE_probe08,,,,257,,,,,,1-7-7-12,,,,,,-8,9,,,,,,,,,,,,,,,,,
SITE,CENFIRE-INLINE_probe08,,,,258,,,,,,2-7-7-12,,,,,,-8,8,,,,,,,,,,,,,,,,,
SITE,CENFIRE-INLINE_probe08,,,,259,,,,,,1-7-8-12,,,,,,-8,0,,,,,,,,,,,,,,,,,
SITE,CENFIRE-INLINE_probe08,,,,260,,,,,,2-7-8-12,,,,,,-8,-1,,,,,,,,,,,,,,,,,
SITE,CENFIRE-INLINE_probe08,,,,261,,,,,,1-7-9-12,,,,,,-8,-9,,,,,,,,,,,,,,,,,
SITE,CENFIRE-INLINE_probe08,,,,262,,,,,,2-7-9-12,,,,,,-8,-10,,,,,,,,,,,,,,,,,
SITE,CENFIRE-INLINE_probe08,,,,263,,,,,,1-7-10-12,,,,,,-8,-18,,,,,,,,,,,,,,,,,
SITE,CENFIRE-INLINE_probe08,,,,264,,,,,,2-7-10-12,,,,,,-8,-19,,,,,,,,,,,,,,,,,
SITE,CENFIRE-INLINE_probe08,,,,265,,,,,,1-7-11-12,,,,,,-8,-27,,,,,,,,,,,,,,,,,
SITE,CENFIRE-INLINE_probe08,,,,266,,,,,,2-7-11-12,,,,,,-8,-28,,,,,,,,,,,,,,,,,
SITE,CENFIRE-INLINE_probe08,,,,267,,,,,,1-7-12-12,,,,,,-8,-36,,,,,,,,,,,,,,,,,
SITE,CENFIRE-INLINE_probe08,,,,268,,,,,,2-7-12-12,,,,,,-8,-37,,,,,,,,,,,,,,,,,
SITE,CENFIRE-INLINE_probe08,,,,269,,,,,,1-7-13-12,,,,,,-8,-45,,,,,,,,,,,,,,,,,
SITE,CENFIRE-INLINE_probe08,,,,270,,,,,,2-7-13-12,,,,,,-8,-46,,,,,,,,,,,,,,,,,
SITE,CENFIRE-INLINE_probe08,,,,271,,,,,,1-7-14-12,,,,,,-8,-54,,,,,,,,,,,,,,,,,
SITE,CENFIRE-INLINE_probe08,,,,272,,,,,,2-7-14-12,,,,,,-8,-55,,,,,,,,,,,,,,,,,
SITE,CENFIRE-INLINE_probe08,,,,273,,,,,,1-7-2-13,,,,,,-15,54,,,,,,,,,,,,,,,,,
SITE,CENFIRE-INLINE_probe08,,,,274,,,,,,2-7-2-13,,,,,,-15,53,,,,,,,,,,,,,,,,,
SITE,CENFIRE-INLINE_probe08,,,,275,,,,,,1-7-3-13,,,,,,-15,45,,,,,,,,,,,,,,,,,
SITE,CENFIRE-INLINE_probe08,,,,276,,,,,,2-7-3-13,,,,,,-15,44,,,,,,,,,,,,,,,,,
SITE,CENFIRE-INLINE_probe08,,,,277,,,,,,1-7-4-13,,,,,,-15,36,,,,,,,,,,,,,,,,,
SITE,CENFIRE-INLINE_probe08,,,,278,,,,,,2-7-4-13,,,,,,-15,35,,,,,,,,,,,,,,,,,
SITE,CENFIRE-INLINE_probe08,,,,279,,,,,,1-7-5-13,,,,,,-15,27,,,,,,,,,,,,,,,,,
SITE,CENFIRE-INLINE_probe08,,,,280,,,,,,2-7-5-13,,,,,,-15,26,,,,,,,,,,,,,,,,,
SITE,CENFIRE-INLINE_probe08,,,,281,,,,,,1-7-6-13,,,,,,-15,18,,,,,,,,,,,,,,,,,
SITE,CENFIRE-INLINE_probe08,,,,282,,,,,,2-7-6-13,,,,,,-15,17,,,,,,,,,,,,,,,,,
SITE,CENFIRE-INLINE_probe08,,,,283,,,,,,1-7-7-13,,,,,,-15,9,,,,,,,,,,,,,,,,,
SITE,CENFIRE-INLINE_probe08,,,,284,,,,,,2-7-7-13,,,,,,-15,8,,,,,,,,,,,,,,,,,
SITE,CENFIRE-INLINE_probe08,,,,285,,,,,,1-7-8-13,,,,,,-15,0,,,,,,,,,,,,,,,,,
SITE,CENFIRE-INLINE_probe08,,,,286,,,,,,2-7-8-13,,,,,,-15,-1,,,,,,,,,,,,,,,,,
SITE,CENFIRE-INLINE_probe08,,,,287,,,,,,1-7-9-13,,,,,,-15,-9,,,,,,,,,,,,,,,,,
SITE,CENFIRE-INLINE_probe08,,,,288,,,,,,2-7-9-13,,,,,,-15,-10,,,,,,,,,,,,,,,,,
SITE,CENFIRE-INLINE_probe08,,,,289,,,,,,1-7-10-13,,,,,,-15,-18,,,,,,,,,,,,,,,,,
SITE,CENFIRE-INLINE_probe08,,,,290,,,,,,2-7-10-13,,,,,,-15,-19,,,,,,,,,,,,,,,,,
SITE,CENFIRE-INLINE_probe08,,,,291,,,,,,1-7-11-13,,,,,,-15,-27,,,,,,,,,,,,,,,,,
SITE,CENFIRE-INLINE_probe08,,,,292,,,,,,2-7-11-13,,,,,,-15,-28,,,,,,,,,,,,,,,,,
SITE,CENFIRE-INLINE_probe08,,,,293,,,,,,1-7-12-13,,,,,,-15,-36,,,,,,,,,,,,,,,,,
SITE,CENFIRE-INLINE_probe08,,,,294,,,,,,2-7-12-13,,,,,,-15,-37,,,,,,,,,,,,,,,,,
SITE,CENFIRE-INLINE_probe08,,,,295,,,,,,1-7-13-13,,,,,,-15,-45,,,,,,,,,,,,,,,,,
SITE,CENFIRE-INLINE_probe08,,,,296,,,,,,2-7-13-13,,,,,,-15,-46,,,,,,,,,,,,,,,,,
SITE,CENFIRE-INLINE_probe08,,,,297,,,,,,1-7-14-13,,,,,,-15,-54,,,,,,,,,,,,,,,,,
SITE,CENFIRE-INLINE_probe08,,,,298,,,,,,2-7-14-13,,,,,,-15,-55,,,,,,,,,,,,,,,,,
SITE,CENFIRE-INLINE_probe08,,,,299,,,,,,1-7-2-14,,,,,,-22,54,,,,,,,,,,,,,,,,,
SITE,CENFIRE-INLINE_probe08,,,,300,,,,,,2-7-2-14,,,,,,-22,53,,,,,,,,,,,,,,,,,
SITE,CENFIRE-INLINE_probe08,,,,301,,,,,,1-7-3-14,,,,,,-22,45,,,,,,,,,,,,,,,,,
SITE,CENFIRE-INLINE_probe08,,,,302,,,,,,2-7-3-14,,,,,,-22,44,,,,,,,,,,,,,,,,,
SITE,CENFIRE-INLINE_probe08,,,,303,,,,,,1-7-4-14,,,,,,-22,36,,,,,,,,,,,,,,,,,
SITE,CENFIRE-INLINE_probe08,,,,304,,,,,,2-7-4-14,,,,,,-22,35,,,,,,,,,,,,,,,,,
SITE,CENFIRE-INLINE_probe08,,,,305,,,,,,1-7-5-14,,,,,,-22,27,,,,,,,,,,,,,,,,,
SITE,CENFIRE-INLINE_probe08,,,,306,,,,,,2-7-5-14,,,,,,-22,26,,,,,,,,,,,,,,,,,
SITE,CENFIRE-INLINE_probe08,,,,307,,,,,,1-7-6-14,,,,,,-22,18,,,,,,,,,,,,,,,,,
SITE,CENFIRE-INLINE_probe08,,,,308,,,,,,2-7-6-14,,,,,,-22,17,,,,,,,,,,,,,,,,,
SITE,CENFIRE-INLINE_probe08,,,,309,,,,,,1-7-7-14,,,,,,-22,9,,,,,,,,,,,,,,,,,
SITE,CENFIRE-INLINE_probe08,,,,310,,,,,,2-7-7-14,,,,,,-22,8,,,,,,,,,,,,,,,,,
SITE,CENFIRE-INLINE_probe08,,,,311,,,,,,1-7-8-14,,,,,,-22,0,,,,,,,,,,,,,,,,,
SITE,CENFIRE-INLINE_probe08,,,,312,,,,,,2-7-8-14,,,,,,-22,-1,,,,,,,,,,,,,,,,,
SITE,CENFIRE-INLINE_probe08,,,,313,,,,,,1-7-9-14,,,,,,-22,-9,,,,,,,,,,,,,,,,,
SITE,CENFIRE-INLINE_probe08,,,,314,,,,,,2-7-9-14,,,,,,-22,-10,,,,,,,,,,,,,,,,,
SITE,CENFIRE-INLINE_probe08,,,,315,,,,,,1-7-10-14,,,,,,-22,-18,,,,,,,,,,,,,,,,,
SITE,CENFIRE-INLINE_probe08,,,,316,,,,,,2-7-10-14,,,,,,-22,-19,,,,,,,,,,,,,,,,,
SITE,CENFIRE-INLINE_probe08,,,,317,,,,,,1-7-11-14,,,,,,-22,-27,,,,,,,,,,,,,,,,,
SITE,CENFIRE-INLINE_probe08,,,,318,,,,,,2-7-11-14,,,,,,-22,-28,,,,,,,,,,,,,,,,,
SITE,CENFIRE-INLINE_probe08,,,,319,,,,,,1-7-12-14,,,,,,-22,-36,,,,,,,,,,,,,,,,,
SITE,CENFIRE-INLINE_probe08,,,,320,,,,,,2-7-12-14,,,,,,-22,-37,,,,,,,,,,,,,,,,,
SITE,CENFIRE-INLINE_probe08,,,,321,,,,,,1-7-13-14,,,,,,-22,-45,,,,,,,,,,,,,,,,,
SITE,CENFIRE-INLINE_probe08,,,,322,,,,,,2-7-13-14,,,,,,-22,-46,,,,,,,,,,,,,,,,,
SITE,CENFIRE-INLINE_probe08,,,,323,,,,,,1-7-14-14,,,,,,-22,-54,,,,,,,,,,,,,,,,,
SITE,CENFIRE-INLINE_probe08,,,,324,,,,,,2-7-14-14,,,,,,-22,-55,,,,,,,,,,,,,,,,,
SITE,CENFIRE-INLINE_probe08,,,,325,,,,,,1-7-3-15,,,,,,-29,45,,,,,,,,,,,,,,,,,
SITE,CENFIRE-INLINE_probe08,,,,326,,,,,,2-7-3-15,,,,,,-29,44,,,,,,,,,,,,,,,,,
SITE,CENFIRE-INLINE_probe08,,,,327,,,,,,1-7-4-15,,,,,,-29,36,,,,,,,,,,,,,,,,,
SITE,CENFIRE-INLINE_probe08,,,,328,,,,,,2-7-4-15,,,,,,-29,35,,,,,,,,,,,,,,,,,
SITE,CENFIRE-INLINE_probe08,,,,329,,,,,,1-7-5-15,,,,,,-29,27,,,,,,,,,,,,,,,,,
SITE,CENFIRE-INLINE_probe08,,,,330,,,,,,2-7-5-15,,,,,,-29,26,,,,,,,,,,,,,,,,,
SITE,CENFIRE-INLINE_probe08,,,,331,,,,,,1-7-6-15,,,,,,-29,18,,,,,,,,,,,,,,,,,
SITE,CENFIRE-INLINE_probe08,,,,332,,,,,,2-7-6-15,,,,,,-29,17,,,,,,,,,,,,,,,,,
SITE,CENFIRE-INLINE_probe08,,,,333,,,,,,1-7-7-15,,,,,,-29,9,,,,,,,,,,,,,,,,,
SITE,CENFIRE-INLINE_probe08,,,,334,,,,,,2-7-7-15,,,,,,-29,8,,,,,,,,,,,,,,,,,
SITE,CENFIRE-INLINE_probe08,,,,335,,,,,,1-7-8-15,,,,,,-29,0,,,,,,,,,,,,,,,,,
SITE,CENFIRE-INLINE_probe08,,,,336,,,,,,2-7-8-15,,,,,,-29,-1,,,,,,,,,,,,,,,,,
SITE,CENFIRE-INLINE_probe08,,,,337,,,,,,1-7-9-15,,,,,,-29,-9,,,,,,,,,,,,,,,,,
SITE,CENFIRE-INLINE_probe08,,,,338,,,,,,2-7-9-15,,,,,,-29,-10,,,,,,,,,,,,,,,,,
SITE,CENFIRE-INLINE_probe08,,,,339,,,,,,1-7-10-15,,,,,,-29,-18,,,,,,,,,,,,,,,,,
SITE,CENFIRE-INLINE_probe08,,,,340,,,,,,2-7-10-15,,,,,,-29,-19,,,,,,,,,,,,,,,,,
SITE,CENFIRE-INLINE_probe08,,,,341,,,,,,1-7-11-15,,,,,,-29,-27,,,,,,,,,,,,,,,,,
SITE,CENFIRE-INLINE_probe08,,,,342,,,,,,2-7-11-15,,,,,,-29,-28,,,,,,,,,,,,,,,,,
SITE,CENFIRE-INLINE_probe08,,,,343,,,,,,1-7-12-15,,,,,,-29,-36,,,,,,,,,,,,,,,,,
SITE,CENFIRE-INLINE_probe08,,,,344,,,,,,2-7-12-15,,,,,,-29,-37,,,,,,,,,,,,,,,,,
SITE,CENFIRE-INLINE_probe08,,,,345,,,,,,1-7-13-15,,,,,,-29,-45,,,,,,,,,,,,,,,,,
SITE,CENFIRE-INLINE_probe08,,,,346,,,,,,2-7-13-15,,,,,,-29,-46,,,,,,,,,,,,,,,,,
SITE,CENFIRE-INLINE_probe08,,,,347,,,,,,1-7-3-16,,,,,,-36,45,,,,,,,,,,,,,,,,,
SITE,CENFIRE-INLINE_probe08,,,,348,,,,,,2-7-3-16,,,,,,-36,44,,,,,,,,,,,,,,,,,
SITE,CENFIRE-INLINE_probe08,,,,349,,,,,,1-7-4-16,,,,,,-36,36,,,,,,,,,,,,,,,,,
SITE,CENFIRE-INLINE_probe08,,,,350,,,,,,2-7-4-16,,,,,,-36,35,,,,,,,,,,,,,,,,,
SITE,CENFIRE-INLINE_probe08,,,,351,,,,,,1-7-5-16,,,,,,-36,27,,,,,,,,,,,,,,,,,
SITE,CENFIRE-INLINE_probe08,,,,352,,,,,,2-7-5-16,,,,,,-36,26,,,,,,,,,,,,,,,,,
SITE,CENFIRE-INLINE_probe08,,,,353,,,,,,1-7-6-16,,,,,,-36,18,,,,,,,,,,,,,,,,,
SITE,CENFIRE-INLINE_probe08,,,,354,,,,,,2-7-6-16,,,,,,-36,17,,,,,,,,,,,,,,,,,
SITE,CENFIRE-INLINE_probe08,,,,355,,,,,,1-7-7-16,,,,,,-36,9,,,,,,,,,,,,,,,,,
SITE,CENFIRE-INLINE_probe08,,,,356,,,,,,2-7-7-16,,,,,,-36,8,,,,,,,,,,,,,,,,,
SITE,CENFIRE-INLINE_probe08,,,,357,,,,,,1-7-8-16,,,,,,-36,0,,,,,,,,,,,,,,,,,
SITE,CENFIRE-INLINE_probe08,,,,358,,,,,,2-7-8-16,,,,,,-36,-1,,,,,,,,,,,,,,,,,
SITE,CENFIRE-INLINE_probe08,,,,359,,,,,,1-7-9-16,,,,,,-36,-9,,,,,,,,,,,,,,,,,
SITE,CENFIRE-INLINE_probe08,,,,360,,,,,,2-7-9-16,,,,,,-36,-10,,,,,,,,,,,,,,,,,
SITE,CENFIRE-INLINE_probe08,,,,361,,,,,,1-7-10-16,,,,,,-36,-18,,,,,,,,,,,,,,,,,
SITE,CENFIRE-INLINE_probe08,,,,362,,,,,,2-7-10-16,,,,,,-36,-19,,,,,,,,,,,,,,,,,
SITE,CENFIRE-INLINE_probe08,,,,363,,,,,,1-7-11-16,,,,,,-36,-27,,,,,,,,,,,,,,,,,
SITE,CENFIRE-INLINE_probe08,,,,364,,,,,,2-7-11-16,,,,,,-36,-28,,,,,,,,,,,,,,,,,
SITE,CENFIRE-INLINE_probe08,,,,365,,,,,,1-7-12-16,,,,,,-36,-36,,,,,,,,,,,,,,,,,
SITE,CENFIRE-INLINE_probe08,,,,366,,,,,,2-7-12-16,,,,,,-36,-37,,,,,,,,,,,,,,,,,
SITE,CENFIRE-INLINE_probe08,,,,367,,,,,,1-7-13-16,,,,,,-36,-45,,,,,,,,,,,,,,,,,
SITE,CENFIRE-INLINE_probe08,,,,368,,,,,,2-7-13-16,,,,,,-36,-46,,,,,,,,,,,,,,,,,
SITE,CENFIRE-INLINE_probe08,,,,369,,,,,,1-7-4-17,,,,,,-43,36,,,,,,,,,,,,,,,,,
SITE,CENFIRE-INLINE_probe08,,,,370,,,,,,2-7-4-17,,,,,,-43,35,,,,,,,,,,,,,,,,,
SITE,CENFIRE-INLINE_probe08,,,,371,,,,,,1-7-5-17,,,,,,-43,27,,,,,,,,,,,,,,,,,
SITE,CENFIRE-INLINE_probe08,,,,372,,,,,,2-7-5-17,,,,,,-43,26,,,,,,,,,,,,,,,,,
SITE,CENFIRE-INLINE_probe08,,,,373,,,,,,1-7-6-17,,,,,,-43,18,,,,,,,,,,,,,,,,,
SITE,CENFIRE-INLINE_probe08,,,,374,,,,,,2-7-6-17,,,,,,-43,17,,,,,,,,,,,,,,,,,
SITE,CENFIRE-INLINE_probe08,,,,375,,,,,,1-7-7-17,,,,,,-43,9,,,,,,,,,,,,,,,,,
SITE,CENFIRE-INLINE_probe08,,,,376,,,,,,2-7-7-17,,,,,,-43,8,,,,,,,,,,,,,,,,,
SITE,CENFIRE-INLINE_probe08,,,,377,,,,,,1-7-8-17,,,,,,-43,0,,,,,,,,,,,,,,,,,
SITE,CENFIRE-INLINE_probe08,,,,378,,,,,,2-7-8-17,,,,,,-43,-1,,,,,,,,,,,,,,,,,
SITE,CENFIRE-INLINE_probe08,,,,379,,,,,,1-7-9-17,,,,,,-43,-9,,,,,,,,,,,,,,,,,
SITE,CENFIRE-INLINE_probe08,,,,380,,,,,,2-7-9-17,,,,,,-43,-10,,,,,,,,,,,,,,,,,
SITE,CENFIRE-INLINE_probe08,,,,381,,,,,,1-7-10-17,,,,,,-43,-18,,,,,,,,,,,,,,,,,
SITE,CENFIRE-INLINE_probe08,,,,382,,,,,,2-7-10-17,,,,,,-43,-19,,,,,,,,,,,,,,,,,
SITE,CENFIRE-INLINE_probe08,,,,383,,,,,,1-7-11-17,,,,,,-43,-27,,,,,,,,,,,,,,,,,
SITE,CENFIRE-INLINE_probe08,,,,384,,,,,,2-7-11-17,,,,,,-43,-28,,,,,,,,,,,,,,,,,
SITE,CENFIRE-INLINE_probe08,,,,385,,,,,,1-7-12-17,,,,,,-43,-36,,,,,,,,,,,,,,,,,
SITE,CENFIRE-INLINE_probe08,,,,386,,,,,,2-7-12-17,,,,,,-43,-37,,,,,,,,,,,,,,,,,
SITE,CENFIRE-INLINE_probe08,,,,387,,,,,,1-7-5-18,,,,,,-50,27,,,,,,,,,,,,,,,,,
SITE,CENFIRE-INLINE_probe08,,,,388,,,,,,2-7-5-18,,,,,,-50,26,,,,,,,,,,,,,,,,,
SITE,CENFIRE-INLINE_probe08,,,,389,,,,,,1-7-6-18,,,,,,-50,18,,,,,,,,,,,,,,,,,
SITE,CENFIRE-INLINE_probe08,,,,390,,,,,,2-7-6-18,,,,,,-50,17,,,,,,,,,,,,,,,,,
SITE,CENFIRE-INLINE_probe08,,,,391,,,,,,1-7-7-18,,,,,,-50,9,,,,,,,,,,,,,,,,,
SITE,CENFIRE-INLINE_probe08,,,,392,,,,,,2-7-7-18,,,,,,-50,8,,,,,,,,,,,,,,,,,
SITE,CENFIRE-INLINE_probe08,,,,393,,,,,,1-7-8-18,,,,,,-50,0,,,,,,,,,,,,,,,,,
SITE,CENFIRE-INLINE_probe08,,,,394,,,,,,2-7-8-18,,,,,,-50,-1,,,,,,,,,,,,,,,,,
SITE,CENFIRE-INLINE_probe08,,,,395,,,,,,1-7-9-18,,,,,,-50,-9,,,,,,,,,,,,,,,,,
SITE,CENFIRE-INLINE_probe08,,,,396,,,,,,2-7-9-18,,,,,,-50,-10,,,,,,,,,,,,,,,,,
SITE,CENFIRE-INLINE_probe08,,,,397,,,,,,1-7-10-18,,,,,,-50,-18,,,,,,,,,,,,,,,,,
SITE,CENFIRE-INLINE_probe08,,,,398,,,,,,2-7-10-18,,,,,,-50,-19,,,,,,,,,,,,,,,,,
SITE,CENFIRE-INLINE_probe08,,,,399,,,,,,1-7-11-18,,,,,,-50,-27,,,,,,,,,,,,,,,,,
SITE,CENFIRE-INLINE_probe08,,,,400,,,,,,2-7-11-18,,,,,,-50,-28,,,,,,,,,,,,,,,,,
SITE,CENFIRE-INLINE_probe08,,,,401,,,,,,1-7-7-19,,,,,,-57,9,,,,,,,,,,,,,,,,,
SITE,CENFIRE-INLINE_probe08,,,,402,,,,,,2-7-7-19,,,,,,-57,8,,,,,,,,,,,,,,,,,
SITE,CENFIRE-INLINE_probe08,,,,403,,,,,,1-7-8-19,,,,,,-57,0,,,,,,,,,,,,,,,,,
SITE,CENFIRE-INLINE_probe08,,,,404,,,,,,2-7-8-19,,,,,,-57,-1,,,,,,,,,,,,,,,,,
SITE,CENFIRE-INLINE_probe08,,,,405,,,,,,1-7-9-19,,,,,,-57,-9,,,,,,,,,,,,,,,,,
SITE,CENFIRE-INLINE_probe08,,,,406,,,,,,2-7-9-19,,,,,,-57,-10,,,,,,,,,,,,,,,,,
