row,col,seq,quad_pos,device_id,x_um,y_um,map_x,map_y,shot_x,shot_y,enabled
0,6,1,R0C0,01G,6000,0,6000,0,6000,0,1
0,7,2,R0C0,01H,7000,0,7000,0,7000,0,1
0,8,3,R0C0,01I,8000,0,8000,0,8000,0,1
0,9,4,R0C0,01J,9000,0,9000,0,9000,0,1
0,10,5,R0C0,01K,10000,0,10000,0,10000,0,1
0,11,6,R0C0,01L,11000,0,11000,0,11000,0,1
1,5,7,R0C0,02F,5000,-1000,5000,1000,5000,1000,1
1,6,8,R0C0,02G,6000,-1000,6000,1000,6000,1000,1
1,7,9,R0C0,02H,7000,-1000,7000,1000,7000,1000,1
1,8,10,R0C0,02I,8000,-1000,8000,1000,8000,1000,1
1,9,11,R0C0,02J,9000,-1000,9000,1000,9000,1000,1
1,10,12,R0C0,02K,10000,-1000,10000,1000,10000,1000,1
1,11,13,R0C0,02L,11000,-1000,11000,1000,11000,1000,1
1,12,14,R0C0,02M,12000,-1000,12000,1000,12000,1000,1
2,4,15,R0C0,03E,4000,-2000,4000,2000,4000,2000,1
2,5,16,R0C0,03F,5000,-2000,5000,2000,5000,2000,1
2,6,17,R0C0,03G,6000,-2000,6000,2000,6000,2000,1
2,7,18,R0C0,03H,7000,-2000,7000,2000,7000,2000,1
2,8,19,R0C0,03I,8000,-2000,8000,2000,8000,2000,1
2,9,20,R0C0,03J,9000,-2000,9000,2000,9000,2000,1
2,10,21,R0C0,03K,10000,-2000,10000,2000,10000,2000,1
2,11,22,R0C0,03L,11000,-2000,11000,2000,11000,2000,1
2,12,23,R0C0,03M,12000,-2000,12000,2000,12000,2000,1
2,13,24,R0C0,03N,13000,-2000,13000,2000,13000,2000,1
3,3,25,R0C0,04D,3000,-3000,3000,3000,3000,3000,1
3,4,26,R0C0,04E,4000,-3000,4000,3000,4000,3000,1
3,5,27,R0C0,04F,5000,-3000,5000,3000,5000,3000,1
3,6,28,R0C0,04G,6000,-3000,6000,3000,6000,3000,1
3,7,29,R0C0,04H,7000,-3000,7000,3000,7000,3000,1
3,8,30,R0C0,04I,8000,-3000,8000,3000,8000,3000,1
3,9,31,R0C0,04J,9000,-3000,9000,3000,9000,3000,1
3,10,32,R0C0,04K,10000,-3000,10000,3000,10000,3000,1
3,11,33,R0C0,04L,11000,-3000,11000,3000,11000,3000,1
3,12,34,R0C0,04M,12000,-3000,12000,3000,12000,3000,1
3,13,35,R0C0,04N,13000,-3000,13000,3000,13000,3000,1
3,14,36,R0C0,04O,14000,-3000,14000,3000,14000,3000,1
4,2,37,R0C0,05C,2000,-4000,2000,4000,2000,4000,1
4,3,38,R0C0,05D,3000,-4000,3000,4000,3000,4000,1
4,4,39,R0C0,05E,4000,-4000,4000,4000,4000,4000,1
4,5,40,R0C0,05F,5000,-4000,5000,4000,5000,4000,1
4,6,41,R0C0,05G,6000,-4000,6000,4000,6000,4000,1
4,7,42,R0C0,05H,7000,-4000,7000,4000,7000,4000,1
4,8,43,R0C0,05I,8000,-4000,8000,4000,8000,4000,1
4,9,44,R0C0,05J,9000,-4000,9000,4000,9000,4000,1
4,10,45,R0C0,05K,10000,-4000,10000,4000,10000,4000,1
4,11,46,R0C0,05L,11000,-4000,11000,4000,11000,4000,1
4,12,47,R0C0,05M,12000,-4000,12000,4000,12000,4000,1
4,13,48,R0C0,05N,13000,-4000,13000,4000,13000,4000,1
4,14,49,R0C0,05O,14000,-4000,14000,4000,14000,4000,1
4,15,50,R0C0,05P,15000,-4000,15000,4000,15000,4000,1
5,2,51,R0C0,06C,2000,-5000,2000,5000,2000,5000,1
5,3,52,R0C0,06D,3000,-5000,3000,5000,3000,5000,1
5,4,53,R0C0,06E,4000,-5000,4000,5000,4000,5000,1
5,5,54,R0C0,06F,5000,-5000,5000,5000,5000,5000,1
5,6,55,R0C0,06G,6000,-5000,6000,5000,6000,5000,1
5,7,56,R0C0,06H,7000,-5000,7000,5000,7000,5000,1
5,8,57,R0C0,06I,8000,-5000,8000,5000,8000,5000,1
5,9,58,R0C0,06J,9000,-5000,9000,5000,9000,5000,1
5,10,59,R0C0,06K,10000,-5000,10000,5000,10000,5000,1
5,11,60,R0C0,06L,11000,-5000,11000,5000,11000,5000,1
5,12,61,R0C0,06M,12000,-5000,12000,5000,12000,5000,1
5,13,62,R0C0,06N,13000,-5000,13000,5000,13000,5000,1
5,14,63,R0C0,06O,14000,-5000,14000,5000,14000,5000,1
5,15,64,R0C0,06P,15000,-5000,15000,5000,15000,5000,1
6,1,65,R0C0,07B,1000,-6000,1000,6000,1000,6000,1
6,2,66,R0C0,07C,2000,-6000,2000,6000,2000,6000,1
6,3,67,R0C0,07D,3000,-6000,3000,6000,3000,6000,1
6,4,68,R0C0,07E,4000,-6000,4000,6000,4000,6000,1
6,5,69,R0C0,07F,5000,-6000,5000,6000,5000,6000,1
6,6,70,R0C0,07G,6000,-6000,6000,6000,6000,6000,1
6,7,71,R0C0,07H,7000,-6000,7000,6000,7000,6000,1
6,8,72,R0C0,07I,8000,-6000,8000,6000,8000,6000,1
6,9,73,R0C0,07J,9000,-6000,9000,6000,9000,6000,1
6,10,74,R0C0,07K,10000,-6000,10000,6000,10000,6000,1
6,11,75,R0C0,07L,11000,-6000,11000,6000,11000,6000,1
6,12,76,R0C0,07M,12000,-6000,12000,6000,12000,6000,1
6,13,77,R0C0,07N,13000,-6000,13000,6000,13000,6000,1
6,14,78,R0C0,07O,14000,-6000,14000,6000,14000,6000,1
6,15,79,R0C0,07P,15000,-6000,15000,6000,15000,6000,1
6,16,80,R0C0,07Q,16000,-6000,16000,6000,16000,6000,1
7,1,81,R0C0,08B,1000,-7000,1000,7000,1000,7000,1
7,2,82,R0C0,08C,2000,-7000,2000,7000,2000,7000,1
7,3,83,R0C0,08D,3000,-7000,3000,7000,3000,7000,1
7,4,84,R0C0,08E,4000,-7000,4000,7000,4000,7000,1
7,5,85,R0C0,08F,5000,-7000,5000,7000,5000,7000,1
7,6,86,R0C0,08G,6000,-7000,6000,7000,6000,7000,1
7,7,87,R0C0,08H,7000,-7000,7000,7000,7000,7000,1
7,8,88,R0C0,08I,8000,-7000,8000,7000,8000,7000,1
7,9,89,R0C0,08J,9000,-7000,9000,7000,9000,7000,1
7,10,90,R0C0,08K,10000,-7000,10000,7000,10000,7000,1
7,11,91,R0C0,08L,11000,-7000,11000,7000,11000,7000,1
7,12,92,R0C0,08M,12000,-7000,12000,7000,12000,7000,1
7,13,93,R0C0,08N,13000,-7000,13000,7000,13000,7000,1
7,14,94,R0C0,08O,14000,-7000,14000,7000,14000,7000,1
7,15,95,R0C0,08P,15000,-7000,15000,7000,15000,7000,1
7,16,96,R0C0,08Q,16000,-7000,16000,7000,16000,7000,1
8,1,97,R0C0,09B,1000,-8000,1000,8000,1000,8000,1
8,2,98,R0C0,09C,2000,-8000,2000,8000,2000,8000,1
8,3,99,R0C0,09D,3000,-8000,3000,8000,3000,8000,1
8,4,100,R0C0,09E,4000,-8000,4000,8000,4000,8000,1
8,5,101,R0C0,09F,5000,-8000,5000,8000,5000,8000,1
8,6,102,R0C0,09G,6000,-8000,6000,8000,6000,8000,1
8,7,103,R0C0,09H,7000,-8000,7000,8000,7000,8000,1
8,8,104,R0C0,09I,8000,-8000,8000,8000,8000,8000,1
8,9,105,R0C0,09J,9000,-8000,9000,8000,9000,8000,1
8,10,106,R0C0,09K,10000,-8000,10000,8000,10000,8000,1
8,11,107,R0C0,09L,11000,-8000,11000,8000,11000,8000,1
8,12,108,R0C0,09M,12000,-8000,12000,8000,12000,8000,1
8,13,109,R0C0,09N,13000,-8000,13000,8000,13000,8000,1
8,14,110,R0C0,09O,14000,-8000,14000,8000,14000,8000,1
8,15,111,R0C0,09P,15000,-8000,15000,8000,15000,8000,1
8,16,112,R0C0,09Q,16000,-8000,16000,8000,16000,8000,1
9,0,113,R0C0,10A,0,-9000,0,9000,0,9000,1
9,1,114,R0C0,10B,1000,-9000,1000,9000,1000,9000,1
9,2,115,R0C0,10C,2000,-9000,2000,9000,2000,9000,1
9,3,116,R0C0,10D,3000,-9000,3000,9000,3000,9000,1
9,4,117,R0C0,10E,4000,-9000,4000,9000,4000,9000,1
9,5,118,R0C0,10F,5000,-9000,5000,9000,5000,9000,1
9,6,119,R0C0,10G,6000,-9000,6000,9000,6000,9000,1
9,7,120,R0C0,10H,7000,-9000,7000,9000,7000,9000,1
9,8,121,R0C0,10I,8000,-9000,8000,9000,8000,9000,1
9,9,122,R0C0,10J,9000,-9000,9000,9000,9000,9000,1
9,10,123,R0C0,10K,10000,-9000,10000,9000,10000,9000,1
9,11,124,R0C0,10L,11000,-9000,11000,9000,11000,9000,1
9,12,125,R0C0,10M,12000,-9000,12000,9000,12000,9000,1
9,13,126,R0C0,10N,13000,-9000,13000,9000,13000,9000,1
9,14,127,R0C0,10O,14000,-9000,14000,9000,14000,9000,1
9,15,128,R0C0,10P,15000,-9000,15000,9000,15000,9000,1
9,16,129,R0C0,10Q,16000,-9000,16000,9000,16000,9000,1
9,17,130,R0C0,10R,17000,-9000,17000,9000,17000,9000,1
10,0,131,R0C0,11A,0,-10000,0,10000,0,10000,1
10,1,132,R0C0,11B,1000,-10000,1000,10000,1000,10000,1
10,2,133,R0C0,11C,2000,-10000,2000,10000,2000,10000,1
10,3,134,R0C0,11D,3000,-10000,3000,10000,3000,10000,1
10,4,135,R0C0,11E,4000,-10000,4000,10000,4000,10000,1
10,5,136,R0C0,11F,5000,-10000,5000,10000,5000,10000,1
10,6,137,R0C0,11G,6000,-10000,6000,10000,6000,10000,1
10,7,138,R0C0,11H,7000,-10000,7000,10000,7000,10000,1
10,8,139,R0C0,11I,8000,-10000,8000,10000,8000,10000,1
10,9,140,R0C0,11J,9000,-10000,9000,10000,9000,10000,1
10,10,141,R0C0,11K,10000,-10000,10000,10000,10000,10000,1
10,11,142,R0C0,11L,11000,-10000,11000,10000,11000,10000,1
10,12,143,R0C0,11M,12000,-10000,12000,10000,12000,10000,1
10,13,144,R0C0,11N,13000,-10000,13000,10000,13000,10000,1
10,14,145,R0C0,11O,14000,-10000,14000,10000,14000,10000,1
10,15,146,R0C0,11P,15000,-10000,15000,10000,15000,10000,1
10,16,147,R0C0,11Q,16000,-10000,16000,10000,16000,10000,1
10,17,148,R0C0,11R,17000,-10000,17000,10000,17000,10000,1
11,0,149,R0C0,12A,0,-11000,0,11000,0,11000,1
11,1,150,R0C0,12B,1000,-11000,1000,11000,1000,11000,1
11,2,151,R0C0,12C,2000,-11000,2000,11000,2000,11000,1
11,3,152,R0C0,12D,3000,-11000,3000,11000,3000,11000,1
11,4,153,R0C0,12E,4000,-11000,4000,11000,4000,11000,1
11,5,154,R0C0,12F,5000,-11000,5000,11000,5000,11000,1
11,6,155,R0C0,12G,6000,-11000,6000,11000,6000,11000,1
11,7,156,R0C0,12H,7000,-11000,7000,11000,7000,11000,1
11,8,157,R0C0,12I,8000,-11000,8000,11000,8000,11000,1
11,9,158,R0C0,12J,9000,-11000,9000,11000,9000,11000,1
11,10,159,R0C0,12K,10000,-11000,10000,11000,10000,11000,1
11,11,160,R0C0,12L,11000,-11000,11000,11000,11000,11000,1
11,12,161,R0C0,12M,12000,-11000,12000,11000,12000,11000,1
11,13,162,R0C0,12N,13000,-11000,13000,11000,13000,11000,1
11,14,163,R0C0,12O,14000,-11000,14000,11000,14000,11000,1
11,15,164,R0C0,12P,15000,-11000,15000,11000,15000,11000,1
11,16,165,R0C0,12Q,16000,-11000,16000,11000,16000,11000,1
11,17,166,R0C0,12R,17000,-11000,17000,11000,17000,11000,1
12,0,167,R0C0,13A,0,-12000,0,12000,0,12000,1
12,1,168,R0C0,13B,1000,-12000,1000,12000,1000,12000,1
12,2,169,R0C0,13C,2000,-12000,2000,12000,2000,12000,1
12,3,170,R0C0,13D,3000,-12000,3000,12000,3000,12000,1
12,4,171,R0C0,13E,4000,-12000,4000,12000,4000,12000,1
12,5,172,R0C0,13F,5000,-12000,5000,12000,5000,12000,1
12,6,173,R0C0,13G,6000,-12000,6000,12000,6000,12000,1
12,7,174,R0C0,13H,7000,-12000,7000,12000,7000,12000,1
12,8,175,R0C0,13I,8000,-12000,8000,12000,8000,12000,1
12,9,176,R0C0,13J,9000,-12000,9000,12000,9000,12000,1
12,10,177,R0C0,13K,10000,-12000,10000,12000,10000,12000,1
12,11,178,R0C0,13L,11000,-12000,11000,12000,11000,12000,1
12,12,179,R0C0,13M,12000,-12000,12000,12000,12000,12000,1
12,13,180,R0C0,13N,13000,-12000,13000,12000,13000,12000,1
12,14,181,R0C0,13O,14000,-12000,14000,12000,14000,12000,1
12,15,182,R0C0,13P,15000,-12000,15000,12000,15000,12000,1
12,16,183,R0C0,13Q,16000,-12000,16000,12000,16000,12000,1
12,17,184,R0C0,13R,17000,-12000,17000,12000,17000,12000,1
13,0,185,R0C0,14A,0,-13000,0,13000,0,13000,1
13,1,186,R0C0,14B,1000,-13000,1000,13000,1000,13000,1
13,2,187,R0C0,14C,2000,-13000,2000,13000,2000,13000,1
13,3,188,R0C0,14D,3000,-13000,3000,13000,3000,13000,1
13,4,189,R0C0,14E,4000,-13000,4000,13000,4000,13000,1
13,5,190,R0C0,14F,5000,-13000,5000,13000,5000,13000,1
13,6,191,R0C0,14G,6000,-13000,6000,13000,6000,13000,1
13,7,192,R0C0,14H,7000,-13000,7000,13000,7000,13000,1
13,8,193,R0C0,14I,8000,-13000,8000,13000,8000,13000,1
13,9,194,R0C0,14J,9000,-13000,9000,13000,9000,13000,1
13,10,195,R0C0,14K,10000,-13000,10000,13000,10000,13000,1
13,11,196,R0C0,14L,11000,-13000,11000,13000,11000,13000,1
13,12,197,R0C0,14M,12000,-13000,12000,13000,12000,13000,1
13,13,198,R0C0,14N,13000,-13000,13000,13000,13000,13000,1
13,14,199,R0C0,14O,14000,-13000,14000,13000,14000,13000,1
13,15,200,R0C0,14P,15000,-13000,15000,13000,15000,13000,1
13,16,201,R0C0,14Q,16000,-13000,16000,13000,16000,13000,1
13,17,202,R0C0,14R,17000,-13000,17000,13000,17000,13000,1
14,1,203,R0C0,15B,1000,-14000,1000,14000,1000,14000,1
14,2,204,R0C0,15C,2000,-14000,2000,14000,2000,14000,1
14,3,205,R0C0,15D,3000,-14000,3000,14000,3000,14000,1
14,4,206,R0C0,15E,4000,-14000,4000,14000,4000,14000,1
14,5,207,R0C0,15F,5000,-14000,5000,14000,5000,14000,1
14,6,208,R0C0,15G,6000,-14000,6000,14000,6000,14000,1
14,7,209,R0C0,15H,7000,-14000,7000,14000,7000,14000,1
14,8,210,R0C0,15I,8000,-14000,8000,14000,8000,14000,1
14,9,211,R0C0,15J,9000,-14000,9000,14000,9000,14000,1
14,10,212,R0C0,15K,10000,-14000,10000,14000,10000,14000,1
14,11,213,R0C0,15L,11000,-14000,11000,14000,11000,14000,1
14,12,214,R0C0,15M,12000,-14000,12000,14000,12000,14000,1
14,13,215,R0C0,15N,13000,-14000,13000,14000,13000,14000,1
14,14,216,R0C0,15O,14000,-14000,14000,14000,14000,14000,1
14,15,217,R0C0,15P,15000,-14000,15000,14000,15000,14000,1
14,16,218,R0C0,15Q,16000,-14000,16000,14000,16000,14000,1
15,1,219,R0C0,16B,1000,-15000,1000,15000,1000,15000,1
15,2,220,R0C0,16C,2000,-15000,2000,15000,2000,15000,1
15,3,221,R0C0,16D,3000,-15000,3000,15000,3000,15000,1
15,4,222,R0C0,16E,4000,-15000,4000,15000,4000,15000,1
15,5,223,R0C0,16F,5000,-15000,5000,15000,5000,15000,1
15,6,224,R0C0,16G,6000,-15000,6000,15000,6000,15000,1
15,7,225,R0C0,16H,7000,-15000,7000,15000,7000,15000,1
15,8,226,R0C0,16I,8000,-15000,8000,15000,8000,15000,1
15,9,227,R0C0,16J,9000,-15000,9000,15000,9000,15000,1
15,10,228,R0C0,16K,10000,-15000,10000,15000,10000,15000,1
15,11,229,R0C0,16L,11000,-15000,11000,15000,11000,15000,1
15,12,230,R0C0,16M,12000,-15000,12000,15000,12000,15000,1
15,13,231,R0C0,16N,13000,-15000,13000,15000,13000,15000,1
15,14,232,R0C0,16O,14000,-15000,14000,15000,14000,15000,1
15,15,233,R0C0,16P,15000,-15000,15000,15000,15000,15000,1
15,16,234,R0C0,16Q,16000,-15000,16000,15000,16000,15000,1
16,1,235,R0C0,17B,1000,-16000,1000,16000,1000,16000,1
16,2,236,R0C0,17C,2000,-16000,2000,16000,2000,16000,1
16,3,237,R0C0,17D,3000,-16000,3000,16000,3000,16000,1
16,4,238,R0C0,17E,4000,-16000,4000,16000,4000,16000,1
16,5,239,R0C0,17F,5000,-16000,5000,16000,5000,16000,1
16,6,240,R0C0,17G,6000,-16000,6000,16000,6000,16000,1
16,7,241,R0C0,17H,7000,-16000,7000,16000,7000,16000,1
16,8,242,R0C0,17I,8000,-16000,8000,16000,8000,16000,1
16,9,243,R0C0,17J,9000,-16000,9000,16000,9000,16000,1
16,10,244,R0C0,17K,10000,-16000,10000,16000,10000,16000,1
16,11,245,R0C0,17L,11000,-16000,11000,16000,11000,16000,1
16,12,246,R0C0,17M,12000,-16000,12000,16000,12000,16000,1
16,13,247,R0C0,17N,13000,-16000,13000,16000,13000,16000,1
16,14,248,R0C0,17O,14000,-16000,14000,16000,14000,16000,1
16,15,249,R0C0,17P,15000,-16000,15000,16000,15000,16000,1
16,16,250,R0C0,17Q,16000,-16000,16000,16000,16000,16000,1
17,2,251,R0C0,18C,2000,-17000,2000,17000,2000,17000,1
17,3,252,R0C0,18D,3000,-17000,3000,17000,3000,17000,1
17,4,253,R0C0,18E,4000,-17000,4000,17000,4000,17000,1
17,5,254,R0C0,18F,5000,-17000,5000,17000,5000,17000,1
17,6,255,R0C0,18G,6000,-17000,6000,17000,6000,17000,1
17,7,256,R0C0,18H,7000,-17000,7000,17000,7000,17000,1
17,8,257,R0C0,18I,8000,-17000,8000,17000,8000,17000,1
17,9,258,R0C0,18J,9000,-17000,9000,17000,9000,17000,1
17,10,259,R0C0,18K,10000,-17000,10000,17000,10000,17000,1
17,11,260,R0C0,18L,11000,-17000,11000,17000,11000,17000,1
17,12,261,R0C0,18M,12000,-17000,12000,17000,12000,17000,1
17,13,262,R0C0,18N,13000,-17000,13000,17000,13000,17000,1
17,14,263,R0C0,18O,14000,-17000,14000,17000,14000,17000,1
17,15,264,R0C0,18P,15000,-17000,15000,17000,15000,17000,1
18,2,265,R0C0,19C,2000,-18000,2000,18000,2000,18000,1
18,3,266,R0C0,19D,3000,-18000,3000,18000,3000,18000,1
18,4,267,R0C0,19E,4000,-18000,4000,18000,4000,18000,1
18,5,268,R0C0,19F,5000,-18000,5000,18000,5000,18000,1
18,6,269,R0C0,19G,6000,-18000,6000,18000,6000,18000,1
18,7,270,R0C0,19H,7000,-18000,7000,18000,7000,18000,1
18,8,271,R0C0,19I,8000,-18000,8000,18000,8000,18000,1
18,9,272,R0C0,19J,9000,-18000,9000,18000,9000,18000,1
18,10,273,R0C0,19K,10000,-18000,10000,18000,10000,18000,1
18,11,274,R0C0,19L,11000,-18000,11000,18000,11000,18000,1
18,12,275,R0C0,19M,12000,-18000,12000,18000,12000,18000,1
18,13,276,R0C0,19N,13000,-18000,13000,18000,13000,18000,1
18,14,277,R0C0,19O,14000,-18000,14000,18000,14000,18000,1
18,15,278,R0C0,19P,15000,-18000,15000,18000,15000,18000,1
19,3,279,R0C0,20D,3000,-19000,3000,19000,3000,19000,1
19,4,280,R0C0,20E,4000,-19000,4000,19000,4000,19000,1
19,5,281,R0C0,20F,5000,-19000,5000,19000,5000,19000,1
19,6,282,R0C0,20G,6000,-19000,6000,19000,6000,19000,1
19,7,283,R0C0,20H,7000,-19000,7000,19000,7000,19000,1
19,8,284,R0C0,20I,8000,-19000,8000,19000,8000,19000,1
19,9,285,R0C0,20J,9000,-19000,9000,19000,9000,19000,1
19,10,286,R0C0,20K,10000,-19000,10000,19000,10000,19000,1
19,11,287,R0C0,20L,11000,-19000,11000,19000,11000,19000,1
19,12,288,R0C0,20M,12000,-19000,12000,19000,12000,19000,1
19,13,289,R0C0,20N,13000,-19000,13000,19000,13000,19000,1
19,14,290,R0C0,20O,14000,-19000,14000,19000,14000,19000,1
20,4,291,R0C0,21E,4000,-20000,4000,20000,4000,20000,1
20,5,292,R0C0,21F,5000,-20000,5000,20000,5000,20000,1
20,6,293,R0C0,21G,6000,-20000,6000,20000,6000,20000,1
20,7,294,R0C0,21H,7000,-20000,7000,20000,7000,20000,1
20,8,295,R0C0,21I,8000,-20000,8000,20000,8000,20000,1
20,9,296,R0C0,21J,9000,-20000,9000,20000,9000,20000,1
20,10,297,R0C0,21K,10000,-20000,10000,20000,10000,20000,1
20,11,298,R0C0,21L,11000,-20000,11000,20000,11000,20000,1
20,12,299,R0C0,21M,12000,-20000,12000,20000,12000,20000,1
20,13,300,R0C0,21N,13000,-20000,13000,20000,13000,20000,1
21,5,301,R0C0,22F,5000,-21000,5000,21000,5000,21000,1
21,6,302,R0C0,22G,6000,-21000,6000,21000,6000,21000,1
21,7,303,R0C0,22H,7000,-21000,7000,21000,7000,21000,1
21,8,304,R0C0,22I,8000,-21000,8000,21000,8000,21000,1
21,9,305,R0C0,22J,9000,-21000,9000,21000,9000,21000,1
21,10,306,R0C0,22K,10000,-21000,10000,21000,10000,21000,1
21,11,307,R0C0,22L,11000,-21000,11000,21000,11000,21000,1
21,12,308,R0C0,22M,12000,-21000,12000,21000,12000,21000,1
22,6,309,R0C0,23G,6000,-22000,6000,22000,6000,22000,1
22,7,310,R0C0,23H,7000,-22000,7000,22000,7000,22000,1
22,8,311,R0C0,23I,8000,-22000,8000,22000,8000,22000,1
22,9,312,R0C0,23J,9000,-22000,9000,22000,9000,22000,1
22,10,313,R0C0,23K,10000,-22000,10000,22000,10000,22000,1
22,11,314,R0C0,23L,11000,-22000,11000,22000,11000,22000,1
