row,col,x_die,y_die,die_ids
2,6,6,2,02E
2,7,7,2,02F
2,8,8,2,02G
2,9,9,2,02H
2,10,10,2,02I
2,11,11,2,02J
2,12,12,2,02K
2,13,13,2,02L
3,5,5,3,03D
3,6,6,3,03E
3,7,7,3,03F
3,8,8,3,03G
3,9,9,3,03H
3,10,10,3,03I
3,11,11,3,03J
3,12,12,3,03K
3,13,13,3,03L
3,14,14,3,03M
4,4,4,4,04C
4,5,5,4,04D
4,6,6,4,04E
4,7,7,4,04F
4,8,8,4,04G
4,9,9,4,04H
4,10,10,4,04I
4,11,11,4,04J
4,12,12,4,04K
4,13,13,4,04L
4,14,14,4,04M
4,15,15,4,04N
5,4,4,5,05C
5,5,5,5,05D
5,6,6,5,05E
5,7,7,5,05F
5,8,8,5,05G
5,9,9,5,05H
5,10,10,5,05I
5,11,11,5,05J
5,12,12,5,05K
5,13,13,5,05L
5,14,14,5,05M
5,15,15,5,05N
6,3,3,6,06B
6,4,4,6,06C
6,5,5,6,06D
6,6,6,6,06E
6,7,7,6,06F
6,8,8,6,06G
6,9,9,6,06H
6,10,10,6,06I
6,11,11,6,06J
6,12,12,6,06K
6,13,13,6,06L
6,14,14,6,06M
6,15,15,6,06N
6,16,16,6,06O
7,3,3,7,07B
7,4,4,7,07C
7,5,5,7,07D
7,6,6,7,07E
7,7,7,7,07F
7,8,8,7,07G
7,9,9,7,07H
7,10,10,7,07I
7,11,11,7,07J
7,12,12,7,07K
7,13,13,7,07L
7,14,14,7,07M
7,15,15,7,07N
7,16,16,7,07O
8,3,3,8,08B
8,4,4,8,08C
8,5,5,8,08D
8,6,6,8,08E
8,7,7,8,08F
8,8,8,8,08G
8,9,9,8,08H
8,10,10,8,08I
8,11,11,8,08J
8,12,12,8,08K
8,13,13,8,08L
8,14,14,8,08M
8,15,15,8,08N
8,16,16,8,08O
9,3,3,9,09B
9,4,4,9,09C
9,5,5,9,09D
9,6,6,9,09E
9,7,7,9,09F
9,8,8,9,09G
9,9,9,9,09H
9,10,10,9,09I
9,11,11,9,09J
9,12,12,9,09K
9,13,13,9,09L
9,14,14,9,09M
9,15,15,9,09N
9,16,16,9,09O
10,3,3,10,10B
10,4,4,10,10C
10,5,5,10,10D
10,6,6,10,10E
10,7,7,10,10F
10,8,8,10,10G
10,9,9,10,10H
10,10,10,10,10I
10,11,11,10,10J
10,12,12,10,10K
10,13,13,10,10L
10,14,14,10,10M
10,15,15,10,10N
10,16,16,10,10O
11,3,3,11,11B
11,4,4,11,11C
11,5,5,11,11D
11,6,6,11,11E
11,7,7,11,11F
11,8,8,11,11G
11,9,9,11,11H
11,10,10,11,11I
11,11,11,11,11J
11,12,12,11,11K
11,13,13,11,11L
11,14,14,11,11M
11,15,15,11,11N
11,16,16,11,11O
12,3,3,12,12B
12,4,4,12,12C
12,5,5,12,12D
12,6,6,12,12E
12,7,7,12,12F
12,8,8,12,12G
12,9,9,12,12H
12,10,10,12,12I
12,11,11,12,12J
12,12,12,12,12K
12,13,13,12,12L
12,14,14,12,12M
12,15,15,12,12N
12,16,16,12,12O
13,3,3,13,13B
13,4,4,13,13C
13,5,5,13,13D
13,6,6,13,13E
13,7,7,13,13F
13,8,8,13,13G
13,9,9,13,13H
13,10,10,13,13I
13,11,11,13,13J
13,12,12,13,13K
13,13,13,13,13L
13,14,14,13,13M
13,15,15,13,13N
13,16,16,13,13O
14,3,3,14,14B
14,4,4,14,14C
14,5,5,14,14D
14,6,6,14,14E
14,7,7,14,14F
14,8,8,14,14G
14,9,9,14,14H
14,10,10,14,14I
14,11,11,14,14J
14,12,12,14,14K
14,13,13,14,14L
14,14,14,14,14M
14,15,15,14,14N
14,16,16,14,14O
15,3,3,15,15B
15,4,4,15,15C
15,5,5,15,15D
15,6,6,15,15E
15,7,7,15,15F
15,8,8,15,15G
15,9,9,15,15H
15,10,10,15,15I
15,11,11,15,15J
15,12,12,15,15K
15,13,13,15,15L
15,14,14,15,15M
15,15,15,15,15N
15,16,16,15,15O
16,3,3,16,16B
16,4,4,16,16C
16,5,5,16,16D
16,6,6,16,16E
16,7,7,16,16F
16,8,8,16,16G
16,9,9,16,16H
16,10,10,16,16I
16,11,11,16,16J
16,12,12,16,16K
16,13,13,16,16L
16,14,14,16,16M
16,15,15,16,16N
16,16,16,16,16O
17,3,3,17,17B
17,4,4,17,17C
17,5,5,17,17D
17,6,6,17,17E
17,7,7,17,17F
17,8,8,17,17G
17,9,9,17,17H
17,10,10,17,17I
17,11,11,17,17J
17,12,12,17,17K
17,13,13,17,17L
17,14,14,17,17M
17,15,15,17,17N
17,16,16,17,17O
18,3,3,18,18B
18,4,4,18,18C
18,5,5,18,18D
18,6,6,18,18E
18,7,7,18,18F
18,8,8,18,18G
18,9,9,18,18H
18,10,10,18,18I
18,11,11,18,18J
18,12,12,18,18K
18,13,13,18,18L
18,14,14,18,18M
18,15,15,18,18N
18,16,16,18,18O
19,4,4,19,19C
19,5,5,19,19D
19,6,6,19,19E
19,7,7,19,19F
19,8,8,19,19G
19,9,9,19,19H
19,10,10,19,19I
19,11,11,19,19J
19,12,12,19,19K
19,13,13,19,19L
19,14,14,19,19M
19,15,15,19,19N
20,4,4,20,20C
20,5,5,20,20D
20,6,6,20,20E
20,7,7,20,20F
20,8,8,20,20G
20,9,9,20,20H
20,10,10,20,20I
20,11,11,20,20J
20,12,12,20,20K
20,13,13,20,20L
20,14,14,20,20M
20,15,15,20,20N
21,5,5,21,21D
21,6,6,21,21E
21,7,7,21,21F
21,8,8,21,21G
21,9,9,21,21H
21,10,10,21,21I
21,11,11,21,21J
21,12,12,21,21K
21,13,13,21,21L
21,14,14,21,21M
22,6,6,22,22E
22,7,7,22,22F
22,8,8,22,22G
22,9,9,22,22H
22,10,10,22,22I
22,11,11,22,22J
22,12,12,22,22K
22,13,13,22,22L
