,,,,,,,,,,,,,,,,,,,,,,,,,,,,,,,,,,,,,,,,,,,,,AA051,AA052,AA053,AA054,AA055,AA056,AA057,AA058,AA059,AA061,AA062,AA063,AA064,AA065,AA066,,,,,,,,,,,,,,,,,,,,,,,,,,,,,,,,,,,,,,,,,,,,,
,,,,,,,,,,,,,,,,,,,,,,,,,,,,,,,,,,,,,,,,,,,,,AB051,AB052,AB053,AB054,AB055,AB056,AB057,AB058,AB059,AB061,AB062,AB063,AB064,AB065,AB066,,,,,,,,,,,,,,,,,,,,,,,,,,,,,,,,,,,,,,,,,,,,,
,,,,,,,,,,,,,,,,,,,,,,,,,,,,,,,,,,,,,,,,,,,,,AC051,AC052,AC053,AC054,AC055,AC056,AC057,AC058,AC059,AC061,AC062,AC063,AC064,AC065,AC066,,,,,,,,,,,,,,,,,,,,,,,,,,,,,,,,,,,,,,,,,,,,,
,,,,,,,,,,,,,,,,,,,,,,,,,,,,,,,,,,,,,,,,,,,,,AD051,AD052,AD053,AD054,AD055,AD056,AD057,AD058,AD059,AD061,AD062,AD063,AD064,AD065,AD066,,,,,,,,,,,,,,,,,,,,,,,,,,,,,,,,,,,,,,,,,,,,,
,,,,,,,,,,,,,,,,,,,,,,,,,,,,,,,,,,,,,,,,,,,,,AE051,AE052,AE053,AE054,AE055,AE056,AE057,AE058,AE059,AE061,AE062,AE063,AE064,AE065,AE066,,,,,,,,,,,,,,,,,,,,,,,,,,,,,,,,,,,,,,,,,,,,,
,,,,,,,,,,,,,,,,,,,,,,,,,,,,,,AF034,AF035,AF036,AF037,AF038,AF039,AF041,AF042,AF043,AF044,AF045,AF046,AF047,AF048,AF049,AF051,AF052,AF053,AF054,AF055,AF056,AF057,AF058,AF059,AF061,AF062,AF063,AF064,AF065,AF066,AF067,AF068,AF069,AF071,AF072,AF073,AF074,AF075,AF076,AF077,AF078,AF079,AF081,AF082,AF083,,,,,,,,,,,,,,,,,,,,,,,,,,,,,,
,,,,,,,,,,,,,,,,,,,,,,,,,,,,,,AG034,AG035,AG036,AG037,AG038,AG039,AG041,AG042,AG043,AG044,AG045,AG046,AG047,AG048,AG049,AG051,AG052,AG053,AG054,AG055,AG056,AG057,AG058,AG059,AG061,AG062,AG063,AG064,AG065,AG066,AG067,AG068,AG069,AG071,AG072,AG073,AG074,AG075,AG076,AG077,AG078,AG079,AG081,AG082,AG083,,,,,,,,,,,,,,,,,,,,,,,,,,,,,,
,,,,,,,,,,,,,,,,,,,,,,,,,,,,,,AH034,AH035,AH036,AH037,AH038,AH039,AH041,AH042,AH043,AH044,AH045,AH046,AH047,AH048,AH049,AH051,AH052,AH053,AH054,AH055,AH056,AH057,AH058,AH059,AH061,AH062,AH063,AH064,AH065,AH066,AH067,AH068,AH069,AH071,AH072,AH073,AH074,AH075,AH076,AH077,AH078,AH079,AH081,AH082,AH083,,,,,,,,,,,,,,,,,,,,,,,,,,,,,,
,,,,,,,,,,,,,,,,,,,,,,,,,,,,,,AJ034,AJ035,AJ036,AJ037,AJ038,AJ039,AJ041,AJ042,AJ043,AJ044,AJ045,AJ046,AJ047,AJ048,AJ049,AJ051,AJ052,AJ053,AJ054,AJ055,AJ056,AJ057,AJ058,AJ059,AJ061,AJ062,AJ063,AJ064,AJ065,AJ066,AJ067,AJ068,AJ069,AJ071,AJ072,AJ073,AJ074,AJ075,AJ076,AJ077,AJ078,AJ079,AJ081,AJ082,AJ083,,,,,,,,,,,,,,,,,,,,,,,,,,,,,,
,,,,,,,,,,,,,,,,,,,,,,,,,,,,,,AK034,AK035,AK036,AK037,AK038,AK039,AK041,AK042,AK043,AK044,AK045,AK046,AK047,AK048,AK049,AK051,AK052,AK053,AK054,AK055,AK056,AK057,AK058,AK059,AK061,AK062,AK063,AK064,AK065,AK066,AK067,AK068,AK069,AK071,AK072,AK073,AK074,AK075,AK076,AK077,AK078,AK079,AK081,AK082,AK083,,,,,,,,,,,,,,,,,,,,,,,,,,,,,,
,,,,,,,,,,,,,,,,,,,,AL023,AL024,AL025,AL026,AL027,AL028,AL029,AL031,AL032,AL033,AL034,AL035,AL036,AL037,AL038,AL039,AL041,AL042,AL043,AL044,AL045,AL046,AL047,AL048,AL049,AL051,AL052,AL053,AL054,AL055,AL056,AL057,AL058,AL059,AL061,AL062,AL063,AL064,AL065,AL066,AL067,AL068,AL069,AL071,AL072,AL073,AL074,AL075,AL076,AL077,AL078,AL079,AL081,AL082,AL083,AL084,AL085,AL086,AL087,AL088,AL089,AL091,AL092,AL093,AL094,,,,,,,,,,,,,,,,,,,,
,,,,,,,,,,,,,,,,,,,,AM023,AM024,AM025,AM026,AM027,AM028,AM029,AM031,AM032,AM033,AM034,AM035,AM036,AM037,AM038,AM039,AM041,AM042,AM043,AM044,AM045,AM046,AM047,AM048,AM049,AM051,AM052,AM053,AM054,AM055,AM056,AM057,AM058,AM059,AM061,AM062,AM063,AM064,AM065,AM066,AM067,AM068,AM069,AM071,AM072,AM073,AM074,AM075,AM076,AM077,AM078,AM079,AM081,AM082,AM083,AM084,AM085,AM086,AM087,AM088,AM089,AM091,AM092,AM093,AM094,,,,,,,,,,,,,,,,,,,,
,,,,,,,,,,,,,,,,,,,,AN023,AN024,AN025,AN026,AN027,AN028,AN029,AN031,AN032,AN033,AN034,AN035,AN036,AN037,AN038,AN039,AN041,AN042,AN043,AN044,AN045,AN046,AN047,AN048,AN049,AN051,AN052,AN053,AN054,AN055,AN056,AN057,AN058,AN059,AN061,AN062,AN063,AN064,AN065,AN066,AN067,AN068,AN069,AN071,AN072,AN073,AN074,AN075,AN076,AN077,AN078,AN079,AN081,AN082,AN083,AN084,AN085,AN086,AN087,AN088,AN089,AN091,AN092,AN093,AN094,,,,,,,,,,,,,,,,,,,,
,,,,,,,,,,,,,,,,,,,,AP023,AP024,AP025,AP026,AP027,AP028,AP029,AP031,AP032,AP033,AP034,AP035,AP036,AP037,AP038,AP039,AP041,AP042,AP043,AP044,AP045,AP046,AP047,AP048,AP049,AP051,AP052,AP053,AP054,AP055,AP056,AP057,AP058,AP059,AP061,AP062,AP063,AP064,AP065,AP066,AP067,AP068,AP069,AP071,AP072,AP073,AP074,AP075,AP076,AP077,AP078,AP079,AP081,AP082,AP083,AP084,AP085,AP086,AP087,AP088,AP089,AP091,AP092,AP093,AP094,,,,,,,,,,,,,,,,,,,,
,,,,,,,,,,,,,,,,,,,,AR023,AR024,AR025,AR026,AR027,AR028,AR029,AR031,AR032,AR033,AR034,AR035,AR036,AR037,AR038,AR039,AR041,AR042,AR043,AR044,AR045,AR046,AR047,AR048,AR049,AR051,AR052,AR053,AR054,AR055,AR056,AR057,AR058,AR059,AR061,AR062,AR063,AR064,AR065,AR066,AR067,AR068,AR069,AR071,AR072,AR073,AR074,AR075,AR076,AR077,AR078,AR079,AR081,AR082,AR083,AR084,AR085,AR086,AR087,AR088,AR089,AR091,AR092,AR093,AR094,,,,,,,,,,,,,,,,,,,,
,,,,,,,,,,,,,,,AS017,AS018,AS019,AS021,AS022,AS023,AS024,AS025,AS026,AS027,AS028,AS029,AS031,AS032,AS033,AS034,AS035,AS036,AS037,AS038,AS039,AS041,AS042,AS043,AS044,AS045,AS046,AS047,AS048,AS049,AS051,AS052,AS053,AS054,AS055,AS056,AS057,AS058,AS059,AS061,AS062,AS063,AS064,AS065,AS066,AS067,AS068,AS069,AS071,AS072,AS073,AS074,AS075,AS076,AS077,AS078,AS079,AS081,AS082,AS083,AS084,AS085,AS086,AS087,AS088,AS089,AS091,AS092,AS093,AS094,AS095,AS096,AS097,AS098,AS099,,,,,,,,,,,,,,,
,,,,,,,,,,,,,,,AT017,AT018,AT019,AT021,AT022,AT023,AT024,AT025,AT026,AT027,AT028,AT029,AT031,AT032,AT033,AT034,AT035,AT036,AT037,AT038,AT039,AT041,AT042,AT043,AT044,AT045,AT046,AT047,AT048,AT049,AT051,AT052,AT053,AT054,AT055,AT056,AT057,AT058,AT059,AT061,AT062,AT063,AT064,AT065,AT066,AT067,AT068,AT069,AT071,AT072,AT073,AT074,AT075,AT076,AT077,AT078,AT079,AT081,AT082,AT083,AT084,AT085,AT086,AT087,AT088,AT089,AT091,AT092,AT093,AT094,AT095,AT096,AT097,AT098,AT099,,,,,,,,,,,,,,,
,,,,,,,,,,,,,,,AU017,AU018,AU019,AU021,AU022,AU023,AU024,AU025,AU026,AU027,AU028,AU029,AU031,AU032,AU033,AU034,AU035,AU036,AU037,AU038,AU039,AU041,AU042,AU043,AU044,AU045,AU046,AU047,AU048,AU049,AU051,AU052,AU053,AU054,AU055,AU056,AU057,AU058,AU059,AU061,AU062,AU063,AU064,AU065,AU066,AU067,AU068,AU069,AU071,AU072,AU073,AU074,AU075,AU076,AU077,AU078,AU079,AU081,AU082,AU083,AU084,AU085,AU086,AU087,AU088,AU089,AU091,AU092,AU093,AU094,AU095,AU096,AU097,AU098,AU099,,,,,,,,,,,,,,,
,,,,,,,,,,,,,,,AV017,AV018,AV019,AV021,AV022,AV023,AV024,AV025,AV026,AV027,AV028,AV029,AV031,AV032,AV033,AV034,AV035,AV036,AV037,AV038,AV039,AV041,AV042,AV043,AV044,AV045,AV046,AV047,AV048,AV049,AV051,AV052,AV053,AV054,AV055,AV056,AV057,AV058,AV059,AV061,AV062,AV063,AV064,AV065,AV066,AV067,AV068,AV069,AV071,AV072,AV073,AV074,AV075,AV076,AV077,AV078,AV079,AV081,AV082,AV083,AV084,AV085,AV086,AV087,AV088,AV089,AV091,AV092,AV093,AV094,AV095,AV096,AV097,AV098,AV099,,,,,,,,,,,,,,,
,,,,,,,,,,,,,,,AW017,AW018,AW019,AW021,AW022,AW023,AW024,AW025,AW026,AW027,AW028,AW029,AW031,AW032,AW033,AW034,AW035,AW036,AW037,AW038,AW039,AW041,AW042,AW043,AW044,AW045,AW046,AW047,AW048,AW049,AW051,AW052,AW053,AW054,AW055,AW056,AW057,AW058,AW059,AW061,AW062,AW063,AW064,AW065,AW066,AW067,AW068,AW069,AW071,AW072,AW073,AW074,AW075,AW076,AW077,AW078,AW079,AW081,AW082,AW083,AW084,AW085,AW086,AW087,AW088,AW089,AW091,AW092,AW093,AW094,AW095,AW096,AW097,AW098,AW099,,,,,,,,,,,,,,,
,,,,,,,,,,AX012,AX013,AX014,AX015,AX016,AX017,AX018,AX019,AX021,AX022,AX023,AX024,AX025,AX026,AX027,AX028,AX029,AX031,AX032,AX033,AX034,AX035,AX036,AX037,AX038,AX039,AX041,AX042,AX043,AX044,AX045,AX046,AX047,AX048,AX049,AX051,AX052,AX053,AX054,AX055,AX056,AX057,AX058,AX059,AX061,AX062,AX063,AX064,AX065,AX066,AX067,AX068,AX069,AX071,AX072,AX073,AX074,AX075,AX076,AX077,AX078,AX079,AX081,AX082,AX083,AX084,AX085,AX086,AX087,AX088,AX089,AX091,AX092,AX093,AX094,AX095,AX096,AX097,AX098,AX099,AX101,AX102,AX103,AX104,AX105,,,,,,,,,,
,,,,,,,,,,AY012,AY013,AY014,AY015,AY016,AY017,AY018,AY019,AY021,AY022,AY023,AY024,AY025,AY026,AY027,AY028,AY029,AY031,AY032,AY033,AY034,AY035,AY036,AY037,AY038,AY039,AY041,AY042,AY043,AY044,AY045,AY046,AY047,AY048,AY049,AY051,AY052,AY053,AY054,AY055,AY056,AY057,AY058,AY059,AY061,AY062,AY063,AY064,AY065,AY066,AY067,AY068,AY069,AY071,AY072,AY073,AY074,AY075,AY076,AY077,AY078,AY079,AY081,AY082,AY083,AY084,AY085,AY086,AY087,AY088,AY089,AY091,AY092,AY093,AY094,AY095,AY096,AY097,AY098,AY099,AY101,AY102,AY103,AY104,AY105,,,,,,,,,,
,,,,,,,,,,AZ012,AZ013,AZ014,AZ015,AZ016,AZ017,AZ018,AZ019,AZ021,AZ022,AZ023,AZ024,AZ025,AZ026,AZ027,AZ028,AZ029,AZ031,AZ032,AZ033,AZ034,AZ035,AZ036,AZ037,AZ038,AZ039,AZ041,AZ042,AZ043,AZ044,AZ045,AZ046,AZ047,AZ048,AZ049,AZ051,AZ052,AZ053,AZ054,AZ055,AZ056,AZ057,AZ058,AZ059,AZ061,AZ062,AZ063,AZ064,AZ065,AZ066,AZ067,AZ068,AZ069,AZ071,AZ072,AZ073,AZ074,AZ075,AZ076,AZ077,AZ078,AZ079,AZ081,AZ082,AZ083,AZ084,AZ085,AZ086,AZ087,AZ088,AZ089,AZ091,AZ092,AZ093,AZ094,AZ095,AZ096,AZ097,AZ098,AZ099,AZ101,AZ102,AZ103,AZ104,AZ105,,,,,,,,,,
,,,,,,,,,,BA012,BA013,BA014,BA015,BA016,BA017,BA018,BA019,BA021,BA022,BA023,BA024,BA025,BA026,BA027,BA028,BA029,BA031,BA032,BA033,BA034,BA035,BA036,BA037,BA038,BA039,BA041,BA042,BA043,BA044,BA045,BA046,BA047,BA048,BA049,BA051,BA052,BA053,BA054,BA055,BA056,BA057,BA058,BA059,BA061,BA062,BA063,BA064,BA065,BA066,BA067,BA068,BA069,BA071,BA072,BA073,BA074,BA075,BA076,BA077,BA078,BA079,BA081,BA082,BA083,BA084,BA085,BA086,BA087,BA088,BA089,BA091,BA092,BA093,BA094,BA095,BA096,BA097,BA098,BA099,BA101,BA102,BA103,BA104,BA105,,,,,,,,,,
,,,,,,,,,,BB012,BB013,BB014,BB015,BB016,BB017,BB018,BB019,BB021,BB022,BB023,BB024,BB025,BB026,BB027,BB028,BB029,BB031,BB032,BB033,BB034,BB035,BB036,BB037,BB038,BB039,BB041,BB042,BB043,BB044,BB045,BB046,BB047,BB048,BB049,BB051,BB052,BB053,BB054,BB055,BB056,BB057,BB058,BB059,BB061,BB062,BB063,BB064,BB065,BB066,BB067,BB068,BB069,BB071,BB072,BB073,BB074,BB075,BB076,BB077,BB078,BB079,BB081,BB082,BB083,BB084,BB085,BB086,BB087,BB088,BB089,BB091,BB092,BB093,BB094,BB095,BB096,BB097,BB098,BB099,BB101,BB102,BB103,BB104,BB105,,,,,,,,,,
,,,,,,,,,,BC012,BC013,BC014,BC015,BC016,BC017,BC018,BC019,BC021,BC022,BC023,BC024,BC025,BC026,BC027,BC028,BC029,BC031,BC032,BC033,BC034,BC035,BC036,BC037,BC038,BC039,BC041,BC042,BC043,BC044,BC045,BC046,BC047,BC048,BC049,BC051,BC052,BC053,BC054,BC055,BC056,BC057,BC058,BC059,BC061,BC062,BC063,BC064,BC065,BC066,BC067,BC068,BC069,BC071,BC072,BC073,BC074,BC075,BC076,BC077,BC078,BC079,BC081,BC082,BC083,BC084,BC085,BC086,BC087,BC088,BC089,BC091,BC092,BC093,BC094,BC095,BC096,BC097,BC098,BC099,BC101,BC102,BC103,BC104,BC105,,,,,,,,,,
,,,,,,,,,,BD012,BD013,BD014,BD015,BD016,BD017,BD018,BD019,BD021,BD022,BD023,BD024,BD025,BD026,BD027,BD028,BD029,BD031,BD032,BD033,BD034,BD035,BD036,BD037,BD038,BD039,BD041,BD042,BD043,BD044,BD045,BD046,BD047,BD048,BD049,BD051,BD052,BD053,BD054,BD055,BD056,BD057,BD058,BD059,BD061,BD062,BD063,BD064,BD065,BD066,BD067,BD068,BD069,BD071,BD072,BD073,BD074,BD075,BD076,BD077,BD078,BD079,BD081,BD082,BD083,BD084,BD085,BD086,BD087,BD088,BD089,BD091,BD092,BD093,BD094,BD095,BD096,BD097,BD098,BD099,BD101,BD102,BD103,BD104,BD105,,,,,,,,,,
,,,,,,,,,,BE012,BE013,BE014,BE015,BE016,BE017,BE018,BE019,BE021,BE022,BE023,BE024,BE025,BE026,BE027,BE028,BE029,BE031,BE032,BE033,BE034,BE035,BE036,BE037,BE038,BE039,BE041,BE042,BE043,BE044,BE045,BE046,BE047,BE048,BE049,BE051,BE052,BE053,BE054,BE055,BE056,BE057,BE058,BE059,BE061,BE062,BE063,BE064,BE065,BE066,BE067,BE068,BE069,BE071,BE072,BE073,BE074,BE075,BE076,BE077,BE078,BE079,BE081,BE082,BE083,BE084,BE085,BE086,BE087,BE088,BE089,BE091,BE092,BE093,BE094,BE095,BE096,BE097,BE098,BE099,BE101,BE102,BE103,BE104,BE105,,,,,,,,,,
,,,,,,,,,,BF012,BF013,BF014,BF015,BF016,BF017,BF018,BF019,BF021,BF022,BF023,BF024,BF025,BF026,BF027,BF028,BF029,BF031,BF032,BF033,BF034,BF035,BF036,BF037,BF038,BF039,BF041,BF042,BF043,BF044,BF045,BF046,BF047,BF048,BF049,BF051,BF052,BF053,BF054,BF055,BF056,BF057,BF058,BF059,BF061,BF062,BF063,BF064,BF065,BF066,BF067,BF068,BF069,BF071,BF072,BF073,BF074,BF075,BF076,BF077,BF078,BF079,BF081,BF082,BF083,BF084,BF085,BF086,BF087,BF088,BF089,BF091,BF092,BF093,BF094,BF095,BF096,BF097,BF098,BF099,BF101,BF102,BF103,BF104,BF105,,,,,,,,,,
,,,,,,,,,,BG012,BG013,BG014,BG015,BG016,BG017,BG018,BG019,BG021,BG022,BG023,BG024,BG025,BG026,BG027,BG028,BG029,BG031,BG032,BG033,BG034,BG035,BG036,BG037,BG038,BG039,BG041,BG042,BG043,BG044,BG045,BG046,BG047,BG048,BG049,BG051,BG052,BG053,BG054,BG055,BG056,BG057,BG058,BG059,BG061,BG062,BG063,BG064,BG065,BG066,BG067,BG068,BG069,BG071,BG072,BG073,BG074,BG075,BG076,BG077,BG078,BG079,BG081,BG082,BG083,BG084,BG085,BG086,BG087,BG088,BG089,BG091,BG092,BG093,BG094,BG095,BG096,BG097,BG098,BG099,BG101,BG102,BG103,BG104,BG105,,,,,,,,,,
,,,,,BH006,BH007,BH008,BH009,BH011,BH012,BH013,BH014,BH015,BH016,BH017,BH018,BH019,BH021,BH022,BH023,BH024,BH025,BH026,BH027,BH028,BH029,BH031,BH032,BH033,BH034,BH035,BH036,BH037,BH038,BH039,BH041,BH042,BH043,BH044,BH045,BH046,BH047,BH048,BH049,BH051,BH052,BH053,BH054,BH055,BH056,BH057,BH058,BH059,BH061,BH062,BH063,BH064,BH065,BH066,BH067,BH068,BH069,BH071,BH072,BH073,BH074,BH075,BH076,BH077,BH078,BH079,BH081,BH082,BH083,BH084,BH085,BH086,BH087,BH088,BH089,BH091,BH092,BH093,BH094,BH095,BH096,BH097,BH098,BH099,BH101,BH102,BH103,BH104,BH105,BH106,BH107,BH108,BH109,BH111,,,,,
,,,,,BJ006,BJ007,BJ008,BJ009,BJ011,BJ012,BJ013,BJ014,BJ015,BJ016,BJ017,BJ018,BJ019,BJ021,BJ022,BJ023,BJ024,BJ025,BJ026,BJ027,BJ028,BJ029,BJ031,BJ032,BJ033,BJ034,BJ035,BJ036,BJ037,BJ038,BJ039,BJ041,BJ042,BJ043,BJ044,BJ045,BJ046,BJ047,BJ048,BJ049,BJ051,BJ052,BJ053,BJ054,BJ055,BJ056,BJ057,BJ058,BJ059,BJ061,BJ062,BJ063,BJ064,BJ065,BJ066,BJ067,BJ068,BJ069,BJ071,BJ072,BJ073,BJ074,BJ075,BJ076,BJ077,BJ078,BJ079,BJ081,BJ082,BJ083,BJ084,BJ085,BJ086,BJ087,BJ088,BJ089,BJ091,BJ092,BJ093,BJ094,BJ095,BJ096,BJ097,BJ098,BJ099,BJ101,BJ102,BJ103,BJ104,BJ105,BJ106,BJ107,BJ108,BJ109,BJ111,,,,,
,,,,,BK006,BK007,BK008,BK009,BK011,BK012,BK013,BK014,BK015,BK016,BK017,BK018,BK019,BK021,BK022,BK023,BK024,BK025,BK026,BK027,BK028,BK029,BK031,BK032,BK033,BK034,BK035,BK036,BK037,BK038,BK039,BK041,BK042,BK043,BK044,BK045,BK046,BK047,BK048,BK049,BK051,BK052,BK053,BK054,BK055,BK056,BK057,BK058,BK059,BK061,BK062,BK063,BK064,BK065,BK066,BK067,BK068,BK069,BK071,BK072,BK073,BK074,BK075,BK076,BK077,BK078,BK079,BK081,BK082,BK083,BK084,BK085,BK086,BK087,BK088,BK089,BK091,BK092,BK093,BK094,BK095,BK096,BK097,BK098,BK099,BK101,BK102,BK103,BK104,BK105,BK106,BK107,BK108,BK109,BK111,,,,,
,,,,,BL006,BL007,BL008,BL009,BL011,BL012,BL013,BL014,BL015,BL016,BL017,BL018,BL019,BL021,BL022,BL023,BL024,BL025,BL026,BL027,BL028,BL029,BL031,BL032,BL033,BL034,BL035,BL036,BL037,BL038,BL039,BL041,BL042,BL043,BL044,BL045,BL046,BL047,BL048,BL049,BL051,BL052,BL053,BL054,BL055,BL056,BL057,BL058,BL059,BL061,BL062,BL063,BL064,BL065,BL066,BL067,BL068,BL069,BL071,BL072,BL073,BL074,BL075,BL076,BL077,BL078,BL079,BL081,BL082,BL083,BL084,BL085,BL086,BL087,BL088,BL089,BL091,BL092,BL093,BL094,BL095,BL096,BL097,BL098,BL099,BL101,BL102,BL103,BL104,BL105,BL106,BL107,BL108,BL109,BL111,,,,,
,,,,,BM006,BM007,BM008,BM009,BM011,BM012,BM013,BM014,BM015,BM016,BM017,BM018,BM019,BM021,BM022,BM023,BM024,BM025,BM026,BM027,BM028,BM029,BM031,BM032,BM033,BM034,BM035,BM036,BM037,BM038,BM039,BM041,BM042,BM043,BM044,BM045,BM046,BM047,BM048,BM049,BM051,BM052,BM053,BM054,BM055,BM056,BM057,BM058,BM059,BM061,BM062,BM063,BM064,BM065,BM066,BM067,BM068,BM069,BM071,BM072,BM073,BM074,BM075,BM076,BM077,BM078,BM079,BM081,BM082,BM083,BM084,BM085,BM086,BM087,BM088,BM089,BM091,BM092,BM093,BM094,BM095,BM096,BM097,BM098,BM099,BM101,BM102,BM103,BM104,BM105,BM106,BM107,BM108,BM109,BM111,,,,,
,,,,,BN006,BN007,BN008,BN009,BN011,BN012,BN013,BN014,BN015,BN016,BN017,BN018,BN019,BN021,BN022,BN023,BN024,BN025,BN026,BN027,BN028,BN029,BN031,BN032,BN033,BN034,BN035,BN036,BN037,BN038,BN039,BN041,BN042,BN043,BN044,BN045,BN046,BN047,BN048,BN049,BN051,BN052,BN053,BN054,BN055,BN056,BN057,BN058,BN059,BN061,BN062,BN063,BN064,BN065,BN066,BN067,BN068,BN069,BN071,BN072,BN073,BN074,BN075,BN076,BN077,BN078,BN079,BN081,BN082,BN083,BN084,BN085,BN086,BN087,BN088,BN089,BN091,BN092,BN093,BN094,BN095,BN096,BN097,BN098,BN099,BN101,BN102,BN103,BN104,BN105,BN106,BN107,BN108,BN109,BN111,,,,,
,,,,,BP006,BP007,BP008,BP009,BP011,BP012,BP013,BP014,BP015,BP016,BP017,BP018,BP019,BP021,BP022,BP023,BP024,BP025,BP026,BP027,BP028,BP029,BP031,BP032,BP033,BP034,BP035,BP036,BP037,BP038,BP039,BP041,BP042,BP043,BP044,BP045,BP046,BP047,BP048,BP049,BP051,BP052,BP053,BP054,BP055,BP056,BP057,BP058,BP059,BP061,BP062,BP063,BP064,BP065,BP066,BP067,BP068,BP069,BP071,BP072,BP073,BP074,BP075,BP076,BP077,BP078,BP079,BP081,BP082,BP083,BP084,BP085,BP086,BP087,BP088,BP089,BP091,BP092,BP093,BP094,BP095,BP096,BP097,BP098,BP099,BP101,BP102,BP103,BP104,BP105,BP106,BP107,BP108,BP109,BP111,,,,,
,,,,,BR006,BR007,BR008,BR009,BR011,BR012,BR013,BR014,BR015,BR016,BR017,BR018,BR019,BR021,BR022,BR023,BR024,BR025,BR026,BR027,BR028,BR029,BR031,BR032,BR033,BR034,BR035,BR036,BR037,BR038,BR039,BR041,BR042,BR043,BR044,BR045,BR046,BR047,BR048,BR049,BR051,BR052,BR053,BR054,BR055,BR056,BR057,BR058,BR059,BR061,BR062,BR063,BR064,BR065,BR066,BR067,BR068,BR069,BR071,BR072,BR073,BR074,BR075,BR076,BR077,BR078,BR079,BR081,BR082,BR083,BR084,BR085,BR086,BR087,BR088,BR089,BR091,BR092,BR093,BR094,BR095,BR096,BR097,BR098,BR099,BR101,BR102,BR103,BR104,BR105,BR106,BR107,BR108,BR109,BR111,,,,,
,,,,,BS006,BS007,BS008,BS009,BS011,BS012,BS013,BS014,BS015,BS016,BS017,BS018,BS019,BS021,BS022,BS023,BS024,BS025,BS026,BS027,BS028,BS029,BS031,BS032,BS033,BS034,BS035,BS036,BS037,BS038,BS039,BS041,BS042,BS043,BS044,BS045,BS046,BS047,BS048,BS049,BS051,BS052,BS053,BS054,BS055,BS056,BS057,BS058,BS059,BS061,BS062,BS063,BS064,BS065,BS066,BS067,BS068,BS069,BS071,BS072,BS073,BS074,BS075,BS076,BS077,BS078,BS079,BS081,BS082,BS083,BS084,BS085,BS086,BS087,BS088,BS089,BS091,BS092,BS093,BS094,BS095,BS096,BS097,BS098,BS099,BS101,BS102,BS103,BS104,BS105,BS106,BS107,BS108,BS109,BS111,,,,,
,,,,,BT006,BT007,BT008,BT009,BT011,BT012,BT013,BT014,BT015,BT016,BT017,BT018,BT019,BT021,BT022,BT023,BT024,BT025,BT026,BT027,BT028,BT029,BT031,BT032,BT033,BT034,BT035,BT036,BT037,BT038,BT039,BT041,BT042,BT043,BT044,BT045,BT046,BT047,BT048,BT049,BT051,BT052,BT053,BT054,BT055,BT056,BT057,BT058,BT059,BT061,BT062,BT063,BT064,BT065,BT066,BT067,BT068,BT069,BT071,BT072,BT073,BT074,BT075,BT076,BT077,BT078,BT079,BT081,BT082,BT083,BT084,BT085,BT086,BT087,BT088,BT089,BT091,BT092,BT093,BT094,BT095,BT096,BT097,BT098,BT099,BT101,BT102,BT103,BT104,BT105,BT106,BT107,BT108,BT109,BT111,,,,,
,,,,,BU006,BU007,BU008,BU009,BU011,BU012,BU013,BU014,BU015,BU016,BU017,BU018,BU019,BU021,BU022,BU023,BU024,BU025,BU026,BU027,BU028,BU029,BU031,BU032,BU033,BU034,BU035,BU036,BU037,BU038,BU039,BU041,BU042,BU043,BU044,BU045,BU046,BU047,BU048,BU049,BU051,BU052,BU053,BU054,BU055,BU056,BU057,BU058,BU059,BU061,BU062,BU063,BU064,BU065,BU066,BU067,BU068,BU069,BU071,BU072,BU073,BU074,BU075,BU076,BU077,BU078,BU079,BU081,BU082,BU083,BU084,BU085,BU086,BU087,BU088,BU089,BU091,BU092,BU093,BU094,BU095,BU096,BU097,BU098,BU099,BU101,BU102,BU103,BU104,BU105,BU106,BU107,BU108,BU109,BU111,,,,,
,,,,,BV006,BV007,BV008,BV009,BV011,BV012,BV013,BV014,BV015,BV016,BV017,BV018,BV019,BV021,BV022,BV023,BV024,BV025,BV026,BV027,BV028,BV029,BV031,BV032,BV033,BV034,BV035,BV036,BV037,BV038,BV039,BV041,BV042,BV043,BV044,BV045,BV046,BV047,BV048,BV049,BV051,BV052,BV053,BV054,BV055,BV056,BV057,BV058,BV059,BV061,BV062,BV063,BV064,BV065,BV066,BV067,BV068,BV069,BV071,BV072,BV073,BV074,BV075,BV076,BV077,BV078,BV079,BV081,BV082,BV083,BV084,BV085,BV086,BV087,BV088,BV089,BV091,BV092,BV093,BV094,BV095,BV096,BV097,BV098,BV099,BV101,BV102,BV103,BV104,BV105,BV106,BV107,BV108,BV109,BV111,,,,,
,,,,,BW006,BW007,BW008,BW009,BW011,BW012,BW013,BW014,BW015,BW016,BW017,BW018,BW019,BW021,BW022,BW023,BW024,BW025,BW026,BW027,BW028,BW029,BW031,BW032,BW033,BW034,BW035,BW036,BW037,BW038,BW039,BW041,BW042,BW043,BW044,BW045,BW046,BW047,BW048,BW049,BW051,BW052,BW053,BW054,BW055,BW056,BW057,BW058,BW059,BW061,BW062,BW063,BW064,BW065,BW066,BW067,BW068,BW069,BW071,BW072,BW073,BW074,BW075,BW076,BW077,BW078,BW079,BW081,BW082,BW083,BW084,BW085,BW086,BW087,BW088,BW089,BW091,BW092,BW093,BW094,BW095,BW096,BW097,BW098,BW099,BW101,BW102,BW103,BW104,BW105,BW106,BW107,BW108,BW109,BW111,,,,,
,,,,,BX006,BX007,BX008,BX009,BX011,BX012,BX013,BX014,BX015,BX016,BX017,BX018,BX019,BX021,BX022,BX023,BX024,BX025,BX026,BX027,BX028,BX029,BX031,BX032,BX033,BX034,BX035,BX036,BX037,BX038,BX039,BX041,BX042,BX043,BX044,BX045,BX046,BX047,BX048,BX049,BX051,BX052,BX053,BX054,BX055,BX056,BX057,BX058,BX059,BX061,BX062,BX063,BX064,BX065,BX066,BX067,BX068,BX069,BX071,BX072,BX073,BX074,BX075,BX076,BX077,BX078,BX079,BX081,BX082,BX083,BX084,BX085,BX086,BX087,BX088,BX089,BX091,BX092,BX093,BX094,BX095,BX096,BX097,BX098,BX099,BX101,BX102,BX103,BX104,BX105,BX106,BX107,BX108,BX109,BX111,,,,,
,,,,,BY006,BY007,BY008,BY009,BY011,BY012,BY013,BY014,BY015,BY016,BY017,BY018,BY019,BY021,BY022,BY023,BY024,BY025,BY026,BY027,BY028,BY029,BY031,BY032,BY033,BY034,BY035,BY036,BY037,BY038,BY039,BY041,BY042,BY043,BY044,BY045,BY046,BY047,BY048,BY049,BY051,BY052,BY053,BY054,BY055,BY056,BY057,BY058,BY059,BY061,BY062,BY063,BY064,BY065,BY066,BY067,BY068,BY069,BY071,BY072,BY073,BY074,BY075,BY076,BY077,BY078,BY079,BY081,BY082,BY083,BY084,BY085,BY086,BY087,BY088,BY089,BY091,BY092,BY093,BY094,BY095,BY096,BY097,BY098,BY099,BY101,BY102,BY103,BY104,BY105,BY106,BY107,BY108,BY109,BY111,,,,,
BZ001,BZ002,BZ003,BZ004,BZ005,BZ006,BZ007,BZ008,BZ009,BZ011,BZ012,BZ013,BZ014,BZ015,BZ016,BZ017,BZ018,BZ019,BZ021,BZ022,BZ023,BZ024,BZ025,BZ026,BZ027,BZ028,BZ029,BZ031,BZ032,BZ033,BZ034,BZ035,BZ036,BZ037,BZ038,BZ039,BZ041,BZ042,BZ043,BZ044,BZ045,BZ046,BZ047,BZ048,BZ049,BZ051,BZ052,BZ053,BZ054,BZ055,BZ056,BZ057,BZ058,BZ059,BZ061,BZ062,BZ063,BZ064,BZ065,BZ066,BZ067,BZ068,BZ069,BZ071,BZ072,BZ073,BZ074,BZ075,BZ076,BZ077,BZ078,BZ079,BZ081,BZ082,BZ083,BZ084,BZ085,BZ086,BZ087,BZ088,BZ089,BZ091,BZ092,BZ093,BZ094,BZ095,BZ096,BZ097,BZ098,BZ099,BZ101,BZ102,BZ103,BZ104,BZ105,BZ106,BZ107,BZ108,BZ109,BZ111,BZ112,BZ113,BZ114,BZ115,BZ116
CA001,CA002,CA003,CA004,CA005,CA006,CA007,CA008,CA009,CA011,CA012,CA013,CA014,CA015,CA016,CA017,CA018,CA019,CA021,CA022,CA023,CA024,CA025,CA026,CA027,CA028,CA029,CA031,CA032,CA033,CA034,CA035,CA036,CA037,CA038,CA039,CA041,CA042,CA043,CA044,CA045,CA046,CA047,CA048,CA049,CA051,CA052,CA053,CA054,CA055,CA056,CA057,CA058,CA059,CA061,CA062,CA063,CA064,CA065,CA066,CA067,CA068,CA069,CA071,CA072,CA073,CA074,CA075,CA076,CA077,CA078,CA079,CA081,CA082,CA083,CA084,CA085,CA086,CA087,CA088,CA089,CA091,CA092,CA093,CA094,CA095,CA096,CA097,CA098,CA099,CA101,CA102,CA103,CA104,CA105,CA106,CA107,CA108,CA109,CA111,CA112,CA113,CA114,CA115,CA116
CB001,CB002,CB003,CB004,CB005,CB006,CB007,CB008,CB009,CB011,CB012,CB013,CB014,CB015,CB016,CB017,CB018,CB019,CB021,CB022,CB023,CB024,CB025,CB026,CB027,CB028,CB029,CB031,CB032,CB033,CB034,CB035,CB036,CB037,CB038,CB039,CB041,CB042,CB043,CB044,CB045,CB046,CB047,CB048,CB049,CB051,CB052,CB053,CB054,CB055,CB056,CB057,CB058,CB059,CB061,CB062,CB063,CB064,CB065,CB066,CB067,CB068,CB069,CB071,CB072,CB073,CB074,CB075,CB076,CB077,CB078,CB079,CB081,CB082,CB083,CB084,CB085,CB086,CB087,CB088,CB089,CB091,CB092,CB093,CB094,CB095,CB096,CB097,CB098,CB099,CB101,CB102,CB103,CB104,CB105,CB106,CB107,CB108,CB109,CB111,CB112,CB113,CB114,CB115,CB116
CC001,CC002,CC003,CC004,CC005,CC006,CC007,CC008,CC009,CC011,CC012,CC013,CC014,CC015,CC016,CC017,CC018,CC019,CC021,CC022,CC023,CC024,CC025,CC026,CC027,CC028,CC029,CC031,CC032,CC033,CC034,CC035,CC036,CC037,CC038,CC039,CC041,CC042,CC043,CC044,CC045,CC046,CC047,CC048,CC049,CC051,CC052,CC053,CC054,CC055,CC056,CC057,CC058,CC059,CC061,CC062,CC063,CC064,CC065,CC066,CC067,CC068,CC069,CC071,CC072,CC073,CC074,CC075,CC076,CC077,CC078,CC079,CC081,CC082,CC083,CC084,CC085,CC086,CC087,CC088,CC089,CC091,CC092,CC093,CC094,CC095,CC096,CC097,CC098,CC099,CC101,CC102,CC103,CC104,CC105,CC106,CC107,CC108,CC109,CC111,CC112,CC113,CC114,CC115,CC116
CD001,CD002,CD003,CD004,CD005,CD006,CD007,CD008,CD009,CD011,CD012,CD013,CD014,CD015,CD016,CD017,CD018,CD019,CD021,CD022,CD023,CD024,CD025,CD026,CD027,CD028,CD029,CD031,CD032,CD033,CD034,CD035,CD036,CD037,CD038,CD039,CD041,CD042,CD043,CD044,CD045,CD046,CD047,CD048,CD049,CD051,CD052,CD053,CD054,CD055,CD056,CD057,CD058,CD059,CD061,CD062,CD063,CD064,CD065,CD066,CD067,CD068,CD069,CD071,CD072,CD073,CD074,CD075,CD076,CD077,CD078,CD079,CD081,CD082,CD083,CD084,CD085,CD086,CD087,CD088,CD089,CD091,CD092,CD093,CD094,CD095,CD096,CD097,CD098,CD099,CD101,CD102,CD103,CD104,CD105,CD106,CD107,CD108,CD109,CD111,CD112,CD113,CD114,CD115,CD116
CE001,CE002,CE003,CE004,CE005,CE006,CE007,CE008,CE009,CE011,CE012,CE013,CE014,CE015,CE016,CE017,CE018,CE019,CE021,CE022,CE023,CE024,CE025,CE026,CE027,CE028,CE029,CE031,CE032,CE033,CE034,CE035,CE036,CE037,CE038,CE039,CE041,CE042,CE043,CE044,CE045,CE046,CE047,CE048,CE049,CE051,CE052,CE053,CE054,CE055,CE056,CE057,CE058,CE059,CE061,CE062,CE063,CE064,CE065,CE066,CE067,CE068,CE069,CE071,CE072,CE073,CE074,CE075,CE076,CE077,CE078,CE079,CE081,CE082,CE083,CE084,CE085,CE086,CE087,CE088,CE089,CE091,CE092,CE093,CE094,CE095,CE096,CE097,CE098,CE099,CE101,CE102,CE103,CE104,CE105,CE106,CE107,CE108,CE109,CE111,CE112,CE113,CE114,CE115,CE116
CF001,CF002,CF003,CF004,CF005,CF006,CF007,CF008,CF009,CF011,CF012,CF013,CF014,CF015,CF016,CF017,CF018,CF019,CF021,CF022,CF023,CF024,CF025,CF026,CF027,CF028,CF029,CF031,CF032,CF033,CF034,CF035,CF036,CF037,CF038,CF039,CF041,CF042,CF043,CF044,CF045,CF046,CF047,CF048,CF049,CF051,CF052,CF053,CF054,CF055,CF056,CF057,CF058,CF059,CF061,CF062,CF063,CF064,CF065,CF066,CF067,CF068,CF069,CF071,CF072,CF073,CF074,CF075,CF076,CF077,CF078,CF079,CF081,CF082,CF083,CF084,CF085,CF086,CF087,CF088,CF089,CF091,CF092,CF093,CF094,CF095,CF096,CF097,CF098,CF099,CF101,CF102,CF103,CF104,CF105,CF106,CF107,CF108,CF109,CF111,CF112,CF113,CF114,CF115,CF116
CG001,CG002,CG003,CG004,CG005,CG006,CG007,CG008,CG009,CG011,CG012,CG013,CG014,CG015,CG016,CG017,CG018,CG019,CG021,CG022,CG023,CG024,CG025,CG026,CG027,CG028,CG029,CG031,CG032,CG033,CG034,CG035,CG036,CG037,CG038,CG039,CG041,CG042,CG043,CG044,CG045,CG046,CG047,CG048,CG049,CG051,CG052,CG053,CG054,CG055,CG056,CG057,CG058,CG059,CG061,CG062,CG063,CG064,CG065,CG066,CG067,CG068,CG069,CG071,CG072,CG073,CG074,CG075,CG076,CG077,CG078,CG079,CG081,CG082,CG083,CG084,CG085,CG086,CG087,CG088,CG089,CG091,CG092,CG093,CG094,CG095,CG096,CG097,CG098,CG099,CG101,CG102,CG103,CG104,CG105,CG106,CG107,CG108,CG109,CG111,CG112,CG113,CG114,CG115,CG116
CH001,CH002,CH003,CH004,CH005,CH006,CH007,CH008,CH009,CH011,CH012,CH013,CH014,CH015,CH016,CH017,CH018,CH019,CH021,CH022,CH023,CH024,CH025,CH026,CH027,CH028,CH029,CH031,CH032,CH033,CH034,CH035,CH036,CH037,CH038,CH039,CH041,CH042,CH043,CH044,CH045,CH046,CH047,CH048,CH049,CH051,CH052,CH053,CH054,CH055,CH056,CH057,CH058,CH059,CH061,CH062,CH063,CH064,CH065,CH066,CH067,CH068,CH069,CH071,CH072,CH073,CH074,CH075,CH076,CH077,CH078,CH079,CH081,CH082,CH083,CH084,CH085,CH086,CH087,CH088,CH089,CH091,CH092,CH093,CH094,CH095,CH096,CH097,CH098,CH099,CH101,CH102,CH103,CH104,CH105,CH106,CH107,CH108,CH109,CH111,CH112,CH113,CH114,CH115,CH116
CJ001,CJ002,CJ003,CJ004,CJ005,CJ006,CJ007,CJ008,CJ009,CJ011,CJ012,CJ013,CJ014,CJ015,CJ016,CJ017,CJ018,CJ019,CJ021,CJ022,CJ023,CJ024,CJ025,CJ026,CJ027,CJ028,CJ029,CJ031,CJ032,CJ033,CJ034,CJ035,CJ036,CJ037,CJ038,CJ039,CJ041,CJ042,CJ043,CJ044,CJ045,CJ046,CJ047,CJ048,CJ049,CJ051,CJ052,CJ053,CJ054,CJ055,CJ056,CJ057,CJ058,CJ059,CJ061,CJ062,CJ063,CJ064,CJ065,CJ066,CJ067,CJ068,CJ069,CJ071,CJ072,CJ073,CJ074,CJ075,CJ076,CJ077,CJ078,CJ079,CJ081,CJ082,CJ083,CJ084,CJ085,CJ086,CJ087,CJ088,CJ089,CJ091,CJ092,CJ093,CJ094,CJ095,CJ096,CJ097,CJ098,CJ099,CJ101,CJ102,CJ103,CJ104,CJ105,CJ106,CJ107,CJ108,CJ109,CJ111,CJ112,CJ113,CJ114,CJ115,CJ116
CK001,CK002,CK003,CK004,CK005,CK006,CK007,CK008,CK009,CK011,CK012,CK013,CK014,CK015,CK016,CK017,CK018,CK019,CK021,CK022,CK023,CK024,CK025,CK026,CK027,CK028,CK029,CK031,CK032,CK033,CK034,CK035,CK036,CK037,CK038,CK039,CK041,CK042,CK043,CK044,CK045,CK046,CK047,CK048,CK049,CK051,CK052,CK053,CK054,CK055,CK056,CK057,CK058,CK059,CK061,CK062,CK063,CK064,CK065,CK066,CK067,CK068,CK069,CK071,CK072,CK073,CK074,CK075,CK076,CK077,CK078,CK079,CK081,CK082,CK083,CK084,CK085,CK086,CK087,CK088,CK089,CK091,CK092,CK093,CK094,CK095,CK096,CK097,CK098,CK099,CK101,CK102,CK103,CK104,CK105,CK106,CK107,CK108,CK109,CK111,CK112,CK113,CK114,CK115,CK116
CL001,CL002,CL003,CL004,CL005,CL006,CL007,CL008,CL009,CL011,CL012,CL013,CL014,CL015,CL016,CL017,CL018,CL019,CL021,CL022,CL023,CL024,CL025,CL026,CL027,CL028,CL029,CL031,CL032,CL033,CL034,CL035,CL036,CL037,CL038,CL039,CL041,CL042,CL043,CL044,CL045,CL046,CL047,CL048,CL049,CL051,CL052,CL053,CL054,CL055,CL056,CL057,CL058,CL059,CL061,CL062,CL063,CL064,CL065,CL066,CL067,CL068,CL069,CL071,CL072,CL073,CL074,CL075,CL076,CL077,CL078,CL079,CL081,CL082,CL083,CL084,CL085,CL086,CL087,CL088,CL089,CL091,CL092,CL093,CL094,CL095,CL096,CL097,CL098,CL099,CL101,CL102,CL103,CL104,CL105,CL106,CL107,CL108,CL109,CL111,CL112,CL113,CL114,CL115,CL116
CM001,CM002,CM003,CM004,CM005,CM006,CM007,CM008,CM009,CM011,CM012,CM013,CM014,CM015,CM016,CM017,CM018,CM019,CM021,CM022,CM023,CM024,CM025,CM026,CM027,CM028,CM029,CM031,CM032,CM033,CM034,CM035,CM036,CM037,CM038,CM039,CM041,CM042,CM043,CM044,CM045,CM046,CM047,CM048,CM049,CM051,CM052,CM053,CM054,CM055,CM056,CM057,CM058,CM059,CM061,CM062,CM063,CM064,CM065,CM066,CM067,CM068,CM069,CM071,CM072,CM073,CM074,CM075,CM076,CM077,CM078,CM079,CM081,CM082,CM083,CM084,CM085,CM086,CM087,CM088,CM089,CM091,CM092,CM093,CM094,CM095,CM096,CM097,CM098,CM099,CM101,CM102,CM103,CM104,CM105,CM106,CM107,CM108,CM109,CM111,CM112,CM113,CM114,CM115,CM116
CN001,CN002,CN003,CN004,CN005,CN006,CN007,CN008,CN009,CN011,CN012,CN013,CN014,CN015,CN016,CN017,CN018,CN019,CN021,CN022,CN023,CN024,CN025,CN026,CN027,CN028,CN029,CN031,CN032,CN033,CN034,CN035,CN036,CN037,CN038,CN039,CN041,CN042,CN043,CN044,CN045,CN046,CN047,CN048,CN049,CN051,CN052,CN053,CN054,CN055,CN056,CN057,CN058,CN059,CN061,CN062,CN063,CN064,CN065,CN066,CN067,CN068,CN069,CN071,CN072,CN073,CN074,CN075,CN076,CN077,CN078,CN079,CN081,CN082,CN083,CN084,CN085,CN086,CN087,CN088,CN089,CN091,CN092,CN093,CN094,CN095,CN096,CN097,CN098,CN099,CN101,CN102,CN103,CN104,CN105,CN106,CN107,CN108,CN109,CN111,CN112,CN113,CN114,CN115,CN116
CP001,CP002,CP003,CP004,CP005,CP006,CP007,CP008,CP009,CP011,CP012,CP013,CP014,CP015,CP016,CP017,CP018,CP019,CP021,CP022,CP023,CP024,CP025,CP026,CP027,CP028,CP029,CP031,CP032,CP033,CP034,CP035,CP036,CP037,CP038,CP039,CP041,CP042,CP043,CP044,CP045,CP046,CP047,CP048,CP049,CP051,CP052,CP053,CP054,CP055,CP056,CP057,CP058,CP059,CP061,CP062,CP063,CP064,CP065,CP066,CP067,CP068,CP069,CP071,CP072,CP073,CP074,CP075,CP076,CP077,CP078,CP079,CP081,CP082,CP083,CP084,CP085,CP086,CP087,CP088,CP089,CP091,CP092,CP093,CP094,CP095,CP096,CP097,CP098,CP099,CP101,CP102,CP103,CP104,CP105,CP106,CP107,CP108,CP109,CP111,CP112,CP113,CP114,CP115,CP116
,,,,,CR006,CR007,CR008,CR009,CR011,CR012,CR013,CR014,CR015,CR016,CR017,CR018,CR019,CR021,CR022,CR023,CR024,CR025,CR026,CR027,CR028,CR029,CR031,CR032,CR033,CR034,CR035,CR036,CR037,CR038,CR039,CR041,CR042,CR043,CR044,CR045,CR046,CR047,CR048,CR049,CR051,CR052,CR053,CR054,CR055,CR056,CR057,CR058,CR059,CR061,CR062,CR063,CR064,CR065,CR066,CR067,CR068,CR069,CR071,CR072,CR073,CR074,CR075,CR076,CR077,CR078,CR079,CR081,CR082,CR083,CR084,CR085,CR086,CR087,CR088,CR089,CR091,CR092,CR093,CR094,CR095,CR096,CR097,CR098,CR099,CR101,CR102,CR103,CR104,CR105,CR106,CR107,CR108,CR109,CR111,,,,,
,,,,,CS006,CS007,CS008,CS009,CS011,CS012,CS013,CS014,CS015,CS016,CS017,CS018,CS019,CS021,CS022,CS023,CS024,CS025,CS026,CS027,CS028,CS029,CS031,CS032,CS033,CS034,CS035,CS036,CS037,CS038,CS039,CS041,CS042,CS043,CS044,CS045,CS046,CS047,CS048,CS049,CS051,CS052,CS053,CS054,CS055,CS056,CS057,CS058,CS059,CS061,CS062,CS063,CS064,CS065,CS066,CS067,CS068,CS069,CS071,CS072,CS073,CS074,CS075,CS076,CS077,CS078,CS079,CS081,CS082,CS083,CS084,CS085,CS086,CS087,CS088,CS089,CS091,CS092,CS093,CS094,CS095,CS096,CS097,CS098,CS099,CS101,CS102,CS103,CS104,CS105,CS106,CS107,CS108,CS109,CS111,,,,,
,,,,,CT006,CT007,CT008,CT009,CT011,CT012,CT013,CT014,CT015,CT016,CT017,CT018,CT019,CT021,CT022,CT023,CT024,CT025,CT026,CT027,CT028,CT029,CT031,CT032,CT033,CT034,CT035,CT036,CT037,CT038,CT039,CT041,CT042,CT043,CT044,CT045,CT046,CT047,CT048,CT049,CT051,CT052,CT053,CT054,CT055,CT056,CT057,CT058,CT059,CT061,CT062,CT063,CT064,CT065,CT066,CT067,CT068,CT069,CT071,CT072,CT073,CT074,CT075,CT076,CT077,CT078,CT079,CT081,CT082,CT083,CT084,CT085,CT086,CT087,CT088,CT089,CT091,CT092,CT093,CT094,CT095,CT096,CT097,CT098,CT099,CT101,CT102,CT103,CT104,CT105,CT106,CT107,CT108,CT109,CT111,,,,,
,,,,,CU006,CU007,CU008,CU009,CU011,CU012,CU013,CU014,CU015,CU016,CU017,CU018,CU019,CU021,CU022,CU023,CU024,CU025,CU026,CU027,CU028,CU029,CU031,CU032,CU033,CU034,CU035,CU036,CU037,CU038,CU039,CU041,CU042,CU043,CU044,CU045,CU046,CU047,CU048,CU049,CU051,CU052,CU053,CU054,CU055,CU056,CU057,CU058,CU059,CU061,CU062,CU063,CU064,CU065,CU066,CU067,CU068,CU069,CU071,CU072,CU073,CU074,CU075,CU076,CU077,CU078,CU079,CU081,CU082,CU083,CU084,CU085,CU086,CU087,CU088,CU089,CU091,CU092,CU093,CU094,CU095,CU096,CU097,CU098,CU099,CU101,CU102,CU103,CU104,CU105,CU106,CU107,CU108,CU109,CU111,,,,,
,,,,,CV006,CV007,CV008,CV009,CV011,CV012,CV013,CV014,CV015,CV016,CV017,CV018,CV019,CV021,CV022,CV023,CV024,CV025,CV026,CV027,CV028,CV029,CV031,CV032,CV033,CV034,CV035,CV036,CV037,CV038,CV039,CV041,CV042,CV043,CV044,CV045,CV046,CV047,CV048,CV049,CV051,CV052,CV053,CV054,CV055,CV056,CV057,CV058,CV059,CV061,CV062,CV063,CV064,CV065,CV066,CV067,CV068,CV069,CV071,CV072,CV073,CV074,CV075,CV076,CV077,CV078,CV079,CV081,CV082,CV083,CV084,CV085,CV086,CV087,CV088,CV089,CV091,CV092,CV093,CV094,CV095,CV096,CV097,CV098,CV099,CV101,CV102,CV103,CV104,CV105,CV106,CV107,CV108,CV109,CV111,,,,,
,,,,,CW006,CW007,CW008,CW009,CW011,CW012,CW013,CW014,CW015,CW016,CW017,CW018,CW019,CW021,CW022,CW023,CW024,CW025,CW026,CW027,CW028,CW029,CW031,CW032,CW033,CW034,CW035,CW036,CW037,CW038,CW039,CW041,CW042,CW043,CW044,CW045,CW046,CW047,CW048,CW049,CW051,CW052,CW053,CW054,CW055,CW056,CW057,CW058,CW059,CW061,CW062,CW063,CW064,CW065,CW066,CW067,CW068,CW069,CW071,CW072,CW073,CW074,CW075,CW076,CW077,CW078,CW079,CW081,CW082,CW083,CW084,CW085,CW086,CW087,CW088,CW089,CW091,CW092,CW093,CW094,CW095,CW096,CW097,CW098,CW099,CW101,CW102,CW103,CW104,CW105,CW106,CW107,CW108,CW109,CW111,,,,,
,,,,,CX006,CX007,CX008,CX009,CX011,CX012,CX013,CX014,CX015,CX016,CX017,CX018,CX019,CX021,CX022,CX023,CX024,CX025,CX026,CX027,CX028,CX029,CX031,CX032,CX033,CX034,CX035,CX036,CX037,CX038,CX039,CX041,CX042,CX043,CX044,CX045,CX046,CX047,CX048,CX049,CX051,CX052,CX053,CX054,CX055,CX056,CX057,CX058,CX059,CX061,CX062,CX063,CX064,CX065,CX066,CX067,CX068,CX069,CX071,CX072,CX073,CX074,CX075,CX076,CX077,CX078,CX079,CX081,CX082,CX083,CX084,CX085,CX086,CX087,CX088,CX089,CX091,CX092,CX093,CX094,CX095,CX096,CX097,CX098,CX099,CX101,CX102,CX103,CX104,CX105,CX106,CX107,CX108,CX109,CX111,,,,,
,,,,,CY006,CY007,CY008,CY009,CY011,CY012,CY013,CY014,CY015,CY016,CY017,CY018,CY019,CY021,CY022,CY023,CY024,CY025,CY026,CY027,CY028,CY029,CY031,CY032,CY033,CY034,CY035,CY036,CY037,CY038,CY039,CY041,CY042,CY043,CY044,CY045,CY046,CY047,CY048,CY049,CY051,CY052,CY053,CY054,CY055,CY056,CY057,CY058,CY059,CY061,CY062,CY063,CY064,CY065,CY066,CY067,CY068,CY069,CY071,CY072,CY073,CY074,CY075,CY076,CY077,CY078,CY079,CY081,CY082,CY083,CY084,CY085,CY086,CY087,CY088,CY089,CY091,CY092,CY093,CY094,CY095,CY096,CY097,CY098,CY099,CY101,CY102,CY103,CY104,CY105,CY106,CY107,CY108,CY109,CY111,,,,,
,,,,,CZ006,CZ007,CZ008,CZ009,CZ011,CZ012,CZ013,CZ014,CZ015,CZ016,CZ017,CZ018,CZ019,CZ021,CZ022,CZ023,CZ024,CZ025,CZ026,CZ027,CZ028,CZ029,CZ031,CZ032,CZ033,CZ034,CZ035,CZ036,CZ037,CZ038,CZ039,CZ041,CZ042,CZ043,CZ044,CZ045,CZ046,CZ047,CZ048,CZ049,CZ051,CZ052,CZ053,CZ054,CZ055,CZ056,CZ057,CZ058,CZ059,CZ061,CZ062,CZ063,CZ064,CZ065,CZ066,CZ067,CZ068,CZ069,CZ071,CZ072,CZ073,CZ074,CZ075,CZ076,CZ077,CZ078,CZ079,CZ081,CZ082,CZ083,CZ084,CZ085,CZ086,CZ087,CZ088,CZ089,CZ091,CZ092,CZ093,CZ094,CZ095,CZ096,CZ097,CZ098,CZ099,CZ101,CZ102,CZ103,CZ104,CZ105,CZ106,CZ107,CZ108,CZ109,CZ111,,,,,
,,,,,DA006,DA007,DA008,DA009,DA011,DA012,DA013,DA014,DA015,DA016,DA017,DA018,DA019,DA021,DA022,DA023,DA024,DA025,DA026,DA027,DA028,DA029,DA031,DA032,DA033,DA034,DA035,DA036,DA037,DA038,DA039,DA041,DA042,DA043,DA044,DA045,DA046,DA047,DA048,DA049,DA051,DA052,DA053,DA054,DA055,DA056,DA057,DA058,DA059,DA061,DA062,DA063,DA064,DA065,DA066,DA067,DA068,DA069,DA071,DA072,DA073,DA074,DA075,DA076,DA077,DA078,DA079,DA081,DA082,DA083,DA084,DA085,DA086,DA087,DA088,DA089,DA091,DA092,DA093,DA094,DA095,DA096,DA097,DA098,DA099,DA101,DA102,DA103,DA104,DA105,DA106,DA107,DA108,DA109,DA111,,,,,
,,,,,DB006,DB007,DB008,DB009,DB011,DB012,DB013,DB014,DB015,DB016,DB017,DB018,DB019,DB021,DB022,DB023,DB024,DB025,DB026,DB027,DB028,DB029,DB031,DB032,DB033,DB034,DB035,DB036,DB037,DB038,DB039,DB041,DB042,DB043,DB044,DB045,DB046,DB047,DB048,DB049,DB051,DB052,DB053,DB054,DB055,DB056,DB057,DB058,DB059,DB061,DB062,DB063,DB064,DB065,DB066,DB067,DB068,DB069,DB071,DB072,DB073,DB074,DB075,DB076,DB077,DB078,DB079,DB081,DB082,DB083,DB084,DB085,DB086,DB087,DB088,DB089,DB091,DB092,DB093,DB094,DB095,DB096,DB097,DB098,DB099,DB101,DB102,DB103,DB104,DB105,DB106,DB107,DB108,DB109,DB111,,,,,
,,,,,DC006,DC007,DC008,DC009,DC011,DC012,DC013,DC014,DC015,DC016,DC017,DC018,DC019,DC021,DC022,DC023,DC024,DC025,DC026,DC027,DC028,DC029,DC031,DC032,DC033,DC034,DC035,DC036,DC037,DC038,DC039,DC041,DC042,DC043,DC044,DC045,DC046,DC047,DC048,DC049,DC051,DC052,DC053,DC054,DC055,DC056,DC057,DC058,DC059,DC061,DC062,DC063,DC064,DC065,DC066,DC067,DC068,DC069,DC071,DC072,DC073,DC074,DC075,DC076,DC077,DC078,DC079,DC081,DC082,DC083,DC084,DC085,DC086,DC087,DC088,DC089,DC091,DC092,DC093,DC094,DC095,DC096,DC097,DC098,DC099,DC101,DC102,DC103,DC104,DC105,DC106,DC107,DC108,DC109,DC111,,,,,
,,,,,DD006,DD007,DD008,DD009,DD011,DD012,DD013,DD014,DD015,DD016,DD017,DD018,DD019,DD021,DD022,DD023,DD024,DD025,DD026,DD027,DD028,DD029,DD031,DD032,DD033,DD034,DD035,DD036,DD037,DD038,DD039,DD041,DD042,DD043,DD044,DD045,DD046,DD047,DD048,DD049,DD051,DD052,DD053,DD054,DD055,DD056,DD057,DD058,DD059,DD061,DD062,DD063,DD064,DD065,DD066,DD067,DD068,DD069,DD071,DD072,DD073,DD074,DD075,DD076,DD077,DD078,DD079,DD081,DD082,DD083,DD084,DD085,DD086,DD087,DD088,DD089,DD091,DD092,DD093,DD094,DD095,DD096,DD097,DD098,DD099,DD101,DD102,DD103,DD104,DD105,DD106,DD107,DD108,DD109,DD111,,,,,
,,,,,DE006,DE007,DE008,DE009,DE011,DE012,DE013,DE014,DE015,DE016,DE017,DE018,DE019,DE021,DE022,DE023,DE024,DE025,DE026,DE027,DE028,DE029,DE031,DE032,DE033,DE034,DE035,DE036,DE037,DE038,DE039,DE041,DE042,DE043,DE044,DE045,DE046,DE047,DE048,DE049,DE051,DE052,DE053,DE054,DE055,DE056,DE057,DE058,DE059,DE061,DE062,DE063,DE064,DE065,DE066,DE067,DE068,DE069,DE071,DE072,DE073,DE074,DE075,DE076,DE077,DE078,DE079,DE081,DE082,DE083,DE084,DE085,DE086,DE087,DE088,DE089,DE091,DE092,DE093,DE094,DE095,DE096,DE097,DE098,DE099,DE101,DE102,DE103,DE104,DE105,DE106,DE107,DE108,DE109,DE111,,,,,
,,,,,DF006,DF007,DF008,DF009,DF011,DF012,DF013,DF014,DF015,DF016,DF017,DF018,DF019,DF021,DF022,DF023,DF024,DF025,DF026,DF027,DF028,DF029,DF031,DF032,DF033,DF034,DF035,DF036,DF037,DF038,DF039,DF041,DF042,DF043,DF044,DF045,DF046,DF047,DF048,DF049,DF051,DF052,DF053,DF054,DF055,DF056,DF057,DF058,DF059,DF061,DF062,DF063,DF064,DF065,DF066,DF067,DF068,DF069,DF071,DF072,DF073,DF074,DF075,DF076,DF077,DF078,DF079,DF081,DF082,DF083,DF084,DF085,DF086,DF087,DF088,DF089,DF091,DF092,DF093,DF094,DF095,DF096,DF097,DF098,DF099,DF101,DF102,DF103,DF104,DF105,DF106,DF107,DF108,DF109,DF111,,,,,
,,,,,,,,,,DG012,DG013,DG014,DG015,DG016,DG017,DG018,DG019,DG021,DG022,DG023,DG024,DG025,DG026,DG027,DG028,DG029,DG031,DG032,DG033,DG034,DG035,DG036,DG037,DG038,DG039,DG041,DG042,DG043,DG044,DG045,DG046,DG047,DG048,DG049,DG051,DG052,DG053,DG054,DG055,DG056,DG057,DG058,DG059,DG061,DG062,DG063,DG064,DG065,DG066,DG067,DG068,DG069,DG071,DG072,DG073,DG074,DG075,DG076,DG077,DG078,DG079,DG081,DG082,DG083,DG084,DG085,DG086,DG087,DG088,DG089,DG091,DG092,DG093,DG094,DG095,DG096,DG097,DG098,DG099,DG101,DG102,DG103,DG104,DG105,,,,,,,,,,
,,,,,,,,,,DH012,DH013,DH014,DH015,DH016,DH017,DH018,DH019,DH021,DH022,DH023,DH024,DH025,DH026,DH027,DH028,DH029,DH031,DH032,DH033,DH034,DH035,DH036,DH037,DH038,DH039,DH041,DH042,DH043,DH044,DH045,DH046,DH047,DH048,DH049,DH051,DH052,DH053,DH054,DH055,DH056,DH057,DH058,DH059,DH061,DH062,DH063,DH064,DH065,DH066,DH067,DH068,DH069,DH071,DH072,DH073,DH074,DH075,DH076,DH077,DH078,DH079,DH081,DH082,DH083,DH084,DH085,DH086,DH087,DH088,DH089,DH091,DH092,DH093,DH094,DH095,DH096,DH097,DH098,DH099,DH101,DH102,DH103,DH104,DH105,,,,,,,,,,
,,,,,,,,,,DJ012,DJ013,DJ014,DJ015,DJ016,DJ017,DJ018,DJ019,DJ021,DJ022,DJ023,DJ024,DJ025,DJ026,DJ027,DJ028,DJ029,DJ031,DJ032,DJ033,DJ034,DJ035,DJ036,DJ037,DJ038,DJ039,DJ041,DJ042,DJ043,DJ044,DJ045,DJ046,DJ047,DJ048,DJ049,DJ051,DJ052,DJ053,DJ054,DJ055,DJ056,DJ057,DJ058,DJ059,DJ061,DJ062,DJ063,DJ064,DJ065,DJ066,DJ067,DJ068,DJ069,DJ071,DJ072,DJ073,DJ074,DJ075,DJ076,DJ077,DJ078,DJ079,DJ081,DJ082,DJ083,DJ084,DJ085,DJ086,DJ087,DJ088,DJ089,DJ091,DJ092,DJ093,DJ094,DJ095,DJ096,DJ097,DJ098,DJ099,DJ101,DJ102,DJ103,DJ104,DJ105,,,,,,,,,,
,,,,,,,,,,DK012,DK013,DK014,DK015,DK016,DK017,DK018,DK019,DK021,DK022,DK023,DK024,DK025,DK026,DK027,DK028,DK029,DK031,DK032,DK033,DK034,DK035,DK036,DK037,DK038,DK039,DK041,DK042,DK043,DK044,DK045,DK046,DK047,DK048,DK049,DK051,DK052,DK053,DK054,DK055,DK056,DK057,DK058,DK059,DK061,DK062,DK063,DK064,DK065,DK066,DK067,DK068,DK069,DK071,DK072,DK073,DK074,DK075,DK076,DK077,DK078,DK079,DK081,DK082,DK083,DK084,DK085,DK086,DK087,DK088,DK089,DK091,DK092,DK093,DK094,DK095,DK096,DK097,DK098,DK099,DK101,DK102,DK103,DK104,DK105,,,,,,,,,,
,,,,,,,,,,DL012,DL013,DL014,DL015,DL016,DL017,DL018,DL019,DL021,DL022,DL023,DL024,DL025,DL026,DL027,DL028,DL029,DL031,DL032,DL033,DL034,DL035,DL036,DL037,DL038,DL039,DL041,DL042,DL043,DL044,DL045,DL046,DL047,DL048,DL049,DL051,DL052,DL053,DL054,DL055,DL056,DL057,DL058,DL059,DL061,DL062,DL063,DL064,DL065,DL066,DL067,DL068,DL069,DL071,DL072,DL073,DL074,DL075,DL076,DL077,DL078,DL079,DL081,DL082,DL083,DL084,DL085,DL086,DL087,DL088,DL089,DL091,DL092,DL093,DL094,DL095,DL096,DL097,DL098,DL099,DL101,DL102,DL103,DL104,DL105,,,,,,,,,,
,,,,,,,,,,DM012,DM013,DM014,DM015,DM016,DM017,DM018,DM019,DM021,DM022,DM023,DM024,DM025,DM026,DM027,DM028,DM029,DM031,DM032,DM033,DM034,DM035,DM036,DM037,DM038,DM039,DM041,DM042,DM043,DM044,DM045,DM046,DM047,DM048,DM049,DM051,DM052,DM053,DM054,DM055,DM056,DM057,DM058,DM059,DM061,DM062,DM063,DM064,DM065,DM066,DM067,DM068,DM069,DM071,DM072,DM073,DM074,DM075,DM076,DM077,DM078,DM079,DM081,DM082,DM083,DM084,DM085,DM086,DM087,DM088,DM089,DM091,DM092,DM093,DM094,DM095,DM096,DM097,DM098,DM099,DM101,DM102,DM103,DM104,DM105,,,,,,,,,,
,,,,,,,,,,DN012,DN013,DN014,DN015,DN016,DN017,DN018,DN019,DN021,DN022,DN023,DN024,DN025,DN026,DN027,DN028,DN029,DN031,DN032,DN033,DN034,DN035,DN036,DN037,DN038,DN039,DN041,DN042,DN043,DN044,DN045,DN046,DN047,DN048,DN049,DN051,DN052,DN053,DN054,DN055,DN056,DN057,DN058,DN059,DN061,DN062,DN063,DN064,DN065,DN066,DN067,DN068,DN069,DN071,DN072,DN073,DN074,DN075,DN076,DN077,DN078,DN079,DN081,DN082,DN083,DN084,DN085,DN086,DN087,DN088,DN089,DN091,DN092,DN093,DN094,DN095,DN096,DN097,DN098,DN099,DN101,DN102,DN103,DN104,DN105,,,,,,,,,,
,,,,,,,,,,DP012,DP013,DP014,DP015,DP016,DP017,DP018,DP019,DP021,DP022,DP023,DP024,DP025,DP026,DP027,DP028,DP029,DP031,DP032,DP033,DP034,DP035,DP036,DP037,DP038,DP039,DP041,DP042,DP043,DP044,DP045,DP046,DP047,DP048,DP049,DP051,DP052,DP053,DP054,DP055,DP056,DP057,DP058,DP059,DP061,DP062,DP063,DP064,DP065,DP066,DP067,DP068,DP069,DP071,DP072,DP073,DP074,DP075,DP076,DP077,DP078,DP079,DP081,DP082,DP083,DP084,DP085,DP086,DP087,DP088,DP089,DP091,DP092,DP093,DP094,DP095,DP096,DP097,DP098,DP099,DP101,DP102,DP103,DP104,DP105,,,,,,,,,,
,,,,,,,,,,DR012,DR013,DR014,DR015,DR016,DR017,DR018,DR019,DR021,DR022,DR023,DR024,DR025,DR026,DR027,DR028,DR029,DR031,DR032,DR033,DR034,DR035,DR036,DR037,DR038,DR039,DR041,DR042,DR043,DR044,DR045,DR046,DR047,DR048,DR049,DR051,DR052,DR053,DR054,DR055,DR056,DR057,DR058,DR059,DR061,DR062,DR063,DR064,DR065,DR066,DR067,DR068,DR069,DR071,DR072,DR073,DR074,DR075,DR076,DR077,DR078,DR079,DR081,DR082,DR083,DR084,DR085,DR086,DR087,DR088,DR089,DR091,DR092,DR093,DR094,DR095,DR096,DR097,DR098,DR099,DR101,DR102,DR103,DR104,DR105,,,,,,,,,,
,,,,,,,,,,DS012,DS013,DS014,DS015,DS016,DS017,DS018,DS019,DS021,DS022,DS023,DS024,DS025,DS026,DS027,DS028,DS029,DS031,DS032,DS033,DS034,DS035,DS036,DS037,DS038,DS039,DS041,DS042,DS043,DS044,DS045,DS046,DS047,DS048,DS049,DS051,DS052,DS053,DS054,DS055,DS056,DS057,DS058,DS059,DS061,DS062,DS063,DS064,DS065,DS066,DS067,DS068,DS069,DS071,DS072,DS073,DS074,DS075,DS076,DS077,DS078,DS079,DS081,DS082,DS083,DS084,DS085,DS086,DS087,DS088,DS089,DS091,DS092,DS093,DS094,DS095,DS096,DS097,DS098,DS099,DS101,DS102,DS103,DS104,DS105,,,,,,,,,,
,,,,,,,,,,,,,,,DT017,DT018,DT019,DT021,DT022,DT023,DT024,DT025,DT026,DT027,DT028,DT029,DT031,DT032,DT033,DT034,DT035,DT036,DT037,DT038,DT039,DT041,DT042,DT043,DT044,DT045,DT046,DT047,DT048,DT049,DT051,DT052,DT053,DT054,DT055,DT056,DT057,DT058,DT059,DT061,DT062,DT063,DT064,DT065,DT066,DT067,DT068,DT069,DT071,DT072,DT073,DT074,DT075,DT076,DT077,DT078,DT079,DT081,DT082,DT083,DT084,DT085,DT086,DT087,DT088,DT089,DT091,DT092,DT093,DT094,DT095,DT096,DT097,DT098,DT099,,,,,,,,,,,,,,,
,,,,,,,,,,,,,,,DU017,DU018,DU019,DU021,DU022,DU023,DU024,DU025,DU026,DU027,DU028,DU029,DU031,DU032,DU033,DU034,DU035,DU036,DU037,DU038,DU039,DU041,DU042,DU043,DU044,DU045,DU046,DU047,DU048,DU049,DU051,DU052,DU053,DU054,DU055,DU056,DU057,DU058,DU059,DU061,DU062,DU063,DU064,DU065,DU066,DU067,DU068,DU069,DU071,DU072,DU073,DU074,DU075,DU076,DU077,DU078,DU079,DU081,DU082,DU083,DU084,DU085,DU086,DU087,DU088,DU089,DU091,DU092,DU093,DU094,DU095,DU096,DU097,DU098,DU099,,,,,,,,,,,,,,,
,,,,,,,,,,,,,,,DV017,DV018,DV019,DV021,DV022,DV023,DV024,DV025,DV026,DV027,DV028,DV029,DV031,DV032,DV033,DV034,DV035,DV036,DV037,DV038,DV039,DV041,DV042,DV043,DV044,DV045,DV046,DV047,DV048,DV049,DV051,DV052,DV053,DV054,DV055,DV056,DV057,DV058,DV059,DV061,DV062,DV063,DV064,DV065,DV066,DV067,DV068,DV069,DV071,DV072,DV073,DV074,DV075,DV076,DV077,DV078,DV079,DV081,DV082,DV083,DV084,DV085,DV086,DV087,DV088,DV089,DV091,DV092,DV093,DV094,DV095,DV096,DV097,DV098,DV099,,,,,,,,,,,,,,,
,,,,,,,,,,,,,,,DW017,DW018,DW019,DW021,DW022,DW023,DW024,DW025,DW026,DW027,DW028,DW029,DW031,DW032,DW033,DW034,DW035,DW036,DW037,DW038,DW039,DW041,DW042,DW043,DW044,DW045,DW046,DW047,DW048,DW049,DW051,DW052,DW053,DW054,DW055,DW056,DW057,DW058,DW059,DW061,DW062,DW063,DW064,DW065,DW066,DW067,DW068,DW069,DW071,DW072,DW073,DW074,DW075,DW076,DW077,DW078,DW079,DW081,DW082,DW083,DW084,DW085,DW086,DW087,DW088,DW089,DW091,DW092,DW093,DW094,DW095,DW096,DW097,DW098,DW099,,,,,,,,,,,,,,,
,,,,,,,,,,,,,,,DX017,DX018,DX019,DX021,DX022,DX023,DX024,DX025,DX026,DX027,DX028,DX029,DX031,DX032,DX033,DX034,DX035,DX036,DX037,DX038,DX039,DX041,DX042,DX043,DX044,DX045,DX046,DX047,DX048,DX049,DX051,DX052,DX053,DX054,DX055,DX056,DX057,DX058,DX059,DX061,DX062,DX063,DX064,DX065,DX066,DX067,DX068,DX069,DX071,DX072,DX073,DX074,DX075,DX076,DX077,DX078,DX079,DX081,DX082,DX083,DX084,DX085,DX086,DX087,DX088,DX089,DX091,DX092,DX093,DX094,DX095,DX096,DX097,DX098,DX099,,,,,,,,,,,,,,,
,,,,,,,,,,,,,,,,,,,,DY023,DY024,DY025,DY026,DY027,DY028,DY029,DY031,DY032,DY033,DY034,DY035,DY036,DY037,DY038,DY039,DY041,DY042,DY043,DY044,DY045,DY046,DY047,DY048,DY049,DY051,DY052,DY053,DY054,DY055,DY056,DY057,DY058,DY059,DY061,DY062,DY063,DY064,DY065,DY066,DY067,DY068,DY069,DY071,DY072,DY073,DY074,DY075,DY076,DY077,DY078,DY079,DY081,DY082,DY083,DY084,DY085,DY086,DY087,DY088,DY089,DY091,DY092,DY093,DY094,,,,,,,,,,,,,,,,,,,,
,,,,,,,,,,,,,,,,,,,,DZ023,DZ024,DZ025,DZ026,DZ027,DZ028,DZ029,DZ031,DZ032,DZ033,DZ034,DZ035,DZ036,DZ037,DZ038,DZ039,DZ041,DZ042,DZ043,DZ044,DZ045,DZ046,DZ047,DZ048,DZ049,DZ051,DZ052,DZ053,DZ054,DZ055,DZ056,DZ057,DZ058,DZ059,DZ061,DZ062,DZ063,DZ064,DZ065,DZ066,DZ067,DZ068,DZ069,DZ071,DZ072,DZ073,DZ074,DZ075,DZ076,DZ077,DZ078,DZ079,DZ081,DZ082,DZ083,DZ084,DZ085,DZ086,DZ087,DZ088,DZ089,DZ091,DZ092,DZ093,DZ094,,,,,,,,,,,,,,,,,,,,
,,,,,,,,,,,,,,,,,,,,EA023,EA024,EA025,EA026,EA027,EA028,EA029,EA031,EA032,EA033,EA034,EA035,EA036,EA037,EA038,EA039,EA041,EA042,EA043,EA044,EA045,EA046,EA047,EA048,EA049,EA051,EA052,EA053,EA054,EA055,EA056,EA057,EA058,EA059,EA061,EA062,EA063,EA064,EA065,EA066,EA067,EA068,EA069,EA071,EA072,EA073,EA074,EA075,EA076,EA077,EA078,EA079,EA081,EA082,EA083,EA084,EA085,EA086,EA087,EA088,EA089,EA091,EA092,EA093,EA094,,,,,,,,,,,,,,,,,,,,
,,,,,,,,,,,,,,,,,,,,EB023,EB024,EB025,EB026,EB027,EB028,EB029,EB031,EB032,EB033,EB034,EB035,EB036,EB037,EB038,EB039,EB041,EB042,EB043,EB044,EB045,EB046,EB047,EB048,EB049,EB051,EB052,EB053,EB054,EB055,EB056,EB057,EB058,EB059,EB061,EB062,EB063,EB064,EB065,EB066,EB067,EB068,EB069,EB071,EB072,EB073,EB074,EB075,EB076,EB077,EB078,EB079,EB081,EB082,EB083,EB084,EB085,EB086,EB087,EB088,EB089,EB091,EB092,EB093,EB094,,,,,,,,,,,,,,,,,,,,
,,,,,,,,,,,,,,,,,,,,EC023,EC024,EC025,EC026,EC027,EC028,EC029,EC031,EC032,EC033,EC034,EC035,EC036,EC037,EC038,EC039,EC041,EC042,EC043,EC044,EC045,EC046,EC047,EC048,EC049,EC051,EC052,EC053,EC054,EC055,EC056,EC057,EC058,EC059,EC061,EC062,EC063,EC064,EC065,EC066,EC067,EC068,EC069,EC071,EC072,EC073,EC074,EC075,EC076,EC077,EC078,EC079,EC081,EC082,EC083,EC084,EC085,EC086,EC087,EC088,EC089,EC091,EC092,EC093,EC094,,,,,,,,,,,,,,,,,,,,
,,,,,,,,,,,,,,,,,,,,,,,,,,,,,,ED034,ED035,ED036,ED037,ED038,ED039,ED041,ED042,ED043,ED044,ED045,ED046,ED047,ED048,ED049,ED051,ED052,ED053,ED054,ED055,ED056,ED057,ED058,ED059,ED061,ED062,ED063,ED064,ED065,ED066,ED067,ED068,ED069,ED071,ED072,ED073,ED074,ED075,ED076,ED077,ED078,ED079,ED081,ED082,ED083,,,,,,,,,,,,,,,,,,,,,,,,,,,,,,
,,,,,,,,,,,,,,,,,,,,,,,,,,,,,,EE034,EE035,EE036,EE037,EE038,EE039,EE041,EE042,EE043,EE044,EE045,EE046,EE047,EE048,EE049,EE051,EE052,EE053,EE054,EE055,EE056,EE057,EE058,EE059,EE061,EE062,EE063,EE064,EE065,EE066,EE067,EE068,EE069,EE071,EE072,EE073,EE074,EE075,EE076,EE077,EE078,EE079,EE081,EE082,EE083,,,,,,,,,,,,,,,,,,,,,,,,,,,,,,
,,,,,,,,,,,,,,,,,,,,,,,,,,,,,,EF034,EF035,EF036,EF037,EF038,EF039,EF041,EF042,EF043,EF044,EF045,EF046,EF047,EF048,EF049,EF051,EF052,EF053,EF054,EF055,EF056,EF057,EF058,EF059,EF061,EF062,EF063,EF064,EF065,EF066,EF067,EF068,EF069,EF071,EF072,EF073,EF074,EF075,EF076,EF077,EF078,EF079,EF081,EF082,EF083,,,,,,,,,,,,,,,,,,,,,,,,,,,,,,
,,,,,,,,,,,,,,,,,,,,,,,,,,,,,,EG034,EG035,EG036,EG037,EG038,EG039,EG041,EG042,EG043,EG044,EG045,EG046,EG047,EG048,EG049,EG051,EG052,EG053,EG054,EG055,EG056,EG057,EG058,EG059,EG061,EG062,EG063,EG064,EG065,EG066,EG067,EG068,EG069,EG071,EG072,EG073,EG074,EG075,EG076,EG077,EG078,EG079,EG081,EG082,EG083,,,,,,,,,,,,,,,,,,,,,,,,,,,,,,
,,,,,,,,,,,,,,,,,,,,,,,,,,,,,,EH034,EH035,EH036,EH037,EH038,EH039,EH041,EH042,EH043,EH044,EH045,EH046,EH047,EH048,EH049,EH051,EH052,EH053,EH054,EH055,EH056,EH057,EH058,EH059,EH061,EH062,EH063,EH064,EH065,EH066,EH067,EH068,EH069,EH071,EH072,EH073,EH074,EH075,EH076,EH077,EH078,EH079,EH081,EH082,EH083,,,,,,,,,,,,,,,,,,,,,,,,,,,,,,
,,,,,,,,,,,,,,,,,,,,,,,,,,,,,,,,,,,,,,,,,,,,,EJ051,EJ052,EJ053,EJ054,EJ055,EJ056,EJ057,EJ058,EJ059,EJ061,EJ062,EJ063,EJ064,EJ065,EJ066,,,,,,,,,,,,,,,,,,,,,,,,,,,,,,,,,,,,,,,,,,,,,
,,,,,,,,,,,,,,,,,,,,,,,,,,,,,,,,,,,,,,,,,,,,,EK051,EK052,EK053,EK054,EK055,EK056,EK057,EK058,EK059,EK061,EK062,EK063,EK064,EK065,EK066,,,,,,,,,,,,,,,,,,,,,,,,,,,,,,,,,,,,,,,,,,,,,
,,,,,,,,,,,,,,,,,,,,,,,,,,,,,,,,,,,,,,,,,,,,,EL051,EL052,EL053,EL054,EL055,EL056,EL057,EL058,EL059,EL061,EL062,EL063,EL064,EL065,EL066,,,,,,,,,,,,,,,,,,,,,,,,,,,,,,,,,,,,,,,,,,,,,
,,,,,,,,,,,,,,,,,,,,,,,,,,,,,,,,,,,,,,,,,,,,,EM051,EM052,EM053,EM054,EM055,EM056,EM057,EM058,EM059,EM061,EM062,EM063,EM064,EM065,EM066,,,,,,,,,,,,,,,,,,,,,,,,,,,,,,,,,,,,,,,,,,,,,
,,,,,,,,,,,,,,,,,,,,,,,,,,,,,,,,,,,,,,,,,,,,,EN051,EN052,EN053,EN054,EN055,EN056,EN057,EN058,EN059,EN061,EN062,EN063,EN064,EN065,EN066,,,,,,,,,,,,,,,,,,,,,,,,,,,,,,,,,,,,,,,,,,,,,
