1-7-7-10/2-7-7-10/UNNAMED/UNNAMED/UNNAMED/UNNAMED/UNNAMED/UNNAMED/UNNAMED/UNNAMED/UNNAMED/UNNAMED/UNNAMED/UNNAMED/UNNAMED/UNNAMED/UNNAMED/UNNAMED/UNNAMED/UNNAMED/UNNAMED/UNNAMED/UNNAMED/UNNAMED/UNNAMED/UNNAMED/UNNAMED/UNNAMED/UNNAMED/UNNAMED/UNNAMED/UNNAMED/UNNAMED/UNNAMED/UNNAMED/UNNAMED/UNNAMED/UNNAMED/UNNAMED/UNNAMED/UNNAMED/UNNAMED/UNNAMED/UNNAMED/UNNAMED/UNNAMED/UNNAMED/UNNAMED/UNNAMED/UNNAMED/UNNAMED/UNNAMED/UNNAMED/UNNAMED/UNNAMED/UNNAMED/UNNAMED/UNNAMED/UNNAMED/UNNAMED/UNNAMED/UNNAMED/UNNAMED,1-7-6-10/2-7-6-10/UNNAMED/UNNAMED/UNNAMED/UNNAMED/UNNAMED/UNNAMED/UNNAMED/UNNAMED/UNNAMED/UNNAMED/UNNAMED/UNNAMED/UNNAMED/UNNAMED/UNNAMED/UNNAMED/UNNAMED/UNNAMED/UNNAMED/UNNAMED/UNNAMED/UNNAMED/UNNAMED/UNNAMED/UNNAMED/UNNAMED/UNNAMED/UNNAMED/UNNAMED/UNNAMED/UNNAMED/UNNAMED/UNNAMED/UNNAMED/UNNAMED/UNNAMED/UNNAMED/UNNAMED/UNNAMED/UNNAMED/UNNAMED/UNNAMED/UNNAMED/UNNAMED/UNNAMED/UNNAMED/UNNAMED/UNNAMED/UNNAMED/UNNAMED/UNNAMED/UNNAMED/UNNAMED/UNNAMED/UNNAMED/UNNAMED/UNNAMED/UNNAMED/UNNAMED/UNNAMED/UNNAMED,1-7-5-10/2-7-5-10/UNNAMED/UNNAMED/UNNAMED/UNNAMED/UNNAMED/UNNAMED/UNNAMED/UNNAMED/UNNAMED/UNNAMED/UNNAMED/UNNAMED/UNNAMED/UNNAMED/UNNAMED/UNNAMED/UNNAMED/UNNAMED/UNNAMED/UNNAMED/UNNAMED/UNNAMED/UNNAMED/UNNAMED/UNNAMED/UNNAMED/UNNAMED/UNNAMED/UNNAMED/UNNAMED/UNNAMED/UNNAMED/UNNAMED/UNNAMED/UNNAMED/UNNAMED/UNNAMED/UNNAMED/UNNAMED/UNNAMED/UNNAMED/UNNAMED/UNNAMED/UNNAMED/UNNAMED/UNNAMED/UNNAMED/UNNAMED/UNNAMED/UNNAMED/UNNAMED/UNNAMED/UNNAMED/UNNAMED/UNNAMED/UNNAMED/UNNAMED/UNNAMED/UNNAMED/UNNAMED/UNNAMED,1-7-4-10/2-7-4-10/UNNAMED/UNNAMED/UNNAMED/UNNAMED/UNNAMED/UNNAMED/UNNAMED/UNNAMED/UNNAMED/UNNAMED/UNNAMED/UNNAMED/UNNAMED/UNNAMED/UNNAMED/UNNAMED/UNNAMED/UNNAMED/UNNAMED/UNNAMED/UNNAMED/UNNAMED/UNNAMED/UNNAMED/UNNAMED/UNNAMED/UNNAMED/UNNAMED/UNNAMED/UNNAMED/UNNAMED/UNNAMED/UNNAMED/UNNAMED/UNNAMED/UNNAMED/UNNAMED/UNNAMED/UNNAMED/UNNAMED/UNNAMED/UNNAMED/UNNAMED/UNNAMED/UNNAMED/UNNAMED/UNNAMED/UNNAMED/UNNAMED/UNNAMED/UNNAMED/UNNAMED/UNNAMED/UNNAMED/UNNAMED/UNNAMED/UNNAMED/UNNAMED/UNNAMED/UNNAMED/UNNAMED,1-7-3-10/2-7-3-10/UNNAMED/UNNAMED/UNNAMED/UNNAMED/UNNAMED/UNNAMED/UNNAMED/UNNAMED/UNNAMED/UNNAMED/UNNAMED/UNNAMED/UNNAMED/UNNAMED/UNNAMED/UNNAMED/UNNAMED/UNNAMED/UNNAMED/UNNAMED/UNNAMED/UNNAMED/UNNAMED/UNNAMED/UNNAMED/UNNAMED/UNNAMED/UNNAMED/UNNAMED/UNNAMED/UNNAMED/UNNAMED/UNNAMED/UNNAMED/UNNAMED/UNNAMED/UNNAMED/UNNAMED/UNNAMED/UNNAMED/UNNAMED/UNNAMED/UNNAMED/UNNAMED/UNNAMED/UNNAMED/UNNAMED/UNNAMED/UNNAMED/UNNAMED/UNNAMED/UNNAMED/UNNAMED/UNNAMED/UNNAMED/UNNAMED/UNNAMED/UNNAMED/UNNAMED/UNNAMED/UNNAMED,1-7-2-10/2-7-2-10/UNNAMED/UNNAMED/UNNAMED/UNNAMED/UNNAMED/UNNAMED/UNNAMED/UNNAMED/UNNAMED/UNNAMED/UNNAMED/UNNAMED/UNNAMED/UNNAMED/UNNAMED/UNNAMED/UNNAMED/UNNAMED/UNNAMED/UNNAMED/UNNAMED/UNNAMED/UNNAMED/UNNAMED/UNNAMED/UNNAMED/UNNAMED/UNNAMED/UNNAMED/UNNAMED/UNNAMED/UNNAMED/UNNAMED/UNNAMED/UNNAMED/UNNAMED/UNNAMED/UNNAMED/UNNAMED/UNNAMED/UNNAMED/UNNAMED/UNNAMED/UNNAMED/UNNAMED/UNNAMED/UNNAMED/UNNAMED/UNNAMED/UNNAMED/UNNAMED/UNNAMED/UNNAMED/UNNAMED/UNNAMED/UNNAMED/UNNAMED/UNNAMED/UNNAMED/UNNAMED/UNNAMED,1-7-1-10/2-7-1-10/UNNAMED/UNNAMED/UNNAMED/UNNAMED/UNNAMED/UNNAMED/UNNAMED/UNNAMED/UNNAMED/UNNAMED/UNNAMED/UNNAMED/UNNAMED/UNNAMED/UNNAMED/UNNAMED/UNNAMED/UNNAMED/UNNAMED/UNNAMED/UNNAMED/UNNAMED/UNNAMED/UNNAMED/UNNAMED/UNNAMED/UNNAMED/UNNAMED/UNNAMED/UNNAMED/UNNAMED/UNNAMED/UNNAMED/UNNAMED/UNNAMED/UNNAMED/UNNAMED/UNNAMED/UNNAMED/UNNAMED/UNNAMED/UNNAMED/UNNAMED/UNNAMED/UNNAMED/UNNAMED/UNNAMED/UNNAMED/UNNAMED/UNNAMED/UNNAMED/UNNAMED/UNNAMED/UNNAMED/UNNAMED/UNNAMED/UNNAMED/UNNAMED/UNNAMED/UNNAMED/UNNAMED
1-7-7-9/2-7-7-9/UNNAMED/UNNAMED/UNNAMED/UNNAMED/UNNAMED/UNNAMED/UNNAMED/UNNAMED/UNNAMED/UNNAMED/UNNAMED/UNNAMED/UNNAMED/UNNAMED/UNNAMED/UNNAMED/UNNAMED/UNNAMED/UNNAMED/UNNAMED/UNNAMED/UNNAMED/UNNAMED/UNNAMED/UNNAMED/UNNAMED/UNNAMED/UNNAMED/UNNAMED/UNNAMED/UNNAMED/UNNAMED/UNNAMED/UNNAMED/UNNAMED/UNNAMED/UNNAMED/UNNAMED/UNNAMED/UNNAMED/UNNAMED/UNNAMED/UNNAMED/UNNAMED/UNNAMED/UNNAMED/UNNAMED/UNNAMED/UNNAMED/UNNAMED/UNNAMED/UNNAMED/UNNAMED/UNNAMED/UNNAMED/UNNAMED/UNNAMED/UNNAMED/UNNAMED/UNNAMED/UNNAMED,1-7-6-9/2-7-6-9/UNNAMED/UNNAMED/UNNAMED/UNNAMED/UNNAMED/UNNAMED/UNNAMED/UNNAMED/UNNAMED/UNNAMED/UNNAMED/UNNAMED/UNNAMED/UNNAMED/UNNAMED/UNNAMED/UNNAMED/UNNAMED/UNNAMED/UNNAMED/UNNAMED/UNNAMED/UNNAMED/UNNAMED/UNNAMED/UNNAMED/UNNAMED/UNNAMED/UNNAMED/UNNAMED/UNNAMED/UNNAMED/UNNAMED/UNNAMED/UNNAMED/UNNAMED/UNNAMED/UNNAMED/UNNAMED/UNNAMED/UNNAMED/UNNAMED/UNNAMED/UNNAMED/UNNAMED/UNNAMED/UNNAMED/UNNAMED/UNNAMED/UNNAMED/UNNAMED/UNNAMED/UNNAMED/UNNAMED/UNNAMED/UNNAMED/UNNAMED/UNNAMED/UNNAMED/UNNAMED/UNNAMED,1-7-5-9/2-7-5-9/UNNAMED/UNNAMED/UNNAMED/UNNAMED/UNNAMED/UNNAMED/UNNAMED/UNNAMED/UNNAMED/UNNAMED/UNNAMED/UNNAMED/UNNAMED/UNNAMED/UNNAMED/UNNAMED/UNNAMED/UNNAMED/UNNAMED/UNNAMED/UNNAMED/UNNAMED/UNNAMED/UNNAMED/UNNAMED/UNNAMED/UNNAMED/UNNAMED/UNNAMED/UNNAMED/UNNAMED/UNNAMED/UNNAMED/UNNAMED/UNNAMED/UNNAMED/UNNAMED/UNNAMED/UNNAMED/UNNAMED/UNNAMED/UNNAMED/UNNAMED/UNNAMED/UNNAMED/UNNAMED/UNNAMED/UNNAMED/UNNAMED/UNNAMED/UNNAMED/UNNAMED/UNNAMED/UNNAMED/UNNAMED/UNNAMED/UNNAMED/UNNAMED/UNNAMED/UNNAMED/UNNAMED,1-7-4-9/2-7-4-9/UNNAMED/UNNAMED/UNNAMED/UNNAMED/UNNAMED/UNNAMED/UNNAMED/UNNAMED/UNNAMED/UNNAMED/UNNAMED/UNNAMED/UNNAMED/UNNAMED/UNNAMED/UNNAMED/UNNAMED/UNNAMED/UNNAMED/UNNAMED/UNNAMED/UNNAMED/UNNAMED/UNNAMED/UNNAMED/UNNAMED/UNNAMED/UNNAMED/UNNAMED/UNNAMED/UNNAMED/UNNAMED/UNNAMED/UNNAMED/UNNAMED/UNNAMED/UNNAMED/UNNAMED/UNNAMED/UNNAMED/UNNAMED/UNNAMED/UNNAMED/UNNAMED/UNNAMED/UNNAMED/UNNAMED/UNNAMED/UNNAMED/UNNAMED/UNNAMED/UNNAMED/UNNAMED/UNNAMED/UNNAMED/UNNAMED/UNNAMED/UNNAMED/UNNAMED/UNNAMED/UNNAMED,1-7-3-9/2-7-3-9/UNNAMED/UNNAMED/UNNAMED/UNNAMED/UNNAMED/UNNAMED/UNNAMED/UNNAMED/UNNAMED/UNNAMED/UNNAMED/UNNAMED/UNNAMED/UNNAMED/UNNAMED/UNNAMED/UNNAMED/UNNAMED/UNNAMED/UNNAMED/UNNAMED/UNNAMED/UNNAMED/UNNAMED/UNNAMED/UNNAMED/UNNAMED/UNNAMED/UNNAMED/UNNAMED/UNNAMED/UNNAMED/UNNAMED/UNNAMED/UNNAMED/UNNAMED/UNNAMED/UNNAMED/UNNAMED/UNNAMED/UNNAMED/UNNAMED/UNNAMED/UNNAMED/UNNAMED/UNNAMED/UNNAMED/UNNAMED/UNNAMED/UNNAMED/UNNAMED/UNNAMED/UNNAMED/UNNAMED/UNNAMED/UNNAMED/UNNAMED/UNNAMED/UNNAMED/UNNAMED/UNNAMED,1-7-2-9/2-7-2-9/UNNAMED/UNNAMED/UNNAMED/UNNAMED/UNNAMED/UNNAMED/UNNAMED/UNNAMED/UNNAMED/UNNAMED/UNNAMED/UNNAMED/UNNAMED/UNNAMED/UNNAMED/UNNAMED/UNNAMED/UNNAMED/UNNAMED/UNNAMED/UNNAMED/UNNAMED/UNNAMED/UNNAMED/UNNAMED/UNNAMED/UNNAMED/UNNAMED/UNNAMED/UNNAMED/UNNAMED/UNNAMED/UNNAMED/UNNAMED/UNNAMED/UNNAMED/UNNAMED/UNNAMED/UNNAMED/UNNAMED/UNNAMED/UNNAMED/UNNAMED/UNNAMED/UNNAMED/UNNAMED/UNNAMED/UNNAMED/UNNAMED/UNNAMED/UNNAMED/UNNAMED/UNNAMED/UNNAMED/UNNAMED/UNNAMED/UNNAMED/UNNAMED/UNNAMED/UNNAMED/UNNAMED,1-7-1-9/2-7-1-9/UNNAMED/UNNAMED/UNNAMED/UNNAMED/UNNAMED/UNNAMED/UNNAMED/UNNAMED/UNNAMED/UNNAMED/UNNAMED/UNNAMED/UNNAMED/UNNAMED/UNNAMED/UNNAMED/UNNAMED/UNNAMED/UNNAMED/UNNAMED/UNNAMED/UNNAMED/UNNAMED/UNNAMED/UNNAMED/UNNAMED/UNNAMED/UNNAMED/UNNAMED/UNNAMED/UNNAMED/UNNAMED/UNNAMED/UNNAMED/UNNAMED/UNNAMED/UNNAMED/UNNAMED/UNNAMED/UNNAMED/UNNAMED/UNNAMED/UNNAMED/UNNAMED/UNNAMED/UNNAMED/UNNAMED/UNNAMED/UNNAMED/UNNAMED/UNNAMED/UNNAMED/UNNAMED/UNNAMED/UNNAMED/UNNAMED/UNNAMED/UNNAMED/UNNAMED/UNNAMED/UNNAMED
1-7-7-8/2-7-7-8/UNNAMED/UNNAMED/UNNAMED/UNNAMED/UNNAMED/UNNAMED/UNNAMED/UNNAMED/UNNAMED/UNNAMED/UNNAMED/UNNAMED/UNNAMED/UNNAMED/UNNAMED/UNNAMED/UNNAMED/UNNAMED/UNNAMED/UNNAMED/UNNAMED/UNNAMED/UNNAMED/UNNAMED/UNNAMED/UNNAMED/UNNAMED/UNNAMED/UNNAMED/UNNAMED/UNNAMED/UNNAMED/UNNAMED/UNNAMED/UNNAMED/UNNAMED/UNNAMED/UNNAMED/UNNAMED/UNNAMED/UNNAMED/UNNAMED/UNNAMED/UNNAMED/UNNAMED/UNNAMED/UNNAMED/UNNAMED/UNNAMED/UNNAMED/UNNAMED/UNNAMED/UNNAMED/UNNAMED/UNNAMED/UNNAMED/UNNAMED/UNNAMED/UNNAMED/UNNAMED/UNNAMED,1-7-6-8/2-7-6-8/UNNAMED/UNNAMED/UNNAMED/UNNAMED/UNNAMED/UNNAMED/UNNAMED/UNNAMED/UNNAMED/UNNAMED/UNNAMED/UNNAMED/UNNAMED/UNNAMED/UNNAMED/UNNAMED/UNNAMED/UNNAMED/UNNAMED/UNNAMED/UNNAMED/UNNAMED/UNNAMED/UNNAMED/UNNAMED/UNNAMED/UNNAMED/UNNAMED/UNNAMED/UNNAMED/UNNAMED/UNNAMED/UNNAMED/UNNAMED/UNNAMED/UNNAMED/UNNAMED/UNNAMED/UNNAMED/UNNAMED/UNNAMED/UNNAMED/UNNAMED/UNNAMED/UNNAMED/UNNAMED/UNNAMED/UNNAMED/UNNAMED/UNNAMED/UNNAMED/UNNAMED/UNNAMED/UNNAMED/UNNAMED/UNNAMED/UNNAMED/UNNAMED/UNNAMED/UNNAMED/UNNAMED,1-7-5-8/2-7-5-8/UNNAMED/UNNAMED/UNNAMED/UNNAMED/UNNAMED/UNNAMED/UNNAMED/UNNAMED/UNNAMED/UNNAMED/UNNAMED/UNNAMED/UNNAMED/UNNAMED/UNNAMED/UNNAMED/UNNAMED/UNNAMED/UNNAMED/UNNAMED/UNNAMED/UNNAMED/UNNAMED/UNNAMED/UNNAMED/UNNAMED/UNNAMED/UNNAMED/UNNAMED/UNNAMED/UNNAMED/UNNAMED/UNNAMED/UNNAMED/UNNAMED/UNNAMED/UNNAMED/UNNAMED/UNNAMED/UNNAMED/UNNAMED/UNNAMED/UNNAMED/UNNAMED/UNNAMED/UNNAMED/UNNAMED/UNNAMED/UNNAMED/UNNAMED/UNNAMED/UNNAMED/UNNAMED/UNNAMED/UNNAMED/UNNAMED/UNNAMED/UNNAMED/UNNAMED/UNNAMED/UNNAMED,1-7-4-8/2-7-4-8/UNNAMED/UNNAMED/UNNAMED/UNNAMED/UNNAMED/UNNAMED/UNNAMED/UNNAMED/UNNAMED/UNNAMED/UNNAMED/UNNAMED/UNNAMED/UNNAMED/UNNAMED/UNNAMED/UNNAMED/UNNAMED/UNNAMED/UNNAMED/UNNAMED/UNNAMED/UNNAMED/UNNAMED/UNNAMED/UNNAMED/UNNAMED/UNNAMED/UNNAMED/UNNAMED/UNNAMED/UNNAMED/UNNAMED/UNNAMED/UNNAMED/UNNAMED/UNNAMED/UNNAMED/UNNAMED/UNNAMED/UNNAMED/UNNAMED/UNNAMED/UNNAMED/UNNAMED/UNNAMED/UNNAMED/UNNAMED/UNNAMED/UNNAMED/UNNAMED/UNNAMED/UNNAMED/UNNAMED/UNNAMED/UNNAMED/UNNAMED/UNNAMED/UNNAMED/UNNAMED/UNNAMED,1-7-3-8/2-7-3-8/UNNAMED/UNNAMED/UNNAMED/UNNAMED/UNNAMED/UNNAMED/UNNAMED/UNNAMED/UNNAMED/UNNAMED/UNNAMED/UNNAMED/UNNAMED/UNNAMED/UNNAMED/UNNAMED/UNNAMED/UNNAMED/UNNAMED/UNNAMED/UNNAMED/UNNAMED/UNNAMED/UNNAMED/UNNAMED/UNNAMED/UNNAMED/UNNAMED/UNNAMED/UNNAMED/UNNAMED/UNNAMED/UNNAMED/UNNAMED/UNNAMED/UNNAMED/UNNAMED/UNNAMED/UNNAMED/UNNAMED/UNNAMED/UNNAMED/UNNAMED/UNNAMED/UNNAMED/UNNAMED/UNNAMED/UNNAMED/UNNAMED/UNNAMED/UNNAMED/UNNAMED/UNNAMED/UNNAMED/UNNAMED/UNNAMED/UNNAMED/UNNAMED/UNNAMED/UNNAMED/UNNAMED,1-7-2-8/2-7-2-8/UNNAMED/UNNAMED/UNNAMED/UNNAMED/UNNAMED/UNNAMED/UNNAMED/UNNAMED/UNNAMED/UNNAMED/UNNAMED/UNNAMED/UNNAMED/UNNAMED/UNNAMED/UNNAMED/UNNAMED/UNNAMED/UNNAMED/UNNAMED/UNNAMED/UNNAMED/UNNAMED/UNNAMED/UNNAMED/UNNAMED/UNNAMED/UNNAMED/UNNAMED/UNNAMED/UNNAMED/UNNAMED/UNNAMED/UNNAMED/UNNAMED/UNNAMED/UNNAMED/UNNAMED/UNNAMED/UNNAMED/UNNAMED/UNNAMED/UNNAMED/UNNAMED/UNNAMED/UNNAMED/UNNAMED/UNNAMED/UNNAMED/UNNAMED/UNNAMED/UNNAMED/UNNAMED/UNNAMED/UNNAMED/UNNAMED/UNNAMED/UNNAMED/UNNAMED/UNNAMED/UNNAMED,
1-7-7-7/2-7-7-7/UNNAMED/UNNAMED/UNNAMED/UNNAMED/UNNAMED/UNNAMED/UNNAMED/UNNAMED/UNNAMED/UNNAMED/UNNAMED/UNNAMED/UNNAMED/UNNAMED/UNNAMED/UNNAMED/UNNAMED/UNNAMED/UNNAMED/UNNAMED/UNNAMED/UNNAMED/UNNAMED/UNNAMED/UNNAMED/UNNAMED/UNNAMED/UNNAMED/UNNAMED/UNNAMED/UNNAMED/UNNAMED/UNNAMED/UNNAMED/UNNAMED/UNNAMED/UNNAMED/UNNAMED/UNNAMED/UNNAMED/UNNAMED/UNNAMED/UNNAMED/UNNAMED/UNNAMED/UNNAMED/UNNAMED/UNNAMED/UNNAMED/UNNAMED/UNNAMED/UNNAMED/UNNAMED/UNNAMED/UNNAMED/UNNAMED/UNNAMED/UNNAMED/UNNAMED/UNNAMED/UNNAMED,1-7-6-7/2-7-6-7/UNNAMED/UNNAMED/UNNAMED/UNNAMED/UNNAMED/UNNAMED/UNNAMED/UNNAMED/UNNAMED/UNNAMED/UNNAMED/UNNAMED/UNNAMED/UNNAMED/UNNAMED/UNNAMED/UNNAMED/UNNAMED/UNNAMED/UNNAMED/UNNAMED/UNNAMED/UNNAMED/UNNAMED/UNNAMED/UNNAMED/UNNAMED/UNNAMED/UNNAMED/UNNAMED/UNNAMED/UNNAMED/UNNAMED/UNNAMED/UNNAMED/UNNAMED/UNNAMED/UNNAMED/UNNAMED/UNNAMED/UNNAMED/UNNAMED/UNNAMED/UNNAMED/UNNAMED/UNNAMED/UNNAMED/UNNAMED/UNNAMED/UNNAMED/UNNAMED/UNNAMED/UNNAMED/UNNAMED/UNNAMED/UNNAMED/UNNAMED/UNNAMED/UNNAMED/UNNAMED/UNNAMED,1-7-5-7/2-7-5-7/UNNAMED/UNNAMED/UNNAMED/UNNAMED/UNNAMED/UNNAMED/UNNAMED/UNNAMED/UNNAMED/UNNAMED/UNNAMED/UNNAMED/UNNAMED/UNNAMED/UNNAMED/UNNAMED/UNNAMED/UNNAMED/UNNAMED/UNNAMED/UNNAMED/UNNAMED/UNNAMED/UNNAMED/UNNAMED/UNNAMED/UNNAMED/UNNAMED/UNNAMED/UNNAMED/UNNAMED/UNNAMED/UNNAMED/UNNAMED/UNNAMED/UNNAMED/UNNAMED/UNNAMED/UNNAMED/UNNAMED/UNNAMED/UNNAMED/UNNAMED/UNNAMED/UNNAMED/UNNAMED/UNNAMED/UNNAMED/UNNAMED/UNNAMED/UNNAMED/UNNAMED/UNNAMED/UNNAMED/UNNAMED/UNNAMED/UNNAMED/UNNAMED/UNNAMED/UNNAMED/UNNAMED,1-7-4-7/2-7-4-7/UNNAMED/UNNAMED/UNNAMED/UNNAMED/UNNAMED/UNNAMED/UNNAMED/UNNAMED/UNNAMED/UNNAMED/UNNAMED/UNNAMED/UNNAMED/UNNAMED/UNNAMED/UNNAMED/UNNAMED/UNNAMED/UNNAMED/UNNAMED/UNNAMED/UNNAMED/UNNAMED/UNNAMED/UNNAMED/UNNAMED/UNNAMED/UNNAMED/UNNAMED/UNNAMED/UNNAMED/UNNAMED/UNNAMED/UNNAMED/UNNAMED/UNNAMED/UNNAMED/UNNAMED/UNNAMED/UNNAMED/UNNAMED/UNNAMED/UNNAMED/UNNAMED/UNNAMED/UNNAMED/UNNAMED/UNNAMED/UNNAMED/UNNAMED/UNNAMED/UNNAMED/UNNAMED/UNNAMED/UNNAMED/UNNAMED/UNNAMED/UNNAMED/UNNAMED/UNNAMED/UNNAMED,1-7-3-7/2-7-3-7/UNNAMED/UNNAMED/UNNAMED/UNNAMED/UNNAMED/UNNAMED/UNNAMED/UNNAMED/UNNAMED/UNNAMED/UNNAMED/UNNAMED/UNNAMED/UNNAMED/UNNAMED/UNNAMED/UNNAMED/UNNAMED/UNNAMED/UNNAMED/UNNAMED/UNNAMED/UNNAMED/UNNAMED/UNNAMED/UNNAMED/UNNAMED/UNNAMED/UNNAMED/UNNAMED/UNNAMED/UNNAMED/UNNAMED/UNNAMED/UNNAMED/UNNAMED/UNNAMED/UNNAMED/UNNAMED/UNNAMED/UNNAMED/UNNAMED/UNNAMED/UNNAMED/UNNAMED/UNNAMED/UNNAMED/UNNAMED/UNNAMED/UNNAMED/UNNAMED/UNNAMED/UNNAMED/UNNAMED/UNNAMED/UNNAMED/UNNAMED/UNNAMED/UNNAMED/UNNAMED/UNNAMED,1-7-2-7/2-7-2-7/UNNAMED/UNNAMED/UNNAMED/UNNAMED/UNNAMED/UNNAMED/UNNAMED/UNNAMED/UNNAMED/UNNAMED/UNNAMED/UNNAMED/UNNAMED/UNNAMED/UNNAMED/UNNAMED/UNNAMED/UNNAMED/UNNAMED/UNNAMED/UNNAMED/UNNAMED/UNNAMED/UNNAMED/UNNAMED/UNNAMED/UNNAMED/UNNAMED/UNNAMED/UNNAMED/UNNAMED/UNNAMED/UNNAMED/UNNAMED/UNNAMED/UNNAMED/UNNAMED/UNNAMED/UNNAMED/UNNAMED/UNNAMED/UNNAMED/UNNAMED/UNNAMED/UNNAMED/UNNAMED/UNNAMED/UNNAMED/UNNAMED/UNNAMED/UNNAMED/UNNAMED/UNNAMED/UNNAMED/UNNAMED/UNNAMED/UNNAMED/UNNAMED/UNNAMED/UNNAMED/UNNAMED,
1-7-7-6/2-7-7-6/UNNAMED/UNNAMED/UNNAMED/UNNAMED/UNNAMED/UNNAMED/UNNAMED/UNNAMED/UNNAMED/UNNAMED/UNNAMED/UNNAMED/UNNAMED/UNNAMED/UNNAMED/UNNAMED/UNNAMED/UNNAMED/UNNAMED/UNNAMED/UNNAMED/UNNAMED/UNNAMED/UNNAMED/UNNAMED/UNNAMED/UNNAMED/UNNAMED/UNNAMED/UNNAMED/UNNAMED/UNNAMED/UNNAMED/UNNAMED/UNNAMED/UNNAMED/UNNAMED/UNNAMED/UNNAMED/UNNAMED/UNNAMED/UNNAMED/UNNAMED/UNNAMED/UNNAMED/UNNAMED/UNNAMED/UNNAMED/UNNAMED/UNNAMED/UNNAMED/UNNAMED/UNNAMED/UNNAMED/UNNAMED/UNNAMED/UNNAMED/UNNAMED/UNNAMED/UNNAMED/UNNAMED,1-7-6-6/2-7-6-6/UNNAMED/UNNAMED/UNNAMED/UNNAMED/UNNAMED/UNNAMED/UNNAMED/UNNAMED/UNNAMED/UNNAMED/UNNAMED/UNNAMED/UNNAMED/UNNAMED/UNNAMED/UNNAMED/UNNAMED/UNNAMED/UNNAMED/UNNAMED/UNNAMED/UNNAMED/UNNAMED/UNNAMED/UNNAMED/UNNAMED/UNNAMED/UNNAMED/UNNAMED/UNNAMED/UNNAMED/UNNAMED/UNNAMED/UNNAMED/UNNAMED/UNNAMED/UNNAMED/UNNAMED/UNNAMED/UNNAMED/UNNAMED/UNNAMED/UNNAMED/UNNAMED/UNNAMED/UNNAMED/UNNAMED/UNNAMED/UNNAMED/UNNAMED/UNNAMED/UNNAMED/UNNAMED/UNNAMED/UNNAMED/UNNAMED/UNNAMED/UNNAMED/UNNAMED/UNNAMED/UNNAMED,1-7-5-6/2-7-5-6/UNNAMED/UNNAMED/UNNAMED/UNNAMED/UNNAMED/UNNAMED/UNNAMED/UNNAMED/UNNAMED/UNNAMED/UNNAMED/UNNAMED/UNNAMED/UNNAMED/UNNAMED/UNNAMED/UNNAMED/UNNAMED/UNNAMED/UNNAMED/UNNAMED/UNNAMED/UNNAMED/UNNAMED/UNNAMED/UNNAMED/UNNAMED/UNNAMED/UNNAMED/UNNAMED/UNNAMED/UNNAMED/UNNAMED/UNNAMED/UNNAMED/UNNAMED/UNNAMED/UNNAMED/UNNAMED/UNNAMED/UNNAMED/UNNAMED/UNNAMED/UNNAMED/UNNAMED/UNNAMED/UNNAMED/UNNAMED/UNNAMED/UNNAMED/UNNAMED/UNNAMED/UNNAMED/UNNAMED/UNNAMED/UNNAMED/UNNAMED/UNNAMED/UNNAMED/UNNAMED/UNNAMED,1-7-4-6/2-7-4-6/UNNAMED/UNNAMED/UNNAMED/UNNAMED/UNNAMED/UNNAMED/UNNAMED/UNNAMED/UNNAMED/UNNAMED/UNNAMED/UNNAMED/UNNAMED/UNNAMED/UNNAMED/UNNAMED/UNNAMED/UNNAMED/UNNAMED/UNNAMED/UNNAMED/UNNAMED/UNNAMED/UNNAMED/UNNAMED/UNNAMED/UNNAMED/UNNAMED/UNNAMED/UNNAMED/UNNAMED/UNNAMED/UNNAMED/UNNAMED/UNNAMED/UNNAMED/UNNAMED/UNNAMED/UNNAMED/UNNAMED/UNNAMED/UNNAMED/UNNAMED/UNNAMED/UNNAMED/UNNAMED/UNNAMED/UNNAMED/UNNAMED/UNNAMED/UNNAMED/UNNAMED/UNNAMED/UNNAMED/UNNAMED/UNNAMED/UNNAMED/UNNAMED/UNNAMED/UNNAMED/UNNAMED,1-7-3-6/2-7-3-6/UNNAMED/UNNAMED/UNNAMED/UNNAMED/UNNAMED/UNNAMED/UNNAMED/UNNAMED/UNNAMED/UNNAMED/UNNAMED/UNNAMED/UNNAMED/UNNAMED/UNNAMED/UNNAMED/UNNAMED/UNNAMED/UNNAMED/UNNAMED/UNNAMED/UNNAMED/UNNAMED/UNNAMED/UNNAMED/UNNAMED/UNNAMED/UNNAMED/UNNAMED/UNNAMED/UNNAMED/UNNAMED/UNNAMED/UNNAMED/UNNAMED/UNNAMED/UNNAMED/UNNAMED/UNNAMED/UNNAMED/UNNAMED/UNNAMED/UNNAMED/UNNAMED/UNNAMED/UNNAMED/UNNAMED/UNNAMED/UNNAMED/UNNAMED/UNNAMED/UNNAMED/UNNAMED/UNNAMED/UNNAMED/UNNAMED/UNNAMED/UNNAMED/UNNAMED/UNNAMED/UNNAMED,1-7-2-6/2-7-2-6/UNNAMED/UNNAMED/UNNAMED/UNNAMED/UNNAMED/UNNAMED/UNNAMED/UNNAMED/UNNAMED/UNNAMED/UNNAMED/UNNAMED/UNNAMED/UNNAMED/UNNAMED/UNNAMED/UNNAMED/UNNAMED/UNNAMED/UNNAMED/UNNAMED/UNNAMED/UNNAMED/UNNAMED/UNNAMED/UNNAMED/UNNAMED/UNNAMED/UNNAMED/UNNAMED/UNNAMED/UNNAMED/UNNAMED/UNNAMED/UNNAMED/UNNAMED/UNNAMED/UNNAMED/UNNAMED/UNNAMED/UNNAMED/UNNAMED/UNNAMED/UNNAMED/UNNAMED/UNNAMED/UNNAMED/UNNAMED/UNNAMED/UNNAMED/UNNAMED/UNNAMED/UNNAMED/UNNAMED/UNNAMED/UNNAMED/UNNAMED/UNNAMED/UNNAMED/UNNAMED/UNNAMED,
1-7-7-5/2-7-7-5/UNNAMED/UNNAMED/UNNAMED/UNNAMED/UNNAMED/UNNAMED/UNNAMED/UNNAMED/UNNAMED/UNNAMED/UNNAMED/UNNAMED/UNNAMED/UNNAMED/UNNAMED/UNNAMED/UNNAMED/UNNAMED/UNNAMED/UNNAMED/UNNAMED/UNNAMED/UNNAMED/UNNAMED/UNNAMED/UNNAMED/UNNAMED/UNNAMED/UNNAMED/UNNAMED/UNNAMED/UNNAMED/UNNAMED/UNNAMED/UNNAMED/UNNAMED/UNNAMED/UNNAMED/UNNAMED/UNNAMED/UNNAMED/UNNAMED/UNNAMED/UNNAMED/UNNAMED/UNNAMED/UNNAMED/UNNAMED/UNNAMED/UNNAMED/UNNAMED/UNNAMED/UNNAMED/UNNAMED/UNNAMED/UNNAMED/UNNAMED/UNNAMED/UNNAMED/UNNAMED/UNNAMED,1-7-6-5/2-7-6-5/UNNAMED/UNNAMED/UNNAMED/UNNAMED/UNNAMED/UNNAMED/UNNAMED/UNNAMED/UNNAMED/UNNAMED/UNNAMED/UNNAMED/UNNAMED/UNNAMED/UNNAMED/UNNAMED/UNNAMED/UNNAMED/UNNAMED/UNNAMED/UNNAMED/UNNAMED/UNNAMED/UNNAMED/UNNAMED/UNNAMED/UNNAMED/UNNAMED/UNNAMED/UNNAMED/UNNAMED/UNNAMED/UNNAMED/UNNAMED/UNNAMED/UNNAMED/UNNAMED/UNNAMED/UNNAMED/UNNAMED/UNNAMED/UNNAMED/UNNAMED/UNNAMED/UNNAMED/UNNAMED/UNNAMED/UNNAMED/UNNAMED/UNNAMED/UNNAMED/UNNAMED/UNNAMED/UNNAMED/UNNAMED/UNNAMED/UNNAMED/UNNAMED/UNNAMED/UNNAMED/UNNAMED,1-7-5-5/2-7-5-5/UNNAMED/UNNAMED/UNNAMED/UNNAMED/UNNAMED/UNNAMED/UNNAMED/UNNAMED/UNNAMED/UNNAMED/UNNAMED/UNNAMED/UNNAMED/UNNAMED/UNNAMED/UNNAMED/UNNAMED/UNNAMED/UNNAMED/UNNAMED/UNNAMED/UNNAMED/UNNAMED/UNNAMED/UNNAMED/UNNAMED/UNNAMED/UNNAMED/UNNAMED/UNNAMED/UNNAMED/UNNAMED/UNNAMED/UNNAMED/UNNAMED/UNNAMED/UNNAMED/UNNAMED/UNNAMED/UNNAMED/UNNAMED/UNNAMED/UNNAMED/UNNAMED/UNNAMED/UNNAMED/UNNAMED/UNNAMED/UNNAMED/UNNAMED/UNNAMED/UNNAMED/UNNAMED/UNNAMED/UNNAMED/UNNAMED/UNNAMED/UNNAMED/UNNAMED/UNNAMED/UNNAMED,1-7-4-5/2-7-4-5/UNNAMED/UNNAMED/UNNAMED/UNNAMED/UNNAMED/UNNAMED/UNNAMED/UNNAMED/UNNAMED/UNNAMED/UNNAMED/UNNAMED/UNNAMED/UNNAMED/UNNAMED/UNNAMED/UNNAMED/UNNAMED/UNNAMED/UNNAMED/UNNAMED/UNNAMED/UNNAMED/UNNAMED/UNNAMED/UNNAMED/UNNAMED/UNNAMED/UNNAMED/UNNAMED/UNNAMED/UNNAMED/UNNAMED/UNNAMED/UNNAMED/UNNAMED/UNNAMED/UNNAMED/UNNAMED/UNNAMED/UNNAMED/UNNAMED/UNNAMED/UNNAMED/UNNAMED/UNNAMED/UNNAMED/UNNAMED/UNNAMED/UNNAMED/UNNAMED/UNNAMED/UNNAMED/UNNAMED/UNNAMED/UNNAMED/UNNAMED/UNNAMED/UNNAMED/UNNAMED/UNNAMED,1-7-3-5/2-7-3-5/UNNAMED/UNNAMED/UNNAMED/UNNAMED/UNNAMED/UNNAMED/UNNAMED/UNNAMED/UNNAMED/UNNAMED/UNNAMED/UNNAMED/UNNAMED/UNNAMED/UNNAMED/UNNAMED/UNNAMED/UNNAMED/UNNAMED/UNNAMED/UNNAMED/UNNAMED/UNNAMED/UNNAMED/UNNAMED/UNNAMED/UNNAMED/UNNAMED/UNNAMED/UNNAMED/UNNAMED/UNNAMED/UNNAMED/UNNAMED/UNNAMED/UNNAMED/UNNAMED/UNNAMED/UNNAMED/UNNAMED/UNNAMED/UNNAMED/UNNAMED/UNNAMED/UNNAMED/UNNAMED/UNNAMED/UNNAMED/UNNAMED/UNNAMED/UNNAMED/UNNAMED/UNNAMED/UNNAMED/UNNAMED/UNNAMED/UNNAMED/UNNAMED/UNNAMED/UNNAMED/UNNAMED,,
1-7-7-4/2-7-7-4/UNNAMED/UNNAMED/UNNAMED/UNNAMED/UNNAMED/UNNAMED/UNNAMED/UNNAMED/UNNAMED/UNNAMED/UNNAMED/UNNAMED/UNNAMED/UNNAMED/UNNAMED/UNNAMED/UNNAMED/UNNAMED/UNNAMED/UNNAMED/UNNAMED/UNNAMED/UNNAMED/UNNAMED/UNNAMED/UNNAMED/UNNAMED/UNNAMED/UNNAMED/UNNAMED/UNNAMED/UNNAMED/UNNAMED/UNNAMED/UNNAMED/UNNAMED/UNNAMED/UNNAMED/UNNAMED/UNNAMED/UNNAMED/UNNAMED/UNNAMED/UNNAMED/UNNAMED/UNNAMED/UNNAMED/UNNAMED/UNNAMED/UNNAMED/UNNAMED/UNNAMED/UNNAMED/UNNAMED/UNNAMED/UNNAMED/UNNAMED/UNNAMED/UNNAMED/UNNAMED/UNNAMED,1-7-6-4/2-7-6-4/UNNAMED/UNNAMED/UNNAMED/UNNAMED/UNNAMED/UNNAMED/UNNAMED/UNNAMED/UNNAMED/UNNAMED/UNNAMED/UNNAMED/UNNAMED/UNNAMED/UNNAMED/UNNAMED/UNNAMED/UNNAMED/UNNAMED/UNNAMED/UNNAMED/UNNAMED/UNNAMED/UNNAMED/UNNAMED/UNNAMED/UNNAMED/UNNAMED/UNNAMED/UNNAMED/UNNAMED/UNNAMED/UNNAMED/UNNAMED/UNNAMED/UNNAMED/UNNAMED/UNNAMED/UNNAMED/UNNAMED/UNNAMED/UNNAMED/UNNAMED/UNNAMED/UNNAMED/UNNAMED/UNNAMED/UNNAMED/UNNAMED/UNNAMED/UNNAMED/UNNAMED/UNNAMED/UNNAMED/UNNAMED/UNNAMED/UNNAMED/UNNAMED/UNNAMED/UNNAMED/UNNAMED,1-7-5-4/2-7-5-4/UNNAMED/UNNAMED/UNNAMED/UNNAMED/UNNAMED/UNNAMED/UNNAMED/UNNAMED/UNNAMED/UNNAMED/UNNAMED/UNNAMED/UNNAMED/UNNAMED/UNNAMED/UNNAMED/UNNAMED/UNNAMED/UNNAMED/UNNAMED/UNNAMED/UNNAMED/UNNAMED/UNNAMED/UNNAMED/UNNAMED/UNNAMED/UNNAMED/UNNAMED/UNNAMED/UNNAMED/UNNAMED/UNNAMED/UNNAMED/UNNAMED/UNNAMED/UNNAMED/UNNAMED/UNNAMED/UNNAMED/UNNAMED/UNNAMED/UNNAMED/UNNAMED/UNNAMED/UNNAMED/UNNAMED/UNNAMED/UNNAMED/UNNAMED/UNNAMED/UNNAMED/UNNAMED/UNNAMED/UNNAMED/UNNAMED/UNNAMED/UNNAMED/UNNAMED/UNNAMED/UNNAMED,1-7-4-4/2-7-4-4/UNNAMED/UNNAMED/UNNAMED/UNNAMED/UNNAMED/UNNAMED/UNNAMED/UNNAMED/UNNAMED/UNNAMED/UNNAMED/UNNAMED/UNNAMED/UNNAMED/UNNAMED/UNNAMED/UNNAMED/UNNAMED/UNNAMED/UNNAMED/UNNAMED/UNNAMED/UNNAMED/UNNAMED/UNNAMED/UNNAMED/UNNAMED/UNNAMED/UNNAMED/UNNAMED/UNNAMED/UNNAMED/UNNAMED/UNNAMED/UNNAMED/UNNAMED/UNNAMED/UNNAMED/UNNAMED/UNNAMED/UNNAMED/UNNAMED/UNNAMED/UNNAMED/UNNAMED/UNNAMED/UNNAMED/UNNAMED/UNNAMED/UNNAMED/UNNAMED/UNNAMED/UNNAMED/UNNAMED/UNNAMED/UNNAMED/UNNAMED/UNNAMED/UNNAMED/UNNAMED/UNNAMED,1-7-3-4/2-7-3-4/UNNAMED/UNNAMED/UNNAMED/UNNAMED/UNNAMED/UNNAMED/UNNAMED/UNNAMED/UNNAMED/UNNAMED/UNNAMED/UNNAMED/UNNAMED/UNNAMED/UNNAMED/UNNAMED/UNNAMED/UNNAMED/UNNAMED/UNNAMED/UNNAMED/UNNAMED/UNNAMED/UNNAMED/UNNAMED/UNNAMED/UNNAMED/UNNAMED/UNNAMED/UNNAMED/UNNAMED/UNNAMED/UNNAMED/UNNAMED/UNNAMED/UNNAMED/UNNAMED/UNNAMED/UNNAMED/UNNAMED/UNNAMED/UNNAMED/UNNAMED/UNNAMED/UNNAMED/UNNAMED/UNNAMED/UNNAMED/UNNAMED/UNNAMED/UNNAMED/UNNAMED/UNNAMED/UNNAMED/UNNAMED/UNNAMED/UNNAMED/UNNAMED/UNNAMED/UNNAMED/UNNAMED,,
1-7-7-3/2-7-7-3/UNNAMED/UNNAMED/UNNAMED/UNNAMED/UNNAMED/UNNAMED/UNNAMED/UNNAMED/UNNAMED/UNNAMED/UNNAMED/UNNAMED/UNNAMED/UNNAMED/UNNAMED/UNNAMED/UNNAMED/UNNAMED/UNNAMED/UNNAMED/UNNAMED/UNNAMED/UNNAMED/UNNAMED/UNNAMED/UNNAMED/UNNAMED/UNNAMED/UNNAMED/UNNAMED/UNNAMED/UNNAMED/UNNAMED/UNNAMED/UNNAMED/UNNAMED/UNNAMED/UNNAMED/UNNAMED/UNNAMED/UNNAMED/UNNAMED/UNNAMED/UNNAMED/UNNAMED/UNNAMED/UNNAMED/UNNAMED/UNNAMED/UNNAMED/UNNAMED/UNNAMED/UNNAMED/UNNAMED/UNNAMED/UNNAMED/UNNAMED/UNNAMED/UNNAMED/UNNAMED/UNNAMED,1-7-6-3/2-7-6-3/UNNAMED/UNNAMED/UNNAMED/UNNAMED/UNNAMED/UNNAMED/UNNAMED/UNNAMED/UNNAMED/UNNAMED/UNNAMED/UNNAMED/UNNAMED/UNNAMED/UNNAMED/UNNAMED/UNNAMED/UNNAMED/UNNAMED/UNNAMED/UNNAMED/UNNAMED/UNNAMED/UNNAMED/UNNAMED/UNNAMED/UNNAMED/UNNAMED/UNNAMED/UNNAMED/UNNAMED/UNNAMED/UNNAMED/UNNAMED/UNNAMED/UNNAMED/UNNAMED/UNNAMED/UNNAMED/UNNAMED/UNNAMED/UNNAMED/UNNAMED/UNNAMED/UNNAMED/UNNAMED/UNNAMED/UNNAMED/UNNAMED/UNNAMED/UNNAMED/UNNAMED/UNNAMED/UNNAMED/UNNAMED/UNNAMED/UNNAMED/UNNAMED/UNNAMED/UNNAMED/UNNAMED,1-7-5-3/2-7-5-3/UNNAMED/UNNAMED/UNNAMED/UNNAMED/UNNAMED/UNNAMED/UNNAMED/UNNAMED/UNNAMED/UNNAMED/UNNAMED/UNNAMED/UNNAMED/UNNAMED/UNNAMED/UNNAMED/UNNAMED/UNNAMED/UNNAMED/UNNAMED/UNNAMED/UNNAMED/UNNAMED/UNNAMED/UNNAMED/UNNAMED/UNNAMED/UNNAMED/UNNAMED/UNNAMED/UNNAMED/UNNAMED/UNNAMED/UNNAMED/UNNAMED/UNNAMED/UNNAMED/UNNAMED/UNNAMED/UNNAMED/UNNAMED/UNNAMED/UNNAMED/UNNAMED/UNNAMED/UNNAMED/UNNAMED/UNNAMED/UNNAMED/UNNAMED/UNNAMED/UNNAMED/UNNAMED/UNNAMED/UNNAMED/UNNAMED/UNNAMED/UNNAMED/UNNAMED/UNNAMED/UNNAMED,1-7-4-3/2-7-4-3/UNNAMED/UNNAMED/UNNAMED/UNNAMED/UNNAMED/UNNAMED/UNNAMED/UNNAMED/UNNAMED/UNNAMED/UNNAMED/UNNAMED/UNNAMED/UNNAMED/UNNAMED/UNNAMED/UNNAMED/UNNAMED/UNNAMED/UNNAMED/UNNAMED/UNNAMED/UNNAMED/UNNAMED/UNNAMED/UNNAMED/UNNAMED/UNNAMED/UNNAMED/UNNAMED/UNNAMED/UNNAMED/UNNAMED/UNNAMED/UNNAMED/UNNAMED/UNNAMED/UNNAMED/UNNAMED/UNNAMED/UNNAMED/UNNAMED/UNNAMED/UNNAMED/UNNAMED/UNNAMED/UNNAMED/UNNAMED/UNNAMED/UNNAMED/UNNAMED/UNNAMED/UNNAMED/UNNAMED/UNNAMED/UNNAMED/UNNAMED/UNNAMED/UNNAMED/UNNAMED/UNNAMED,,,
1-7-7-2/2-7-7-2/UNNAMED/UNNAMED/UNNAMED/UNNAMED/UNNAMED/UNNAMED/UNNAMED/UNNAMED/UNNAMED/UNNAMED/UNNAMED/UNNAMED/UNNAMED/UNNAMED/UNNAMED/UNNAMED/UNNAMED/UNNAMED/UNNAMED/UNNAMED/UNNAMED/UNNAMED/UNNAMED/UNNAMED/UNNAMED/UNNAMED/UNNAMED/UNNAMED/UNNAMED/UNNAMED/UNNAMED/UNNAMED/UNNAMED/UNNAMED/UNNAMED/UNNAMED/UNNAMED/UNNAMED/UNNAMED/UNNAMED/UNNAMED/UNNAMED/UNNAMED/UNNAMED/UNNAMED/UNNAMED/UNNAMED/UNNAMED/UNNAMED/UNNAMED/UNNAMED/UNNAMED/UNNAMED/UNNAMED/UNNAMED/UNNAMED/UNNAMED/UNNAMED/UNNAMED/UNNAMED/UNNAMED,1-7-6-2/2-7-6-2/UNNAMED/UNNAMED/UNNAMED/UNNAMED/UNNAMED/UNNAMED/UNNAMED/UNNAMED/UNNAMED/UNNAMED/UNNAMED/UNNAMED/UNNAMED/UNNAMED/UNNAMED/UNNAMED/UNNAMED/UNNAMED/UNNAMED/UNNAMED/UNNAMED/UNNAMED/UNNAMED/UNNAMED/UNNAMED/UNNAMED/UNNAMED/UNNAMED/UNNAMED/UNNAMED/UNNAMED/UNNAMED/UNNAMED/UNNAMED/UNNAMED/UNNAMED/UNNAMED/UNNAMED/UNNAMED/UNNAMED/UNNAMED/UNNAMED/UNNAMED/UNNAMED/UNNAMED/UNNAMED/UNNAMED/UNNAMED/UNNAMED/UNNAMED/UNNAMED/UNNAMED/UNNAMED/UNNAMED/UNNAMED/UNNAMED/UNNAMED/UNNAMED/UNNAMED/UNNAMED/UNNAMED,1-7-5-2/2-7-5-2/UNNAMED/UNNAMED/UNNAMED/UNNAMED/UNNAMED/UNNAMED/UNNAMED/UNNAMED/UNNAMED/UNNAMED/UNNAMED/UNNAMED/UNNAMED/UNNAMED/UNNAMED/UNNAMED/UNNAMED/UNNAMED/UNNAMED/UNNAMED/UNNAMED/UNNAMED/UNNAMED/UNNAMED/UNNAMED/UNNAMED/UNNAMED/UNNAMED/UNNAMED/UNNAMED/UNNAMED/UNNAMED/UNNAMED/UNNAMED/UNNAMED/UNNAMED/UNNAMED/UNNAMED/UNNAMED/UNNAMED/UNNAMED/UNNAMED/UNNAMED/UNNAMED/UNNAMED/UNNAMED/UNNAMED/UNNAMED/UNNAMED/UNNAMED/UNNAMED/UNNAMED/UNNAMED/UNNAMED/UNNAMED/UNNAMED/UNNAMED/UNNAMED/UNNAMED/UNNAMED/UNNAMED,,,,
1-7-7-1/2-7-7-1/UNNAMED/UNNAMED/UNNAMED/UNNAMED/UNNAMED/UNNAMED/UNNAMED/UNNAMED/UNNAMED/UNNAMED/UNNAMED/UNNAMED/UNNAMED/UNNAMED/UNNAMED/UNNAMED/UNNAMED/UNNAMED/UNNAMED/UNNAMED/UNNAMED/UNNAMED/UNNAMED/UNNAMED/UNNAMED/UNNAMED/UNNAMED/UNNAMED/UNNAMED/UNNAMED/UNNAMED/UNNAMED/UNNAMED/UNNAMED/UNNAMED/UNNAMED/UNNAMED/UNNAMED/UNNAMED/UNNAMED/UNNAMED/UNNAMED/UNNAMED/UNNAMED/UNNAMED/UNNAMED/UNNAMED/UNNAMED/UNNAMED/UNNAMED/UNNAMED/UNNAMED/UNNAMED/UNNAMED/UNNAMED/UNNAMED/UNNAMED/UNNAMED/UNNAMED/UNNAMED/UNNAMED,,,,,,
