row,col,label
-40,-6,NA
-40,-5,NA
-40,-4,A3-01
-40,-3,A3-02
-40,-2,A3-03
-40,-1,A3-04
-40,0,A4-00
-40,1,A4-01
-40,2,A4-02
-40,3,A4-03
-40,4,NA
-40,5,NA
-39,-6,92-74
-39,-5,93-70
-39,-4,93-71
-39,-3,93-72
-39,-2,93-73
-39,-1,93-74
-39,0,94-70
-39,1,94-71
-39,2,94-72
-39,3,94-73
-39,4,94-74
-39,5,95-70
-38,-8,NA
-38,-7,92-63
-38,-6,92-64
-38,-5,93-60
-38,-4,93-61
-38,-3,PCM
-38,-2,93-63
-38,-1,93-64
-38,0,94-60
-38,1,94-61
-38,2,94-62
-38,3,94-63
-38,4,94-64
-38,5,95-60
-38,6,95-61
-38,7,NA
-37,-8,92-52
-37,-7,92-53
-37,-6,92-54
-37,-5,93-50
-37,-4,93-51
-37,-3,93-52
-37,-2,93-53
-37,-1,93-54
-37,0,94-50
-37,1,94-51
-37,2,94-52
-37,3,94-53
-37,4,94-54
-37,5,95-50
-37,6,95-51
-37,7,95-52
-36,-10,NA
-36,-9,92-41
-36,-8,92-42
-36,-7,92-43
-36,-6,92-44
-36,-5,93-40
-36,-4,93-41
-36,-3,93-42
-36,-2,93-43
-36,-1,93-44
-36,0,94-40
-36,1,94-41
-36,2,94-42
-36,3,94-43
-36,4,94-44
-36,5,95-40
-36,6,95-41
-36,7,95-42
-36,8,95-43
-36,9,NA
-35,-10,92-30
-35,-9,92-31
-35,-8,92-32
-35,-7,92-33
-35,-6,92-34
-35,-5,93-30
-35,-4,93-31
-35,-3,93-32
-35,-2,93-33
-35,-1,93-34
-35,0,94-30
-35,1,94-31
-35,2,94-32
-35,3,94-33
-35,4,94-34
-35,5,95-30
-35,6,95-31
-35,7,95-32
-35,8,95-33
-35,9,95-34
-34,-12,NA
-34,-11,NA
-34,-10,92-20
-34,-9,92-21
-34,-8,92-22
-34,-7,92-23
-34,-6,92-24
-34,-5,93-20
-34,-4,93-21
-34,-3,93-22
-34,-2,93-23
-34,-1,93-24
-34,0,94-20
-34,1,94-21
-34,2,94-22
-34,3,94-23
-34,4,94-24
-34,5,95-20
-34,6,95-21
-34,7,95-22
-34,8,95-23
-34,9,95-24
-34,10,NA
-34,11,NA
-33,-12,NA
-33,-11,91-14
-33,-10,92-10
-33,-9,92-11
-33,-8,92-12
-33,-7,92-13
-33,-6,92-14
-33,-5,93-10
-33,-4,93-11
-33,-3,93-12
-33,-2,93-13
-33,-1,93-14
-33,0,94-10
-33,1,94-11
-33,2,94-12
-33,3,94-13
-33,4,94-14
-33,5,95-10
-33,6,95-11
-33,7,95-12
-33,8,95-13
-33,9,95-14
-33,10,96-10
-33,11,NA
-32,-12,91-03
-32,-11,91-04
-32,-10,92-00
-32,-9,92-01
-32,-8,92-02
-32,-7,92-03
-32,-6,92-04
-32,-5,93-00
-32,-4,93-01
-32,-3,93-02
-32,-2,93-03
-32,-1,93-04
-32,0,94-00
-32,1,94-01
-32,2,94-02
-32,3,94-03
-32,4,94-04
-32,5,95-00
-32,6,95-01
-32,7,95-02
-32,8,95-03
-32,9,95-04
-32,10,96-00
-32,11,96-01
-31,-12,81-73
-31,-11,81-74
-31,-10,82-70
-31,-9,82-71
-31,-8,82-72
-31,-7,82-73
-31,-6,82-74
-31,-5,83-70
-31,-4,83-71
-31,-3,83-72
-31,-2,83-73
-31,-1,83-74
-31,0,84-70
-31,1,84-71
-31,2,84-72
-31,3,84-73
-31,4,84-74
-31,5,85-70
-31,6,85-71
-31,7,85-72
-31,8,85-73
-31,9,85-74
-31,10,86-70
-31,11,86-71
-30,-14,NA
-30,-13,81-62
-30,-12,81-63
-30,-11,81-64
-30,-10,82-60
-30,-9,82-61
-30,-8,82-62
-30,-7,82-63
-30,-6,82-64
-30,-5,83-60
-30,-4,83-61
-30,-3,83-62
-30,-2,83-63
-30,-1,83-64
-30,0,84-60
-30,1,84-61
-30,2,84-62
-30,3,84-63
-30,4,84-64
-30,5,85-60
-30,6,85-61
-30,7,85-62
-30,8,85-63
-30,9,85-64
-30,10,86-60
-30,11,86-61
-30,12,86-62
-30,13,NA
-29,-14,NA
-29,-13,81-52
-29,-12,81-53
-29,-11,81-54
-29,-10,82-50
-29,-9,82-51
-29,-8,82-52
-29,-7,82-53
-29,-6,82-54
-29,-5,83-50
-29,-4,83-51
-29,-3,83-52
-29,-2,83-53
-29,-1,83-54
-29,0,84-50
-29,1,84-51
-29,2,84-52
-29,3,84-53
-29,4,84-54
-29,5,85-50
-29,6,85-51
-29,7,85-52
-29,8,85-53
-29,9,85-54
-29,10,86-50
-29,11,86-51
-29,12,86-52
-29,13,NA
-28,-14,81-41
-28,-13,81-42
-28,-12,81-43
-28,-11,81-44
-28,-10,82-40
-28,-9,82-41
-28,-8,82-42
-28,-7,82-43
-28,-6,82-44
-28,-5,83-40
-28,-4,83-41
-28,-3,83-42
-28,-2,83-43
-28,-1,83-44
-28,0,84-40
-28,1,84-41
-28,2,84-42
-28,3,84-43
-28,4,84-44
-28,5,85-40
-28,6,85-41
-28,7,85-42
-28,8,85-43
-28,9,85-44
-28,10,86-40
-28,11,86-41
-28,12,86-42
-28,13,86-43
-27,-14,81-31
-27,-13,81-32
-27,-12,81-33
-27,-11,81-34
-27,-10,82-30
-27,-9,82-31
-27,-8,82-32
-27,-7,82-33
-27,-6,82-34
-27,-5,83-30
-27,-4,83-31
-27,-3,83-32
-27,-2,83-33
-27,-1,83-34
-27,0,84-30
-27,1,84-31
-27,2,84-32
-27,3,84-33
-27,4,84-34
-27,5,85-30
-27,6,85-31
-27,7,85-32
-27,8,85-33
-27,9,85-34
-27,10,86-30
-27,11,86-31
-27,12,86-32
-27,13,86-33
-26,-15,NA
-26,-14,81-21
-26,-13,PCM
-26,-12,81-23
-26,-11,81-24
-26,-10,82-20
-26,-9,82-21
-26,-8,82-22
-26,-7,82-23
-26,-6,82-24
-26,-5,83-20
-26,-4,83-21
-26,-3,PCM
-26,-2,83-23
-26,-1,83-24
-26,0,84-20
-26,1,84-21
-26,2,84-22
-26,3,84-23
-26,4,84-24
-26,5,85-20
-26,6,85-21
-26,7,PCM
-26,8,85-23
-26,9,85-24
-26,10,86-20
-26,11,86-21
-26,12,86-22
-26,13,86-23
-26,14,NA
-25,-15,81-10
-25,-14,81-11
-25,-13,81-12
-25,-12,81-13
-25,-11,81-14
-25,-10,82-10
-25,-9,82-11
-25,-8,82-12
-25,-7,82-13
-25,-6,82-14
-25,-5,83-10
-25,-4,83-11
-25,-3,83-12
-25,-2,83-13
-25,-1,83-14
-25,0,84-10
-25,1,84-11
-25,2,84-12
-25,3,84-13
-25,4,84-14
-25,5,85-10
-25,6,85-11
-25,7,85-12
-25,8,85-13
-25,9,85-14
-25,10,86-10
-25,11,86-11
-25,12,86-12
-25,13,86-13
-25,14,86-14
-24,-16,NA
-24,-15,81-00
-24,-14,81-01
-24,-13,81-02
-24,-12,81-03
-24,-11,81-04
-24,-10,82-00
-24,-9,82-01
-24,-8,82-02
-24,-7,82-03
-24,-6,82-04
-24,-5,83-00
-24,-4,83-01
-24,-3,83-02
-24,-2,83-03
-24,-1,83-04
-24,0,84-00
-24,1,84-01
-24,2,84-02
-24,3,84-03
-24,4,84-04
-24,5,85-00
-24,6,85-01
-24,7,85-02
-24,8,85-03
-24,9,85-04
-24,10,86-00
-24,11,86-01
-24,12,86-02
-24,13,86-03
-24,14,86-04
-24,15,NA
-23,-16,70-74
-23,-15,71-70
-23,-14,71-71
-23,-13,71-72
-23,-12,71-73
-23,-11,71-74
-23,-10,72-70
-23,-9,72-71
-23,-8,72-72
-23,-7,72-73
-23,-6,72-74
-23,-5,73-70
-23,-4,73-71
-23,-3,73-72
-23,-2,73-73
-23,-1,73-74
-23,0,74-70
-23,1,74-71
-23,2,74-72
-23,3,74-73
-23,4,74-74
-23,5,75-70
-23,6,75-71
-23,7,75-72
-23,8,75-73
-23,9,75-74
-23,10,76-70
-23,11,76-71
-23,12,76-72
-23,13,76-73
-23,14,76-74
-23,15,77-70
-22,-16,70-64
-22,-15,71-60
-22,-14,71-61
-22,-13,71-62
-22,-12,71-63
-22,-11,71-64
-22,-10,72-60
-22,-9,72-61
-22,-8,72-62
-22,-7,72-63
-22,-6,72-64
-22,-5,73-60
-22,-4,73-61
-22,-3,73-62
-22,-2,73-63
-22,-1,73-64
-22,0,74-60
-22,1,74-61
-22,2,74-62
-22,3,74-63
-22,4,74-64
-22,5,75-60
-22,6,75-61
-22,7,75-62
-22,8,75-63
-22,9,75-64
-22,10,76-60
-22,11,76-61
-22,12,76-62
-22,13,76-63
-22,14,76-64
-22,15,77-60
-21,-16,70-54
-21,-15,71-50
-21,-14,71-51
-21,-13,71-52
-21,-12,71-53
-21,-11,71-54
-21,-10,72-50
-21,-9,72-51
-21,-8,72-52
-21,-7,72-53
-21,-6,72-54
-21,-5,73-50
-21,-4,73-51
-21,-3,73-52
-21,-2,73-53
-21,-1,73-54
-21,0,74-50
-21,1,74-51
-21,2,74-52
-21,3,74-53
-21,4,74-54
-21,5,75-50
-21,6,75-51
-21,7,75-52
-21,8,75-53
-21,9,75-54
-21,10,76-50
-21,11,76-51
-21,12,76-52
-21,13,76-53
-21,14,76-54
-21,15,77-50
-20,-18,NA
-20,-17,NA
-20,-16,70-44
-20,-15,71-40
-20,-14,71-41
-20,-13,71-42
-20,-12,71-43
-20,-11,71-44
-20,-10,72-40
-20,-9,72-41
-20,-8,72-42
-20,-7,72-43
-20,-6,72-44
-20,-5,73-40
-20,-4,73-41
-20,-3,73-42
-20,-2,73-43
-20,-1,73-44
-20,0,74-40
-20,1,74-41
-20,2,74-42
-20,3,74-43
-20,4,74-44
-20,5,75-40
-20,6,75-41
-20,7,75-42
-20,8,75-43
-20,9,75-44
-20,10,76-40
-20,11,76-41
-20,12,76-42
-20,13,76-43
-20,14,76-44
-20,15,77-40
-20,16,NA
-20,17,NA
-19,-18,NA
-19,-17,70-33
-19,-16,70-34
-19,-15,71-30
-19,-14,71-31
-19,-13,71-32
-19,-12,71-33
-19,-11,71-34
-19,-10,72-30
-19,-9,72-31
-19,-8,72-32
-19,-7,72-33
-19,-6,72-34
-19,-5,73-30
-19,-4,73-31
-19,-3,73-32
-19,-2,73-33
-19,-1,73-34
-19,0,74-30
-19,1,74-31
-19,2,74-32
-19,3,74-33
-19,4,74-34
-19,5,75-30
-19,6,75-31
-19,7,75-32
-19,8,75-33
-19,9,75-34
-19,10,76-30
-19,11,76-31
-19,12,76-32
-19,13,76-33
-19,14,76-34
-19,15,77-30
-19,16,77-31
-19,17,NA
-18,-18,NA
-18,-17,70-23
-18,-16,70-24
-18,-15,71-20
-18,-14,71-21
-18,-13,71-22
-18,-12,71-23
-18,-11,71-24
-18,-10,72-20
-18,-9,72-21
-18,-8,72-22
-18,-7,72-23
-18,-6,72-24
-18,-5,73-20
-18,-4,73-21
-18,-3,73-22
-18,-2,73-23
-18,-1,73-24
-18,0,74-20
-18,1,74-21
-18,2,74-22
-18,3,74-23
-18,4,74-24
-18,5,75-20
-18,6,75-21
-18,7,75-22
-18,8,75-23
-18,9,75-24
-18,10,76-20
-18,11,76-21
-18,12,76-22
-18,13,76-23
-18,14,76-24
-18,15,77-20
-18,16,77-21
-18,17,NA
-17,-18,NA
-17,-17,70-13
-17,-16,70-14
-17,-15,71-10
-17,-14,71-11
-17,-13,71-12
-17,-12,71-13
-17,-11,71-14
-17,-10,72-10
-17,-9,72-11
-17,-8,72-12
-17,-7,72-13
-17,-6,72-14
-17,-5,73-10
-17,-4,73-11
-17,-3,73-12
-17,-2,73-13
-17,-1,73-14
-17,0,74-10
-17,1,74-11
-17,2,74-12
-17,3,74-13
-17,4,74-14
-17,5,75-10
-17,6,75-11
-17,7,75-12
-17,8,75-13
-17,9,75-14
-17,10,76-10
-17,11,76-11
-17,12,76-12
-17,13,76-13
-17,14,76-14
-17,15,77-10
-17,16,77-11
-17,17,NA
-16,-18,NA
-16,-17,70-03
-16,-16,70-04
-16,-15,71-00
-16,-14,71-01
-16,-13,71-02
-16,-12,71-03
-16,-11,71-04
-16,-10,72-00
-16,-9,72-01
-16,-8,72-02
-16,-7,72-03
-16,-6,72-04
-16,-5,73-00
-16,-4,73-01
-16,-3,73-02
-16,-2,73-03
-16,-1,73-04
-16,0,74-00
-16,1,74-01
-16,2,74-02
-16,3,74-03
-16,4,74-04
-16,5,75-00
-16,6,75-01
-16,7,75-02
-16,8,75-03
-16,9,75-04
-16,10,76-00
-16,11,76-01
-16,12,76-02
-16,13,76-03
-16,14,76-04
-16,15,77-00
-16,16,77-01
-16,17,NA
-15,-18,60-72
-15,-17,60-73
-15,-16,60-74
-15,-15,61-70
-15,-14,61-71
-15,-13,61-72
-15,-12,61-73
-15,-11,61-74
-15,-10,62-70
-15,-9,62-71
-15,-8,62-72
-15,-7,62-73
-15,-6,62-74
-15,-5,63-70
-15,-4,63-71
-15,-3,63-72
-15,-2,63-73
-15,-1,63-74
-15,0,64-70
-15,1,64-71
-15,2,64-72
-15,3,64-73
-15,4,64-74
-15,5,65-70
-15,6,65-71
-15,7,65-72
-15,8,65-73
-15,9,65-74
-15,10,66-70
-15,11,66-71
-15,12,66-72
-15,13,66-73
-15,14,66-74
-15,15,67-70
-15,16,67-71
-15,17,67-72
-14,-18,60-62
-14,-17,60-63
-14,-16,60-64
-14,-15,61-60
-14,-14,61-61
-14,-13,PCM
-14,-12,61-63
-14,-11,61-64
-14,-10,62-60
-14,-9,62-61
-14,-8,62-62
-14,-7,62-63
-14,-6,62-64
-14,-5,63-60
-14,-4,63-61
-14,-3,PCM
-14,-2,63-63
-14,-1,63-64
-14,0,64-60
-14,1,64-61
-14,2,64-62
-14,3,64-63
-14,4,64-64
-14,5,65-60
-14,6,65-61
-14,7,PCM
-14,8,65-63
-14,9,65-64
-14,10,66-60
-14,11,66-61
-14,12,66-62
-14,13,66-63
-14,14,66-64
-14,15,67-60
-14,16,67-61
-14,17,PCM
-13,-18,60-52
-13,-17,60-53
-13,-16,60-54
-13,-15,61-50
-13,-14,61-51
-13,-13,61-52
-13,-12,61-53
-13,-11,61-54
-13,-10,62-50
-13,-9,62-51
-13,-8,62-52
-13,-7,62-53
-13,-6,62-54
-13,-5,63-50
-13,-4,63-51
-13,-3,63-52
-13,-2,63-53
-13,-1,63-54
-13,0,64-50
-13,1,64-51
-13,2,64-52
-13,3,64-53
-13,4,64-54
-13,5,65-50
-13,6,65-51
-13,7,65-52
-13,8,65-53
-13,9,65-54
-13,10,66-50
-13,11,66-51
-13,12,66-52
-13,13,66-53
-13,14,66-54
-13,15,67-50
-13,16,67-51
-13,17,67-52
-12,-18,60-42
-12,-17,60-43
-12,-16,60-44
-12,-15,61-40
-12,-14,61-41
-12,-13,61-42
-12,-12,61-43
-12,-11,61-44
-12,-10,62-40
-12,-9,62-41
-12,-8,62-42
-12,-7,62-43
-12,-6,62-44
-12,-5,63-40
-12,-4,63-41
-12,-3,63-42
-12,-2,63-43
-12,-1,63-44
-12,0,64-40
-12,1,64-41
-12,2,64-42
-12,3,64-43
-12,4,64-44
-12,5,65-40
-12,6,65-41
-12,7,65-42
-12,8,65-43
-12,9,65-44
-12,10,66-40
-12,11,66-41
-12,12,66-42
-12,13,66-43
-12,14,66-44
-12,15,67-40
-12,16,67-41
-12,17,67-42
-11,-18,60-32
-11,-17,60-33
-11,-16,60-34
-11,-15,61-30
-11,-14,61-31
-11,-13,61-32
-11,-12,61-33
-11,-11,61-34
-11,-10,62-30
-11,-9,62-31
-11,-8,62-32
-11,-7,62-33
-11,-6,62-34
-11,-5,63-30
-11,-4,63-31
-11,-3,63-32
-11,-2,63-33
-11,-1,63-34
-11,0,64-30
-11,1,64-31
-11,2,64-32
-11,3,64-33
-11,4,64-34
-11,5,65-30
-11,6,65-31
-11,7,65-32
-11,8,65-33
-11,9,65-34
-11,10,66-30
-11,11,66-31
-11,12,66-32
-11,13,66-33
-11,14,66-34
-11,15,67-30
-11,16,67-31
-11,17,67-32
-10,-18,60-22
-10,-17,60-23
-10,-16,60-24
-10,-15,61-20
-10,-14,61-21
-10,-13,61-22
-10,-12,61-23
-10,-11,61-24
-10,-10,62-20
-10,-9,62-21
-10,-8,62-22
-10,-7,62-23
-10,-6,62-24
-10,-5,63-20
-10,-4,63-21
-10,-3,63-22
-10,-2,63-23
-10,-1,63-24
-10,0,64-20
-10,1,64-21
-10,2,64-22
-10,3,64-23
-10,4,64-24
-10,5,65-20
-10,6,65-21
-10,7,65-22
-10,8,65-23
-10,9,65-24
-10,10,66-20
-10,11,66-21
-10,12,66-22
-10,13,66-23
-10,14,66-24
-10,15,67-20
-10,16,67-21
-10,17,67-22
-9,-18,60-12
-9,-17,60-13
-9,-16,60-14
-9,-15,61-10
-9,-14,61-11
-9,-13,61-12
-9,-12,61-13
-9,-11,61-14
-9,-10,62-10
-9,-9,62-11
-9,-8,62-12
-9,-7,62-13
-9,-6,62-14
-9,-5,63-10
-9,-4,63-11
-9,-3,63-12
-9,-2,63-13
-9,-1,63-14
-9,0,64-10
-9,1,64-11
-9,2,64-12
-9,3,64-13
-9,4,64-14
-9,5,65-10
-9,6,65-11
-9,7,65-12
-9,8,65-13
-9,9,65-14
-9,10,66-10
-9,11,66-11
-9,12,66-12
-9,13,66-13
-9,14,66-14
-9,15,67-10
-9,16,67-11
-9,17,67-12
-8,-20,NA
-8,-19,NA
-8,-18,60-02
-8,-17,60-03
-8,-16,60-04
-8,-15,61-00
-8,-14,61-01
-8,-13,61-02
-8,-12,61-03
-8,-11,61-04
-8,-10,62-00
-8,-9,62-01
-8,-8,62-02
-8,-7,62-03
-8,-6,62-04
-8,-5,63-00
-8,-4,63-01
-8,-3,63-02
-8,-2,63-03
-8,-1,63-04
-8,0,64-00
-8,1,64-01
-8,2,64-02
-8,3,64-03
-8,4,64-04
-8,5,65-00
-8,6,65-01
-8,7,65-02
-8,8,65-03
-8,9,65-04
-8,10,66-00
-8,11,66-01
-8,12,66-02
-8,13,66-03
-8,14,66-04
-8,15,67-00
-8,16,67-01
-8,17,67-02
-8,18,NA
-8,19,NA
-7,-20,NA
-7,-19,50-71
-7,-18,50-72
-7,-17,50-73
-7,-16,50-74
-7,-15,51-70
-7,-14,51-71
-7,-13,51-72
-7,-12,51-73
-7,-11,51-74
-7,-10,52-70
-7,-9,52-71
-7,-8,52-72
-7,-7,52-73
-7,-6,52-74
-7,-5,53-70
-7,-4,53-71
-7,-3,53-72
-7,-2,53-73
-7,-1,53-74
-7,0,54-70
-7,1,54-71
-7,2,54-72
-7,3,54-73
-7,4,54-74
-7,5,55-70
-7,6,55-71
-7,7,55-72
-7,8,55-73
-7,9,55-74
-7,10,56-70
-7,11,56-71
-7,12,56-72
-7,13,56-73
-7,14,56-74
-7,15,57-70
-7,16,57-71
-7,17,57-72
-7,18,57-73
-7,19,NA
-6,-20,NA
-6,-19,50-61
-6,-18,50-62
-6,-17,50-63
-6,-16,50-64
-6,-15,51-60
-6,-14,51-61
-6,-13,51-62
-6,-12,51-63
-6,-11,51-64
-6,-10,52-60
-6,-9,52-61
-6,-8,52-62
-6,-7,52-63
-6,-6,52-64
-6,-5,53-60
-6,-4,53-61
-6,-3,53-62
-6,-2,53-63
-6,-1,53-64
-6,0,54-60
-6,1,54-61
-6,2,54-62
-6,3,54-63
-6,4,54-64
-6,5,55-60
-6,6,55-61
-6,7,55-62
-6,8,55-63
-6,9,55-64
-6,10,56-60
-6,11,56-61
-6,12,56-62
-6,13,56-63
-6,14,56-64
-6,15,57-60
-6,16,57-61
-6,17,57-62
-6,18,57-63
-6,19,NA
-5,-20,NA
-5,-19,50-51
-5,-18,50-52
-5,-17,50-53
-5,-16,50-54
-5,-15,51-50
-5,-14,51-51
-5,-13,51-52
-5,-12,51-53
-5,-11,51-54
-5,-10,52-50
-5,-9,52-51
-5,-8,52-52
-5,-7,52-53
-5,-6,52-54
-5,-5,53-50
-5,-4,53-51
-5,-3,53-52
-5,-2,53-53
-5,-1,53-54
-5,0,54-50
-5,1,54-51
-5,2,54-52
-5,3,54-53
-5,4,54-54
-5,5,55-50
-5,6,55-51
-5,7,55-52
-5,8,55-53
-5,9,55-54
-5,10,56-50
-5,11,56-51
-5,12,56-52
-5,13,56-53
-5,14,56-54
-5,15,57-50
-5,16,57-51
-5,17,57-52
-5,18,57-53
-5,19,NA
-4,-20,NA
-4,-19,50-41
-4,-18,50-42
-4,-17,50-43
-4,-16,50-44
-4,-15,51-40
-4,-14,51-41
-4,-13,51-42
-4,-12,51-43
-4,-11,51-44
-4,-10,52-40
-4,-9,52-41
-4,-8,52-42
-4,-7,52-43
-4,-6,52-44
-4,-5,53-40
-4,-4,53-41
-4,-3,53-42
-4,-2,53-43
-4,-1,53-44
-4,0,54-40
-4,1,54-41
-4,2,54-42
-4,3,54-43
-4,4,54-44
-4,5,55-40
-4,6,55-41
-4,7,55-42
-4,8,55-43
-4,9,55-44
-4,10,56-40
-4,11,56-41
-4,12,56-42
-4,13,56-43
-4,14,56-44
-4,15,57-40
-4,16,57-41
-4,17,57-42
-4,18,57-43
-4,19,NA
-3,-20,NA
-3,-19,50-31
-3,-18,50-32
-3,-17,50-33
-3,-16,50-34
-3,-15,51-30
-3,-14,51-31
-3,-13,51-32
-3,-12,51-33
-3,-11,51-34
-3,-10,52-30
-3,-9,52-31
-3,-8,52-32
-3,-7,52-33
-3,-6,52-34
-3,-5,53-30
-3,-4,53-31
-3,-3,53-32
-3,-2,53-33
-3,-1,53-34
-3,0,54-30
-3,1,54-31
-3,2,54-32
-3,3,54-33
-3,4,54-34
-3,5,55-30
-3,6,55-31
-3,7,55-32
-3,8,55-33
-3,9,55-34
-3,10,56-30
-3,11,56-31
-3,12,56-32
-3,13,56-33
-3,14,56-34
-3,15,57-30
-3,16,57-31
-3,17,57-32
-3,18,57-33
-3,19,NA
-2,-20,NA
-2,-19,50-21
-2,-18,50-22
-2,-17,50-23
-2,-16,50-24
-2,-15,51-20
-2,-14,51-21
-2,-13,PCM
-2,-12,51-23
-2,-11,51-24
-2,-10,52-20
-2,-9,52-21
-2,-8,52-22
-2,-7,52-23
-2,-6,52-24
-2,-5,53-20
-2,-4,53-21
-2,-3,PCM
-2,-2,53-23
-2,-1,53-24
-2,0,54-20
-2,1,54-21
-2,2,54-22
-2,3,54-23
-2,4,54-24
-2,5,55-20
-2,6,55-21
-2,7,PCM
-2,8,55-23
-2,9,55-24
-2,10,56-20
-2,11,56-21
-2,12,56-22
-2,13,56-23
-2,14,56-24
-2,15,57-20
-2,16,57-21
-2,17,PCM
-2,18,57-23
-2,19,NA
-1,-20,NA
-1,-19,50-11
-1,-18,50-12
-1,-17,50-13
-1,-16,50-14
-1,-15,51-10
-1,-14,51-11
-1,-13,51-12
-1,-12,51-13
-1,-11,51-14
-1,-10,52-10
-1,-9,52-11
-1,-8,52-12
-1,-7,52-13
-1,-6,52-14
-1,-5,53-10
-1,-4,53-11
-1,-3,53-12
-1,-2,53-13
-1,-1,53-14
-1,0,54-10
-1,1,54-11
-1,2,54-12
-1,3,54-13
-1,4,54-14
-1,5,55-10
-1,6,55-11
-1,7,55-12
-1,8,55-13
-1,9,55-14
-1,10,56-10
-1,11,56-11
-1,12,56-12
-1,13,56-13
-1,14,56-14
-1,15,57-10
-1,16,57-11
-1,17,57-12
-1,18,57-13
-1,19,NA
0,-20,NA
0,-19,50-01
0,-18,50-02
0,-17,50-03
0,-16,50-04
0,-15,51-00
0,-14,TARGET
0,-13,TARGET
0,-12,TARGET
0,-11,51-04
0,-10,52-00
0,-9,52-01
0,-8,52-02
0,-7,52-03
0,-6,52-04
0,-5,53-00
0,-4,53-01
0,-3,53-02
0,-2,53-03
0,-1,53-04
0,0,54-00
0,1,54-01
0,2,54-02
0,3,54-03
0,4,54-04
0,5,55-00
0,6,55-01
0,7,55-02
0,8,55-03
0,9,55-04
0,10,56-00
0,11,TARGET
0,12,TARGET
0,13,TARGET
0,14,56-04
0,15,57-00
0,16,57-01
0,17,57-02
0,18,57-03
0,19,NA
1,-20,NA
1,-19,40-71
1,-18,40-72
1,-17,40-73
1,-16,40-74
1,-15,41-70
1,-14,41-71
1,-13,41-72
1,-12,41-73
1,-11,41-74
1,-10,42-70
1,-9,42-71
1,-8,42-72
1,-7,42-73
1,-6,42-74
1,-5,43-70
1,-4,43-71
1,-3,43-72
1,-2,43-73
1,-1,43-74
1,0,44-70
1,1,44-71
1,2,44-72
1,3,44-73
1,4,44-74
1,5,45-70
1,6,45-71
1,7,45-72
1,8,45-73
1,9,45-74
1,10,46-70
1,11,46-71
1,12,46-72
1,13,46-73
1,14,46-74
1,15,47-70
1,16,47-71
1,17,47-72
1,18,47-73
1,19,NA
2,-20,NA
2,-19,40-61
2,-18,40-62
2,-17,40-63
2,-16,40-64
2,-15,41-60
2,-14,41-61
2,-13,41-62
2,-12,41-63
2,-11,41-64
2,-10,42-60
2,-9,42-61
2,-8,42-62
2,-7,42-63
2,-6,42-64
2,-5,43-60
2,-4,43-61
2,-3,43-62
2,-2,43-63
2,-1,43-64
2,0,44-60
2,1,44-61
2,2,44-62
2,3,44-63
2,4,44-64
2,5,45-60
2,6,45-61
2,7,45-62
2,8,45-63
2,9,45-64
2,10,46-60
2,11,46-61
2,12,46-62
2,13,46-63
2,14,46-64
2,15,47-60
2,16,47-61
2,17,47-62
2,18,47-63
2,19,NA
3,-20,NA
3,-19,40-51
3,-18,40-52
3,-17,40-53
3,-16,40-54
3,-15,41-50
3,-14,41-51
3,-13,41-52
3,-12,41-53
3,-11,41-54
3,-10,42-50
3,-9,42-51
3,-8,42-52
3,-7,42-53
3,-6,42-54
3,-5,43-50
3,-4,43-51
3,-3,43-52
3,-2,43-53
3,-1,43-54
3,0,44-50
3,1,44-51
3,2,44-52
3,3,44-53
3,4,44-54
3,5,45-50
3,6,45-51
3,7,45-52
3,8,45-53
3,9,45-54
3,10,46-50
3,11,46-51
3,12,46-52
3,13,46-53
3,14,46-54
3,15,47-50
3,16,47-51
3,17,47-52
3,18,47-53
3,19,NA
4,-20,NA
4,-19,40-41
4,-18,40-42
4,-17,40-43
4,-16,40-44
4,-15,41-40
4,-14,41-41
4,-13,41-42
4,-12,41-43
4,-11,41-44
4,-10,42-40
4,-9,42-41
4,-8,42-42
4,-7,42-43
4,-6,42-44
4,-5,43-40
4,-4,43-41
4,-3,43-42
4,-2,43-43
4,-1,43-44
4,0,44-40
4,1,44-41
4,2,44-42
4,3,44-43
4,4,44-44
4,5,45-40
4,6,45-41
4,7,45-42
4,8,45-43
4,9,45-44
4,10,46-40
4,11,46-41
4,12,46-42
4,13,46-43
4,14,46-44
4,15,47-40
4,16,47-41
4,17,47-42
4,18,47-43
4,19,NA
5,-20,NA
5,-19,40-31
5,-18,40-32
5,-17,40-33
5,-16,40-34
5,-15,41-30
5,-14,41-31
5,-13,41-32
5,-12,41-33
5,-11,41-34
5,-10,42-30
5,-9,42-31
5,-8,42-32
5,-7,42-33
5,-6,42-34
5,-5,43-30
5,-4,43-31
5,-3,43-32
5,-2,43-33
5,-1,43-34
5,0,44-30
5,1,44-31
5,2,44-32
5,3,44-33
5,4,44-34
5,5,45-30
5,6,45-31
5,7,45-32
5,8,45-33
5,9,45-34
5,10,46-30
5,11,46-31
5,12,46-32
5,13,46-33
5,14,46-34
5,15,47-30
5,16,47-31
5,17,47-32
5,18,47-33
5,19,NA
6,-20,NA
6,-19,40-21
6,-18,40-22
6,-17,40-23
6,-16,40-24
6,-15,41-20
6,-14,41-21
6,-13,41-22
6,-12,41-23
6,-11,41-24
6,-10,42-20
6,-9,42-21
6,-8,42-22
6,-7,42-23
6,-6,42-24
6,-5,43-20
6,-4,43-21
6,-3,43-22
6,-2,43-23
6,-1,43-24
6,0,44-20
6,1,44-21
6,2,44-22
6,3,44-23
6,4,44-24
6,5,45-20
6,6,45-21
6,7,45-22
6,8,45-23
6,9,45-24
6,10,46-20
6,11,46-21
6,12,46-22
6,13,46-23
6,14,46-24
6,15,47-20
6,16,47-21
6,17,47-22
6,18,47-23
6,19,NA
7,-20,NA
7,-19,40-11
7,-18,40-12
7,-17,40-13
7,-16,40-14
7,-15,41-10
7,-14,41-11
7,-13,41-12
7,-12,41-13
7,-11,41-14
7,-10,42-10
7,-9,42-11
7,-8,42-12
7,-7,42-13
7,-6,42-14
7,-5,43-10
7,-4,43-11
7,-3,43-12
7,-2,43-13
7,-1,43-14
7,0,44-10
7,1,44-11
7,2,44-12
7,3,44-13
7,4,44-14
7,5,45-10
7,6,45-11
7,7,45-12
7,8,45-13
7,9,45-14
7,10,46-10
7,11,46-11
7,12,46-12
7,13,46-13
7,14,46-14
7,15,47-10
7,16,47-11
7,17,47-12
7,18,47-13
7,19,NA
8,-18,40-02
8,-17,40-03
8,-16,40-04
8,-15,41-00
8,-14,41-01
8,-13,41-02
8,-12,41-03
8,-11,41-04
8,-10,42-00
8,-9,42-01
8,-8,42-02
8,-7,42-03
8,-6,42-04
8,-5,43-00
8,-4,43-01
8,-3,43-02
8,-2,43-03
8,-1,43-04
8,0,44-00
8,1,44-01
8,2,44-02
8,3,44-03
8,4,44-04
8,5,45-00
8,6,45-01
8,7,45-02
8,8,45-03
8,9,45-04
8,10,46-00
8,11,46-01
8,12,46-02
8,13,46-03
8,14,46-04
8,15,47-00
8,16,47-01
8,17,47-02
9,-18,30-72
9,-17,30-73
9,-16,30-74
9,-15,31-70
9,-14,31-71
9,-13,31-72
9,-12,31-73
9,-11,31-74
9,-10,32-70
9,-9,32-71
9,-8,32-72
9,-7,32-73
9,-6,32-74
9,-5,33-70
9,-4,33-71
9,-3,33-72
9,-2,33-73
9,-1,33-74
9,0,34-70
9,1,34-71
9,2,34-72
9,3,34-73
9,4,34-74
9,5,35-70
9,6,35-71
9,7,35-72
9,8,35-73
9,9,35-74
9,10,36-70
9,11,36-71
9,12,36-72
9,13,36-73
9,14,36-74
9,15,37-70
9,16,37-71
9,17,37-72
10,-18,30-62
10,-17,30-63
10,-16,30-64
10,-15,31-60
10,-14,31-61
10,-13,PCM
10,-12,31-63
10,-11,31-64
10,-10,32-60
10,-9,32-61
10,-8,32-62
10,-7,32-63
10,-6,32-64
10,-5,33-60
10,-4,33-61
10,-3,PCM
10,-2,33-63
10,-1,33-64
10,0,34-60
10,1,34-61
10,2,34-62
10,3,34-63
10,4,34-64
10,5,35-60
10,6,35-61
10,7,PCM
10,8,35-63
10,9,35-64
10,10,36-60
10,11,36-61
10,12,36-62
10,13,36-63
10,14,36-64
10,15,37-60
10,16,37-61
10,17,PCM
11,-18,30-52
11,-17,30-53
11,-16,30-54
11,-15,31-50
11,-14,31-51
11,-13,31-52
11,-12,31-53
11,-11,31-54
11,-10,32-50
11,-9,32-51
11,-8,32-52
11,-7,32-53
11,-6,32-54
11,-5,33-50
11,-4,33-51
11,-3,33-52
11,-2,33-53
11,-1,33-54
11,0,34-50
11,1,34-51
11,2,34-52
11,3,34-53
11,4,34-54
11,5,35-50
11,6,35-51
11,7,35-52
11,8,35-53
11,9,35-54
11,10,36-50
11,11,36-51
11,12,36-52
11,13,36-53
11,14,36-54
11,15,37-50
11,16,37-51
11,17,37-52
12,-18,30-42
12,-17,30-43
12,-16,30-44
12,-15,31-40
12,-14,31-41
12,-13,31-42
12,-12,31-43
12,-11,31-44
12,-10,32-40
12,-9,32-41
12,-8,32-42
12,-7,32-43
12,-6,32-44
12,-5,33-40
12,-4,33-41
12,-3,33-42
12,-2,33-43
12,-1,33-44
12,0,34-40
12,1,34-41
12,2,34-42
12,3,34-43
12,4,34-44
12,5,35-40
12,6,35-41
12,7,35-42
12,8,35-43
12,9,35-44
12,10,36-40
12,11,36-41
12,12,36-42
12,13,36-43
12,14,36-44
12,15,37-40
12,16,37-41
12,17,37-42
13,-18,30-32
13,-17,30-33
13,-16,30-34
13,-15,31-30
13,-14,31-31
13,-13,31-32
13,-12,31-33
13,-11,31-34
13,-10,32-30
13,-9,32-31
13,-8,32-32
13,-7,32-33
13,-6,32-34
13,-5,33-30
13,-4,33-31
13,-3,33-32
13,-2,33-33
13,-1,33-34
13,0,34-30
13,1,34-31
13,2,34-32
13,3,34-33
13,4,34-34
13,5,35-30
13,6,35-31
13,7,35-32
13,8,35-33
13,9,35-34
13,10,36-30
13,11,36-31
13,12,36-32
13,13,36-33
13,14,36-34
13,15,37-30
13,16,37-31
13,17,37-32
14,-18,30-22
14,-17,30-23
14,-16,30-24
14,-15,31-20
14,-14,31-21
14,-13,31-22
14,-12,31-23
14,-11,31-24
14,-10,32-20
14,-9,32-21
14,-8,32-22
14,-7,32-23
14,-6,32-24
14,-5,33-20
14,-4,33-21
14,-3,33-22
14,-2,33-23
14,-1,33-24
14,0,34-20
14,1,34-21
14,2,34-22
14,3,34-23
14,4,34-24
14,5,35-20
14,6,35-21
14,7,35-22
14,8,35-23
14,9,35-24
14,10,36-20
14,11,36-21
14,12,36-22
14,13,36-23
14,14,36-24
14,15,37-20
14,16,37-21
14,17,37-22
15,-18,30-12
15,-17,30-13
15,-16,30-14
15,-15,31-10
15,-14,31-11
15,-13,31-12
15,-12,31-13
15,-11,31-14
15,-10,32-10
15,-9,32-11
15,-8,32-12
15,-7,32-13
15,-6,32-14
15,-5,33-10
15,-4,33-11
15,-3,33-12
15,-2,33-13
15,-1,33-14
15,0,34-10
15,1,34-11
15,2,34-12
15,3,34-13
15,4,34-14
15,5,35-10
15,6,35-11
15,7,35-12
15,8,35-13
15,9,35-14
15,10,36-10
15,11,36-11
15,12,36-12
15,13,36-13
15,14,36-14
15,15,37-10
15,16,37-11
15,17,37-12
16,-18,NA
16,-17,30-03
16,-16,30-04
16,-15,31-00
16,-14,31-01
16,-13,31-02
16,-12,31-03
16,-11,31-04
16,-10,32-00
16,-9,32-01
16,-8,32-02
16,-7,32-03
16,-6,32-04
16,-5,33-00
16,-4,33-01
16,-3,33-02
16,-2,33-03
16,-1,33-04
16,0,34-00
16,1,34-01
16,2,34-02
16,3,34-03
16,4,34-04
16,5,35-00
16,6,35-01
16,7,35-02
16,8,35-03
16,9,35-04
16,10,36-00
16,11,36-01
16,12,36-02
16,13,36-03
16,14,36-04
16,15,37-00
16,16,37-01
16,17,NA
17,-18,NA
17,-17,20-73
17,-16,20-74
17,-15,21-70
17,-14,21-71
17,-13,21-72
17,-12,21-73
17,-11,21-74
17,-10,22-70
17,-9,22-71
17,-8,22-72
17,-7,22-73
17,-6,22-74
17,-5,23-70
17,-4,23-71
17,-3,23-72
17,-2,23-73
17,-1,23-74
17,0,24-70
17,1,24-71
17,2,24-72
17,3,24-73
17,4,24-74
17,5,25-70
17,6,25-71
17,7,25-72
17,8,25-73
17,9,25-74
17,10,26-70
17,11,26-71
17,12,26-72
17,13,26-73
17,14,26-74
17,15,27-70
17,16,27-71
17,17,NA
18,-18,NA
18,-17,20-63
18,-16,20-64
18,-15,21-60
18,-14,21-61
18,-13,21-62
18,-12,21-63
18,-11,21-64
18,-10,22-60
18,-9,22-61
18,-8,22-62
18,-7,22-63
18,-6,22-64
18,-5,23-60
18,-4,23-61
18,-3,23-62
18,-2,23-63
18,-1,23-64
18,0,24-60
18,1,24-61
18,2,24-62
18,3,24-63
18,4,24-64
18,5,25-60
18,6,25-61
18,7,25-62
18,8,25-63
18,9,25-64
18,10,26-60
18,11,26-61
18,12,26-62
18,13,26-63
18,14,26-64
18,15,27-60
18,16,27-61
18,17,NA
19,-18,NA
19,-17,20-53
19,-16,20-54
19,-15,21-50
19,-14,21-51
19,-13,21-52
19,-12,21-53
19,-11,21-54
19,-10,22-50
19,-9,22-51
19,-8,22-52
19,-7,22-53
19,-6,22-54
19,-5,23-50
19,-4,23-51
19,-3,23-52
19,-2,23-53
19,-1,23-54
19,0,24-50
19,1,24-51
19,2,24-52
19,3,24-53
19,4,24-54
19,5,25-50
19,6,25-51
19,7,25-52
19,8,25-53
19,9,25-54
19,10,26-50
19,11,26-51
19,12,26-52
19,13,26-53
19,14,26-54
19,15,27-50
19,16,27-51
19,17,NA
20,-16,20-44
20,-15,21-40
20,-14,21-41
20,-13,21-42
20,-12,21-43
20,-11,21-44
20,-10,22-40
20,-9,22-41
20,-8,22-42
20,-7,22-43
20,-6,22-44
20,-5,23-40
20,-4,23-41
20,-3,23-42
20,-2,23-43
20,-1,23-44
20,0,24-40
20,1,24-41
20,2,24-42
20,3,24-43
20,4,24-44
20,5,25-40
20,6,25-41
20,7,25-42
20,8,25-43
20,9,25-44
20,10,26-40
20,11,26-41
20,12,26-42
20,13,26-43
20,14,26-44
20,15,27-40
21,-16,20-34
21,-15,21-30
21,-14,21-31
21,-13,21-32
21,-12,21-33
21,-11,21-34
21,-10,22-30
21,-9,22-31
21,-8,22-32
21,-7,22-33
21,-6,22-34
21,-5,23-30
21,-4,23-31
21,-3,23-32
21,-2,23-33
21,-1,23-34
21,0,24-30
21,1,24-31
21,2,24-32
21,3,24-33
21,4,24-34
21,5,25-30
21,6,25-31
21,7,25-32
21,8,25-33
21,9,25-34
21,10,26-30
21,11,26-31
21,12,26-32
21,13,26-33
21,14,26-34
21,15,27-30
22,-16,20-24
22,-15,21-20
22,-14,21-21
22,-13,PCM
22,-12,21-23
22,-11,21-24
22,-10,22-20
22,-9,22-21
22,-8,22-22
22,-7,22-23
22,-6,22-24
22,-5,23-20
22,-4,23-21
22,-3,PCM
22,-2,23-23
22,-1,23-24
22,0,24-20
22,1,24-21
22,2,24-22
22,3,24-23
22,4,24-24
22,5,25-20
22,6,25-21
22,7,PCM
22,8,25-23
22,9,25-24
22,10,26-20
22,11,26-21
22,12,26-22
22,13,26-23
22,14,26-24
22,15,27-20
23,-16,20-14
23,-15,21-10
23,-14,21-11
23,-13,21-12
23,-12,21-13
23,-11,21-14
23,-10,22-10
23,-9,22-11
23,-8,22-12
23,-7,22-13
23,-6,22-14
23,-5,23-10
23,-4,23-11
23,-3,23-12
23,-2,23-13
23,-1,23-14
23,0,24-10
23,1,24-11
23,2,24-12
23,3,24-13
23,4,24-14
23,5,25-10
23,6,25-11
23,7,25-12
23,8,25-13
23,9,25-14
23,10,26-10
23,11,26-11
23,12,26-12
23,13,26-13
23,14,26-14
23,15,27-10
24,-16,NA
24,-15,21-00
24,-14,21-01
24,-13,21-02
24,-12,21-03
24,-11,21-04
24,-10,22-00
24,-9,22-01
24,-8,22-02
24,-7,22-03
24,-6,22-04
24,-5,23-00
24,-4,23-01
24,-3,23-02
24,-2,23-03
24,-1,23-04
24,0,24-00
24,1,24-01
24,2,24-02
24,3,24-03
24,4,24-04
24,5,25-00
24,6,25-01
24,7,25-02
24,8,25-03
24,9,25-04
24,10,26-00
24,11,26-01
24,12,26-02
24,13,26-03
24,14,26-04
24,15,NA
25,-15,11-70
25,-14,11-71
25,-13,11-72
25,-12,11-73
25,-11,11-74
25,-10,12-70
25,-9,12-71
25,-8,12-72
25,-7,12-73
25,-6,12-74
25,-5,13-70
25,-4,13-71
25,-3,13-72
25,-2,13-73
25,-1,13-74
25,0,14-70
25,1,14-71
25,2,14-72
25,3,14-73
25,4,14-74
25,5,15-70
25,6,15-71
25,7,15-72
25,8,15-73
25,9,15-74
25,10,16-70
25,11,16-71
25,12,16-72
25,13,16-73
25,14,16-74
25,15,NA
26,-14,11-61
26,-13,11-62
26,-12,11-63
26,-11,11-64
26,-10,12-60
26,-9,12-61
26,-8,12-62
26,-7,12-63
26,-6,12-64
26,-5,13-60
26,-4,13-61
26,-3,13-62
26,-2,13-63
26,-1,13-64
26,0,14-60
26,1,14-61
26,2,14-62
26,3,14-63
26,4,14-64
26,5,15-60
26,6,15-61
26,7,15-62
26,8,15-63
26,9,15-64
26,10,16-60
26,11,16-61
26,12,16-62
26,13,16-63
27,-14,11-51
27,-13,11-52
27,-12,11-53
27,-11,11-54
27,-10,12-50
27,-9,12-51
27,-8,12-52
27,-7,12-53
27,-6,12-54
27,-5,13-50
27,-4,13-51
27,-3,13-52
27,-2,13-53
27,-1,13-54
27,0,14-50
27,1,14-51
27,2,14-52
27,3,14-53
27,4,14-54
27,5,15-50
27,6,15-51
27,7,15-52
27,8,15-53
27,9,15-54
27,10,16-50
27,11,16-51
27,12,16-52
27,13,16-53
28,-14,11-41
28,-13,11-42
28,-12,11-43
28,-11,11-44
28,-10,12-40
28,-9,12-41
28,-8,12-42
28,-7,12-43
28,-6,12-44
28,-5,13-40
28,-4,13-41
28,-3,13-42
28,-2,13-43
28,-1,13-44
28,0,14-40
28,1,14-41
28,2,14-42
28,3,14-43
28,4,14-44
28,5,15-40
28,6,15-41
28,7,15-42
28,8,15-43
28,9,15-44
28,10,16-40
28,11,16-41
28,12,16-42
28,13,16-43
29,-14,NA
29,-13,11-32
29,-12,11-33
29,-11,11-34
29,-10,12-30
29,-9,12-31
29,-8,12-32
29,-7,12-33
29,-6,12-34
29,-5,13-30
29,-4,13-31
29,-3,13-32
29,-2,13-33
29,-1,13-34
29,0,14-30
29,1,14-31
29,2,14-32
29,3,14-33
29,4,14-34
29,5,15-30
29,6,15-31
29,7,15-32
29,8,15-33
29,9,15-34
29,10,16-30
29,11,16-31
29,12,16-32
29,13,NA
30,-13,11-22
30,-12,11-23
30,-11,11-24
30,-10,12-20
30,-9,12-21
30,-8,12-22
30,-7,12-23
30,-6,12-24
30,-5,13-20
30,-4,13-21
30,-3,13-22
30,-2,13-23
30,-1,13-24
30,0,14-20
30,1,14-21
30,2,14-22
30,3,14-23
30,4,14-24
30,5,15-20
30,6,15-21
30,7,15-22
30,8,15-23
30,9,15-24
30,10,16-20
30,11,16-21
30,12,16-22
30,13,NA
31,-13,NA
31,-12,11-13
31,-11,11-14
31,-10,12-10
31,-9,12-11
31,-8,12-12
31,-7,12-13
31,-6,12-14
31,-5,13-10
31,-4,13-11
31,-3,13-12
31,-2,13-13
31,-1,13-14
31,0,14-10
31,1,14-11
31,2,14-12
31,3,14-13
31,4,14-14
31,5,15-10
31,6,15-11
31,7,15-12
31,8,15-13
31,9,15-14
31,10,16-10
31,11,16-11
31,12,NA
32,-12,11-03
32,-11,11-04
32,-10,12-00
32,-9,12-01
32,-8,12-02
32,-7,12-03
32,-6,12-04
32,-5,13-00
32,-4,13-01
32,-3,13-02
32,-2,13-03
32,-1,13-04
32,0,14-00
32,1,14-01
32,2,14-02
32,3,14-03
32,4,14-04
32,5,15-00
32,6,15-01
32,7,15-02
32,8,15-03
32,9,15-04
32,10,16-00
32,11,16-01
33,-12,NA
33,-11,01-74
33,-10,02-70
33,-9,02-71
33,-8,02-72
33,-7,02-73
33,-6,02-74
33,-5,03-70
33,-4,03-71
33,-3,03-72
33,-2,03-73
33,-1,03-74
33,0,04-70
33,1,04-71
33,2,04-72
33,3,04-73
33,4,04-74
33,5,05-70
33,6,05-71
33,7,05-72
33,8,05-73
33,9,05-74
33,10,06-70
33,11,NA
34,-10,02-60
34,-9,02-61
34,-8,02-62
34,-7,02-63
34,-6,02-64
34,-5,03-60
34,-4,03-61
34,-3,PCM
34,-2,03-63
34,-1,03-64
34,0,04-60
34,1,04-61
34,2,04-62
34,3,04-63
34,4,04-64
34,5,05-60
34,6,05-61
34,7,PCM
34,8,05-63
34,9,05-64
35,-10,02-50
35,-9,02-51
35,-8,02-52
35,-7,02-53
35,-6,02-54
35,-5,03-50
35,-4,03-51
35,-3,03-52
35,-2,03-53
35,-1,03-54
35,0,04-50
35,1,04-51
35,2,04-52
35,3,04-53
35,4,04-54
35,5,05-50
35,6,05-51
35,7,05-52
35,8,05-53
35,9,05-54
36,-10,NA
36,-9,02-41
36,-8,02-42
36,-7,02-43
36,-6,02-44
36,-5,03-40
36,-4,03-41
36,-3,03-42
36,-2,03-43
36,-1,03-44
36,0,04-40
36,1,04-41
36,2,04-42
36,3,04-43
36,4,04-44
36,5,05-40
36,6,05-41
36,7,05-42
36,8,05-43
36,9,NA
37,-10,NA
37,-9,NA
37,-8,02-32
37,-7,02-33
37,-6,02-34
37,-5,03-30
37,-4,03-31
37,-3,03-32
37,-2,03-33
37,-1,03-34
37,0,04-30
37,1,04-31
37,2,04-32
37,3,04-33
37,4,04-34
37,5,05-30
37,6,05-31
37,7,05-32
37,8,NA
37,9,NA
38,-8,NA
38,-7,02-23
38,-6,02-24
38,-5,03-20
38,-4,03-21
38,-3,03-22
38,-2,03-23
38,-1,03-24
38,0,04-20
38,1,04-21
38,2,04-22
38,3,04-23
38,4,04-24
38,5,05-20
38,6,05-21
38,7,NA
39,-8,NA
39,-7,NA
39,-6,02-14
39,-5,03-10
39,-4,03-11
39,-3,03-12
39,-2,03-13
39,-1,03-14
39,0,04-10
39,1,04-11
39,2,04-12
39,3,04-13
39,4,04-14
39,5,05-10
39,6,NA
39,7,NA
40,-4,03-01
40,-3,03-02
40,-2,03-03
40,-1,03-04
40,0,04-00
40,1,04-01
40,2,04-02
40,3,04-03
41,-4,NA
41,-3,NA
41,-2,NA
41,-1,NA
41,0,NA
41,1,NA
41,2,NA
41,3,NA
