cell,polygon_index,layer,datatype,point_count,bbox_min_x_um,bbox_min_y_um,bbox_max_x_um,bbox_max_y_um,bbox_width_um,bbox_height_um,bbox_center_x_um,bbox_center_y_um
test_die,1,9,0,110,602.489,478.447,1762.0,822.5,1159.511,344.053,1182.2445,650.4735000000001
test_die,2,9,0,109,602.489,426.42,1762.0,478.447,1159.511,52.02699999999999,1182.2445,452.4335
test_die,3,9,0,111,618.111,389.90000000000003,1762.0,426.42,1143.8890000000001,36.51999999999998,1190.0555,408.16
test_die,4,9,0,33,611.525,423.73900000000003,618.111,426.42,6.586000000000013,2.680999999999983,614.818,425.07950000000005
test_die,5,9,0,78,602.489,389.90000000000003,618.111,404.221,15.621999999999957,14.32099999999997,610.3,397.06050000000005
test_die,6,9,0,110,618.348,323.64300000000003,1762.0,389.90000000000003,1143.652,66.257,1190.174,356.77150000000006
test_die,7,9,0,39,611.525,373.545,618.348,389.90000000000003,6.822999999999979,16.355000000000018,614.9365,381.7225
test_die,8,9,0,72,611.525,323.64300000000003,618.348,354.415,6.822999999999979,30.77199999999999,614.9365,339.029
test_die,9,9,0,109,617.869,304.032,1762.0,323.64300000000003,1144.1309999999999,19.611000000000047,1189.9345,313.8375
test_die,10,9,0,109,611.525,247.973,1762.0,304.032,1150.475,56.05899999999997,1186.7625,276.0025
test_die,11,9,0,120,576.699,96.928,1762.0,247.973,1185.301,151.04500000000002,1169.3495,172.4505
test_die,12,9,0,119,576.699,58.765,1762.0,96.928,1185.301,38.163,1169.3495,77.84649999999999
test_die,13,9,0,60,551.525,241.54,576.699,247.973,25.173999999999978,6.433000000000021,564.112,244.75650000000002
test_die,14,9,0,60,539.2040000000001,241.54,549.075,247.973,9.870999999999981,6.433000000000021,544.1395,244.75650000000002
test_die,15,9,0,118,539.2040000000001,72.5,576.699,241.54,37.49499999999989,169.04,557.9515,157.01999999999998
test_die,16,9,0,121,583.117,-11.82,1762.0,58.765,1178.883,70.58500000000001,1172.5585,23.4725
test_die,17,9,0,57,571.234,35.478,583.117,58.765,11.882999999999925,23.287,577.1755,47.1215
test_die,18,9,0,64,571.234,-11.82,583.117,14.522,11.882999999999925,26.342,577.1755,1.351
test_die,19,9,0,120,578.824,-31.16,1762.0,-11.82,1183.176,19.34,1170.412,-21.490000000000002
test_die,20,9,0,119,578.824,-72.411,1762.0,-31.16,1183.176,41.251000000000005,1170.412,-51.7855
test_die,21,9,0,102,563.8000000000001,-50.153,578.824,-37.243,15.023999999999887,12.909999999999997,571.312,-43.698
test_die,22,9,0,102,563.801,-62.758,578.824,-50.153,15.02299999999991,12.605000000000004,571.3125,-56.4555
test_die,23,9,0,119,574.116,-108.258,1762.0,-72.411,1187.884,35.846999999999994,1168.058,-90.33449999999999
test_die,24,9,0,118,563.8000000000001,-108.258,574.116,-87.69200000000001,10.315999999999917,20.56599999999999,568.9580000000001,-97.975
test_die,25,9,0,120,579.444,-822.5,1762.0,-108.258,1182.556,714.242,1170.722,-465.379
test_die,26,9,0,7,566.916,-120.58,579.444,-108.258,12.527999999999906,12.322000000000003,573.1800000000001,-114.419
test_die,27,9,0,113,539.2040000000001,-822.5,579.444,-122.5,40.239999999999895,700.0,559.3240000000001,-472.5
test_die,28,9,0,146,539.2040000000001,476.868,602.489,822.5,63.28499999999997,345.632,570.8465000000001,649.684
test_die,29,9,0,145,562.462,461.48,595.63,476.868,33.168000000000006,15.387999999999977,579.046,469.174
test_die,30,9,0,4,567.388,58.765,576.699,67.892,9.310999999999922,9.126999999999995,572.0435,63.3285
test_die,31,9,0,104,563.8000000000001,38.573,571.234,58.765,7.433999999999969,20.192,567.517,48.669
test_die,32,9,0,131,563.8000000000001,-11.428,571.234,11.428,7.433999999999969,22.856,567.517,0.0
test_die,33,9,0,35,572.234,-12.757,578.824,-11.82,6.589999999999918,0.9369999999999994,575.529,-12.288499999999999
test_die,34,9,0,117,514.349,310.007,536.251,316.48,21.90199999999993,6.473000000000013,525.3,313.24350000000004
test_die,35,9,0,118,510.778,249.481,538.638,310.007,27.860000000000014,60.52600000000001,524.7080000000001,279.744
test_die,36,9,0,118,489.907,249.481,510.778,297.163,20.871000000000038,47.682000000000016,500.3425,273.322
test_die,37,9,0,117,478.12,249.481,489.907,316.157,11.786999999999978,66.67599999999999,484.0135,282.81899999999996
test_die,38,9,0,118,527.022,72.677,539.2040000000001,249.481,12.182000000000016,176.80399999999997,533.113,161.079
test_die,39,9,0,118,505.204,90.757,527.022,249.481,21.81800000000004,158.724,516.113,170.119
test_die,40,9,0,117,478.12,28.183,505.204,249.481,27.084000000000003,221.298,491.66200000000003,138.832
test_die,41,9,0,117,480.822,22.5,501.778,28.183,20.956000000000017,5.683,491.3,25.3415
test_die,42,9,0,120,446.85200000000003,41.817,478.12,241.495,31.267999999999972,199.678,462.486,141.656
test_die,43,9,0,18,476.778,39.066,478.12,41.817,1.3419999999999845,2.7509999999999977,477.449,40.441500000000005
test_die,44,9,0,101,446.85200000000003,23.8,455.822,41.817,8.96999999999997,18.017,451.337,32.8085
test_die,45,9,0,118,412.79900000000004,33.47,446.85200000000003,241.495,34.053,208.025,429.82550000000003,137.48250000000002
test_die,46,9,0,118,428.894,22.5,446.85200000000003,33.47,17.958000000000027,10.969999999999999,437.87300000000005,27.985
test_die,47,9,0,119,380.73900000000003,78.183,412.79900000000004,241.514,32.06,163.33100000000002,396.769,159.8485
test_die,48,9,0,117,380.822,72.5,401.778,78.183,20.956000000000017,5.683000000000007,391.3,75.3415
test_die,49,9,0,119,352.728,91.294,380.73900000000003,241.514,28.011000000000024,150.22000000000003,366.73350000000005,166.404
test_die,50,9,0,64,377.1,78.313,380.73900000000003,91.294,3.63900000000001,12.980999999999995,378.9195,84.8035
test_die,51,9,0,56,352.728,29.935000000000002,355.5,91.294,2.7719999999999914,61.358999999999995,354.11400000000003,60.6145
test_die,52,9,0,119,319.92900000000003,28.183,352.728,241.514,32.79899999999998,213.33100000000002,336.3285,134.8485
test_die,53,9,0,117,330.822,22.5,351.778,28.183,20.956000000000017,5.683,341.3,25.3415
test_die,54,9,0,118,286.945,34.54,319.92900000000003,241.514,32.98400000000004,206.97400000000002,303.437,138.02700000000002
test_die,55,9,0,118,286.945,22.5,303.79200000000003,34.54,16.847000000000037,12.04,295.36850000000004,28.52
test_die,56,9,0,119,260.817,82.561,286.945,241.514,26.127999999999986,158.953,273.881,162.03750000000002
test_die,57,9,0,119,227.78900000000002,82.561,260.817,241.514,33.02799999999999,158.953,244.303,162.03750000000002
test_die,58,9,0,119,206.352,89.925,227.78900000000002,241.514,21.437000000000012,151.589,217.0705,165.7195
test_die,59,9,0,118,158.465,44.262,206.352,241.514,47.887,197.252,182.4085,142.888
test_die,60,9,0,118,186.516,22.5,203.8,44.262,17.28400000000002,21.762,195.15800000000002,33.381
test_die,61,9,0,118,174.69400000000002,23.452,186.516,44.262,11.821999999999974,20.81,180.60500000000002,33.857
test_die,62,9,0,108,125.453,249.91400000000002,138.48,266.479,13.026999999999987,16.56499999999997,131.9665,258.1965
test_die,63,9,0,107,112.12,249.91400000000002,125.453,266.48,13.332999999999998,16.566000000000003,118.7865,258.197
test_die,64,9,0,17,155.92000000000002,242.815,158.465,244.51500000000001,2.5449999999999875,1.700000000000017,157.1925,243.66500000000002
test_die,65,9,0,91,105.92,242.815,144.68,249.91400000000002,38.760000000000005,7.099000000000018,125.30000000000001,246.36450000000002
test_die,66,9,0,108,99.84,97.36500000000001,158.465,242.815,58.625,145.45,129.1525,170.09
test_die,67,9,0,108,71.671,296.908,87.8,316.48,16.12899999999999,19.572000000000003,79.7355,306.694
test_die,68,9,0,107,60.607,296.908,71.671,315.942,11.064000000000007,19.033999999999992,66.13900000000001,306.425
test_die,69,9,0,108,41.792,253.52,87.808,296.908,46.016000000000005,43.388000000000005,64.80000000000001,275.214
test_die,70,9,0,107,41.792,97.36500000000001,99.84,253.52,58.048,156.155,70.816,175.4425
test_die,71,9,0,108,10.006,37.589,41.792,241.818,31.786,204.229,25.899,139.70350000000002
test_die,72,9,0,107,28.529,22.5,41.792,37.589,13.263000000000002,15.088999999999999,35.1605,30.0445
test_die,73,9,0,108,-13.535,31.888,10.006,241.818,23.541,209.93,-1.7645,136.853
test_die,74,9,0,107,-13.535,22.5,3.407,31.888,16.942,9.388000000000002,-5.064,27.194000000000003
test_die,75,9,0,108,-35.093,260.925,-14.308,266.48,20.785000000000004,5.555000000000007,-24.7005,263.7025
test_die,76,9,0,108,-41.306,97.406,-13.535,260.925,27.770999999999997,163.519,-27.420499999999997,179.1655
test_die,77,9,0,108,-71.215,247.423,-60.342,315.983,10.873000000000005,68.56,-65.77850000000001,281.703
test_die,78,9,0,107,-71.215,97.406,-41.306,247.423,29.909000000000006,150.017,-56.2605,172.4145
test_die,79,9,0,108,-87.246,302.908,-71.215,316.48,16.03099999999999,13.572000000000003,-79.2305,309.694
test_die,80,9,0,108,-100.313,97.424,-71.215,302.908,29.098,205.484,-85.76400000000001,200.166
test_die,81,9,0,108,-130.071,306.868,-112.538,316.48,17.533,9.612000000000023,-121.30449999999999,311.674
test_die,82,9,0,107,-130.071,97.424,-100.313,306.868,29.757999999999996,209.444,-115.19200000000001,202.14600000000002
test_die,83,9,0,108,-187.335,89.066,-130.071,241.574,57.26400000000001,152.508,-158.703,165.32
test_die,84,9,0,107,-171.88,38.921,-130.071,89.066,41.809,50.145,-150.9755,63.9935
test_die,85,9,0,107,-156.942,22.624,-145.56900000000002,38.921,11.37299999999999,16.297,-151.2555,30.7725
test_die,86,9,0,107,-171.20000000000002,22.5,-156.942,38.921,14.25800000000001,16.421,-164.07100000000003,30.7105
test_die,87,9,0,42,-191.306,244.71800000000002,-187.335,252.14600000000002,3.9710000000000036,7.427999999999997,-189.3205,248.43200000000002
test_die,88,9,0,68,-212.88,244.71800000000002,-208.095,308.046,4.784999999999997,63.327999999999975,-210.4875,276.382
test_die,89,9,0,108,-212.88,95.47800000000001,-187.335,244.71800000000002,25.544999999999987,149.24,-200.10750000000002,170.098
test_die,90,9,0,107,-235.006,311.052,-214.393,316.48,20.613,5.427999999999997,-224.6995,313.766
test_die,91,9,0,107,-237.26,95.47800000000001,-212.88,311.052,24.379999999999995,215.574,-225.07,203.26500000000001
test_die,92,9,0,45,-241.306,294.718,-237.26,302.755,4.046000000000021,8.036999999999978,-239.28300000000002,298.7365
test_die,93,9,0,64,-262.777,294.718,-258.095,307.734,4.6819999999999595,13.015999999999963,-260.43600000000004,301.226
test_die,94,9,0,109,-262.777,95.47800000000001,-237.26,294.718,25.516999999999996,199.24,-250.0185,195.098
test_die,95,9,0,107,-286.529,309.76,-263.616,316.48,22.91300000000001,6.720000000000027,-275.0725,313.12
test_die,96,9,0,107,-317.29900000000004,95.47800000000001,-262.777,309.76,54.52200000000005,214.28199999999998,-290.038,202.619
test_die,97,9,0,92,597.8000000000001,429.22200000000004,602.489,448.827,4.6889999999999645,19.60499999999996,600.1445000000001,439.0245
test_die,98,9,0,48,597.8340000000001,389.90000000000003,602.489,398.73900000000003,4.654999999999973,8.838999999999999,600.1615,394.31950000000006
test_die,99,9,0,102,597.8000000000001,376.42,611.525,389.90000000000003,13.724999999999909,13.480000000000018,604.6625,383.16
test_die,100,9,0,188,597.8000000000001,326.42,611.525,351.54,13.724999999999909,25.120000000000005,604.6625,338.98
test_die,101,9,0,137,597.8000000000001,270.28000000000003,611.525,301.54,13.724999999999909,31.25999999999999,604.6625,285.91
test_die,102,9,0,120,511.728,417.423,539.2040000000001,822.5,27.476000000000056,405.077,525.466,619.9615
test_die,103,9,0,120,514.659,411.48,535.942,417.423,21.283000000000015,5.942999999999984,525.3005,414.4515
test_die,104,9,0,121,477.964,430.007,511.728,822.5,33.76400000000001,392.493,494.846,626.2535
test_die,105,9,0,9,511.25100000000003,429.046,511.728,430.007,0.47699999999997544,0.9610000000000127,511.4895,429.5265
test_die,106,9,0,112,477.964,411.767,489.349,430.007,11.384999999999991,18.24000000000001,483.6565,420.887
test_die,107,9,0,120,442.731,475.51,477.964,822.5,35.233000000000004,346.99,460.34749999999997,649.005
test_die,108,9,0,120,462.706,411.48,477.964,475.51,15.257999999999981,64.02999999999997,470.33500000000004,443.495
test_die,109,9,0,120,412.79900000000004,467.293,442.731,822.5,29.93199999999996,355.207,427.765,644.8965000000001
test_die,110,9,0,119,414.73900000000003,461.48,435.86,467.293,21.12099999999998,5.812999999999988,425.2995,464.3865
test_die,111,9,0,102,462.894,305.51,478.12,316.48,15.225999999999999,10.970000000000027,470.507,310.995
test_die,112,9,0,102,450.913,241.495,478.12,305.51,27.206999999999994,64.01499999999999,464.5165,273.5025
test_die,113,9,0,133,434.458,241.495,449.687,262.488,15.228999999999985,20.992999999999995,442.0725,251.9915
test_die,114,9,0,133,412.79900000000004,241.495,434.458,266.48,21.658999999999992,24.985000000000014,423.62850000000003,253.9875
test_die,115,9,0,101,481.35200000000003,-77.431,501.248,-72.5,19.895999999999958,4.930999999999997,491.3,-74.96549999999999
test_die,116,9,0,103,477.665,-125.605,503.8,-77.431,26.13499999999999,48.17400000000001,490.7325,-101.518
test_die,117,9,0,83,526.692,-141.945,539.2040000000001,-125.605,12.512000000000057,16.33999999999999,532.9480000000001,-133.775
test_die,118,9,0,37,477.665,-141.945,505.907,-125.605,28.241999999999962,16.33999999999999,491.786,-133.775
test_die,119,9,0,120,477.665,-822.5,539.2040000000001,-141.945,61.539000000000044,680.5550000000001,508.43450000000007,-482.22249999999997
test_die,120,9,0,113,444.41200000000003,-91.81700000000001,455.822,-72.893,11.409999999999968,18.924000000000007,450.117,-82.355
test_die,121,9,0,112,428.8,-91.81700000000001,444.41200000000003,-72.5,15.612000000000023,19.317000000000007,436.606,-82.1585
test_die,122,9,0,60,466.45300000000003,-97.499,477.665,-91.81700000000001,11.211999999999989,5.681999999999988,472.059,-94.658
test_die,123,9,0,60,428.8,-97.499,466.147,-91.81700000000001,37.34699999999998,5.681999999999988,447.4735,-94.658
test_die,124,9,0,118,412.79900000000004,-822.5,477.665,-97.499,64.86599999999999,725.001,445.232,-459.9995
test_die,125,9,0,119,394.00600000000003,474.13300000000004,412.79900000000004,822.5,18.793000000000006,348.36699999999996,403.40250000000003,648.3165
test_die,126,9,0,119,346.234,433.545,394.00600000000003,822.5,47.77200000000005,388.955,370.12,628.0225
test_die,127,9,0,119,370.375,411.48,387.8,433.545,17.42500000000001,22.064999999999998,379.0875,422.51250000000005
test_die,128,9,0,119,358.348,412.491,370.375,433.545,12.026999999999987,21.05400000000003,364.3615,423.01800000000003
test_die,129,9,0,121,286.324,480.007,346.234,822.5,59.90999999999997,342.493,316.279,651.2535
test_die,130,9,0,61,311.25100000000003,432.488,346.234,480.007,34.98299999999995,47.519000000000005,328.7425,456.2475
test_die,131,9,0,59,286.324,468.088,289.349,480.007,3.0249999999999773,11.918999999999983,287.8365,474.0475
test_die,132,9,0,119,329.439,412.185,341.142,432.488,11.702999999999975,20.302999999999997,335.2905,422.3365
test_die,133,9,0,119,312.8,411.48,329.439,432.488,16.63900000000001,21.00799999999998,321.1195,421.98400000000004
test_die,134,9,0,120,252.13400000000001,467.293,286.324,822.5,34.19,355.207,269.22900000000004,644.8965000000001
test_die,135,9,0,119,264.73900000000003,461.48,285.86,467.293,21.12099999999998,5.812999999999988,275.2995,464.3865
test_die,136,9,0,118,158.465,477.166,252.13400000000001,822.5,93.66900000000001,345.334,205.29950000000002,649.833
test_die,137,9,0,119,162.387,432.927,238.213,477.166,75.826,44.238999999999976,200.3,455.04650000000004
test_die,138,9,0,75,278.8,23.283,286.945,82.561,8.144999999999982,59.278000000000006,282.8725,52.922000000000004
test_die,139,9,0,160,229.04,72.5,253.56,82.561,24.52000000000001,10.061000000000007,241.3,77.5305
test_die,140,9,0,79,374.46500000000003,-144.465,408.135,-137.137,33.66999999999996,7.328000000000003,391.3,-140.801
test_die,141,9,0,40,352.6,-144.465,358.135,-137.137,5.534999999999968,7.328000000000003,355.3675,-140.801
test_die,142,9,0,118,352.6,-822.5,412.79900000000004,-144.465,60.19900000000001,678.035,382.69950000000006,-483.4825
test_die,143,9,0,60,326.692,-91.94500000000001,352.6,-80.43,25.908000000000015,11.515,339.646,-86.1875
test_die,144,9,0,60,285.34000000000003,-91.94500000000001,305.907,-80.43,20.56699999999995,11.515,295.62350000000004,-86.1875
test_die,145,9,0,120,285.34000000000003,-822.5,352.6,-91.94500000000001,67.25999999999999,730.555,318.97,-457.2225
test_die,146,9,0,40,276.607,-142.072,285.34000000000003,-133.928,8.733000000000004,8.144000000000005,280.97350000000006,-138.0
test_die,147,9,0,80,226.607,-142.072,255.994,-133.928,29.387,8.144000000000005,241.3005,-138.0
test_die,148,9,0,119,226.607,-822.5,285.34000000000003,-142.072,58.73300000000003,680.428,255.9735,-482.286
test_die,149,9,0,116,185.95600000000002,-94.759,203.8,-72.5,17.843999999999994,22.259,194.87800000000001,-83.62950000000001
test_die,150,9,0,116,174.111,-94.759,185.95600000000002,-73.7,11.845000000000027,21.058999999999997,180.0335,-84.2295
test_die,151,9,0,118,158.465,-141.945,205.907,-94.759,47.44200000000001,47.18599999999999,182.186,-118.352
test_die,152,9,0,118,158.465,-822.5,226.607,-141.945,68.142,680.5550000000001,192.536,-482.22249999999997
test_die,153,9,0,105,138.872,479.046,158.465,822.5,19.59299999999999,343.454,148.6685,650.773
test_die,154,9,0,105,97.412,476.419,138.872,822.5,41.46000000000001,346.081,118.14200000000001,649.4594999999999
test_die,155,9,0,105,125.453,461.481,138.04,476.419,12.586999999999989,14.937999999999988,131.7465,468.95
test_die,156,9,0,104,112.56,461.48,125.453,476.419,12.893,14.938999999999965,119.0065,468.9495
test_die,157,9,0,107,38.872,436.067,97.412,822.5,58.540000000000006,386.433,68.142,629.2835
test_die,158,9,0,55,53.486000000000004,428.90500000000003,87.8,436.067,34.31399999999999,7.161999999999978,70.643,432.486
test_die,159,9,0,51,38.872,429.046,47.114000000000004,436.067,8.242000000000004,7.021000000000015,42.993,432.5565
test_die,160,9,0,105,73.46600000000001,411.48,87.8,428.90500000000003,14.333999999999989,17.42500000000001,80.63300000000001,420.1925
test_die,161,9,0,105,61.789,411.615,73.46600000000001,428.90500000000003,11.677000000000007,17.29000000000002,67.6275,420.26
test_die,162,9,0,105,-0.16,426.868,38.872,822.5,39.032,395.632,19.356,624.684
test_die,163,9,0,105,-12.88,469.914,-0.16,822.5,12.72,352.586,-6.5200000000000005,646.207
test_die,164,9,0,105,26.678,411.556,38.138,426.868,11.459999999999997,15.312000000000012,32.408,419.212
test_die,165,9,0,105,12.8,411.48,26.678,426.868,13.878,15.387999999999977,19.739,419.174
test_die,166,9,0,106,-46.514,468.915,-12.88,822.5,33.634,353.585,-29.697000000000003,645.7075
test_die,167,9,0,105,-69.635,468.915,-46.514,822.5,23.121000000000002,353.585,-58.0745,645.7075
test_die,168,9,0,106,-99.7,421.092,-69.635,822.5,30.064999999999998,401.408,-84.6675,621.796
test_die,169,9,0,106,-129.27,421.092,-99.7,822.5,29.570000000000007,401.408,-114.48500000000001,621.796
test_die,170,9,0,106,-152.28900000000002,468.77500000000003,-129.27,822.5,23.019000000000005,353.72499999999997,-140.7795,645.6375
test_die,171,9,0,105,-186.362,468.77500000000003,-152.28900000000002,822.5,34.07299999999998,353.72499999999997,-169.3255,645.6375
test_die,172,9,0,105,-198.17000000000002,469.481,-186.362,822.5,11.808000000000021,353.019,-192.26600000000002,645.9905
test_die,173,9,0,105,-238.67600000000002,428.90500000000003,-198.17000000000002,822.5,40.506,393.59499999999997,-218.423,625.7025
test_die,174,9,0,105,-226.534,411.48,-212.20000000000002,428.90500000000003,14.333999999999975,17.42500000000001,-219.36700000000002,420.1925
test_die,175,9,0,105,-238.211,411.615,-226.534,428.90500000000003,11.677000000000021,17.29000000000002,-232.3725,420.26
test_die,176,9,0,107,-269.133,431.426,-238.67600000000002,822.5,30.456999999999965,391.074,-253.90449999999998,626.963
test_die,177,9,0,11,-239.661,429.872,-238.67600000000002,431.426,0.9849999999999852,1.5539999999999736,-239.1685,430.649
test_die,178,9,0,96,-269.133,412.788,-259.74,431.426,9.392999999999972,18.637999999999977,-264.4365,422.10699999999997
test_die,179,9,0,105,-307.335,411.48,-269.133,822.5,38.202,411.02,-288.234,616.99
test_die,180,9,0,105,-322.2,424.071,-307.335,822.5,14.865000000000009,398.429,-314.7675,623.2855
test_die,181,9,0,158,13.138,306.868,37.462,316.48,24.324000000000005,9.612000000000023,25.3,311.674
test_die,182,9,0,159,3.188,241.818,41.792,306.868,38.604,65.04999999999998,22.490000000000002,274.343
test_die,183,9,0,134,-51.131,75.052,-35.230000000000004,97.406,15.900999999999996,22.354,-43.1805,86.22900000000001
test_die,184,9,0,134,-71.215,72.5,-51.131,97.406,20.084000000000003,24.906000000000006,-61.173,84.953
test_die,185,9,0,170,-130.071,33.622,-85.078,97.424,44.992999999999995,63.80200000000001,-107.5745,65.523
test_die,186,9,0,170,-121.12400000000001,22.5,-96.276,33.622,24.848000000000013,11.122,-108.7,28.061
test_die,187,9,0,134,-186.362,258.479,-163.038,266.48,23.323999999999984,8.001000000000033,-174.7,262.47950000000003
test_die,188,9,0,134,-187.335,241.574,-151.23,258.479,36.10500000000002,16.904999999999973,-169.2825,250.0265
test_die,189,9,0,137,-272.9,29.935000000000002,-240.517,95.47800000000001,32.38299999999998,65.543,-256.70849999999996,62.706500000000005
test_die,190,9,0,137,-270.128,22.5,-247.272,29.935000000000002,22.855999999999995,7.435000000000002,-258.7,26.2175
test_die,191,9,0,138,-317.29900000000004,36.834,-272.9,95.47800000000001,44.39900000000006,58.644000000000005,-295.09950000000003,66.156
test_die,192,9,0,137,-317.29900000000004,22.5,-296.065,36.834,21.234000000000037,14.334000000000003,-306.682,29.667
test_die,193,9,0,122,146.505,-124.522,158.465,-73.635,11.960000000000008,50.887,152.485,-99.0785
test_die,194,9,0,122,128.8,-124.522,146.505,-72.5,17.704999999999984,52.022000000000006,137.6525,-98.511
test_die,195,9,0,20,128.347,-138.334,158.465,-124.522,30.117999999999995,13.811999999999998,143.406,-131.428
test_die,196,9,0,135,78.754,-138.334,104.253,-124.522,25.498999999999995,13.811999999999998,91.5035,-131.428
test_die,197,9,0,156,78.754,-822.5,158.465,-138.334,79.711,684.1659999999999,118.6095,-480.41700000000003
test_die,198,9,0,106,38.114000000000004,-91.426,53.800000000000004,-72.5,15.686,18.926000000000002,45.95700000000001,-81.963
test_die,199,9,0,106,27.022000000000002,-91.426,38.114000000000004,-72.913,11.092000000000002,18.513000000000005,32.568000000000005,-82.1695
test_die,200,9,0,14,78.262,-138.629,78.754,-136.072,0.49200000000000443,2.556999999999988,78.50800000000001,-137.3505
test_die,201,9,0,142,-2.406,-138.629,54.338,-91.426,56.744,47.20299999999999,25.966,-115.0275
test_die,202,9,0,154,-2.406,-822.5,78.754,-138.629,81.16000000000001,683.871,38.174,-480.5645
test_die,203,9,0,54,-25.77,-144.663,-2.406,-135.153,23.364,9.51000000000002,-14.088,-139.90800000000002
test_die,204,9,0,101,-75.77,-144.663,-41.63,-135.153,34.13999999999999,9.51000000000002,-58.7,-139.90800000000002
test_die,205,9,0,153,-88.905,-822.5,-2.406,-144.663,86.499,677.837,-45.6555,-483.5815
test_die,206,9,0,83,-125.652,-94.565,-96.2,-81.888,29.451999999999998,12.676999999999992,-110.926,-88.2265
test_die,207,9,0,72,-170.975,-94.565,-141.748,-81.888,29.227000000000004,12.676999999999992,-156.36149999999998,-88.2265
test_die,208,9,0,155,-170.975,-822.5,-88.905,-94.565,82.07,727.935,-129.94,-458.5325
test_die,209,9,0,109,-208.547,-139.355,-195.417,-122.501,13.129999999999995,16.853999999999985,-201.982,-130.928
test_die,210,9,0,108,-221.983,-139.355,-208.547,-122.5,13.436000000000007,16.85499999999999,-215.265,-130.9275
test_die,211,9,0,45,-177.673,-145.951,-170.975,-139.355,6.6980000000000075,6.596000000000004,-174.324,-142.653
test_die,212,9,0,83,-227.673,-145.951,-189.727,-139.355,37.946,6.596000000000004,-208.7,-142.653
test_die,213,9,0,127,-239.457,-822.5,-170.975,-145.951,68.482,676.549,-205.216,-484.2255
test_die,214,9,0,125,-270.0,-79.656,-247.4,-72.5,22.599999999999994,7.156000000000006,-258.7,-76.078
test_die,215,9,0,125,-271.335,-822.5,-239.457,-79.656,31.877999999999986,742.844,-255.396,-451.078
test_die,216,9,0,25,-272.9,-91.294,-271.335,-86.834,1.5649999999999977,4.459999999999994,-272.11749999999995,-89.064
test_die,217,9,0,102,-305.183,-91.294,-294.5,-73.005,10.682999999999993,18.289,-299.8415,-82.14949999999999
test_die,218,9,0,127,-305.183,-822.5,-271.335,-91.294,33.84800000000001,731.206,-288.259,-456.897
test_die,219,9,0,154,-1762.0,364.44,-305.183,822.5,1456.817,458.06,-1033.5915,593.47
test_die,220,9,0,153,-1762.0,307.43,-305.183,364.44,1456.817,57.00999999999999,-1033.5915,335.935
test_die,221,9,0,82,-341.032,25.928,-317.29900000000004,307.43,23.732999999999947,281.502,-329.1655,166.679
test_die,222,9,0,74,-341.032,-5.773,-331.2,14.886000000000001,9.831999999999994,20.659,-336.116,4.556500000000001
test_die,223,9,0,155,-1762.0,-5.773,-341.032,307.43,1420.968,313.20300000000003,-1051.516,150.8285
test_die,224,9,0,73,-346.588,-12.838000000000001,-332.613,-5.773,13.975000000000023,7.065000000000001,-339.6005,-9.3055
test_die,225,9,0,83,-346.588,-46.034,-331.846,-37.162,14.742000000000019,8.872,-339.217,-41.598
test_die,226,9,0,154,-1762.0,-46.034,-346.588,-5.773,1415.412,40.260999999999996,-1054.294,-25.9035
test_die,227,9,0,64,-338.135,-62.04,-331.2,-46.034,6.935000000000002,16.006,-334.6675,-54.037
test_die,228,9,0,91,-338.135,-822.5,-305.183,-72.5,32.952,750.0,-321.659,-447.5
test_die,229,9,0,155,-1762.0,-822.5,-338.135,-46.034,1423.865,776.466,-1050.0675,-434.267
test_die,230,9,0,32,533.054,-125.605,539.2040000000001,-122.677,6.150000000000091,2.9279999999999973,536.129,-124.141
test_die,231,9,0,12,476.778,-91.81700000000001,477.665,-90.205,0.8870000000000005,1.612000000000009,477.2215,-91.011
test_die,232,9,0,117,220.80100000000002,411.48,237.8,432.927,16.998999999999995,21.447000000000003,229.3005,422.2035
test_die,233,9,0,117,209.03,412.318,220.80100000000002,432.927,11.771000000000015,20.609000000000037,214.9155,422.6225
test_die,234,9,0,120,179.655,412.26300000000003,191.57,432.927,11.914999999999992,20.663999999999987,185.6125,422.595
test_die,235,9,0,120,162.8,411.48,179.655,432.927,16.85499999999999,21.447000000000003,171.22750000000002,422.2035
test_die,236,9,0,183,374.075,241.514,399.38,316.48,25.305000000000007,74.96600000000001,386.72749999999996,278.997
test_die,237,9,0,183,348.922,241.514,374.075,316.42,25.152999999999963,74.906,361.49850000000004,278.967
test_die,238,9,0,183,325.07,241.514,348.922,316.48,23.852000000000032,74.96600000000001,336.996,278.997
test_die,239,9,0,183,301.22,241.514,325.07,316.478,23.849999999999966,74.964,313.145,278.996
test_die,240,9,0,174,212.80100000000002,304.133,237.799,316.48,24.99799999999999,12.347000000000037,225.3,310.3065
test_die,241,9,0,172,202.739,241.514,249.38,304.133,46.64099999999999,62.61899999999997,226.0595,272.82349999999997
test_die,242,9,0,174,162.876,305.358,187.72400000000002,316.48,24.848000000000013,11.122000000000014,175.3,310.919
test_die,243,9,0,172,158.465,241.514,202.739,305.358,44.274,63.843999999999994,180.602,273.43600000000004
test_die,244,9,0,194,378.616,-137.137,403.984,-122.5,25.367999999999995,14.637,391.29999999999995,-129.8185
test_die,245,9,0,39,352.6,-137.137,353.984,-79.656,1.3839999999999577,57.480999999999995,353.29200000000003,-108.3965
test_die,246,9,0,130,329.666,-80.43,352.6,-72.5,22.934000000000026,7.930000000000007,341.13300000000004,-76.465
test_die,247,9,0,103,285.34000000000003,-80.43,302.935,-72.5,17.59499999999997,7.930000000000007,294.13750000000005,-76.465
test_die,248,9,0,66,278.8,-133.928,285.34000000000003,-74.012,6.5400000000000205,59.916,282.07000000000005,-103.97
test_die,249,9,0,166,228.846,-133.928,253.75400000000002,-122.5,24.908000000000015,11.427999999999997,241.3,-128.214
test_die,250,9,0,3,158.465,-94.759,158.489,-94.74,0.02400000000000091,0.019000000000005457,158.477,-94.7495
test_die,251,9,0,137,-36.128,461.48,-13.272,468.915,22.856,7.435000000000002,-24.7,465.1975
test_die,252,9,0,72,-69.635,412.552,-62.2,468.915,7.435000000000002,56.363,-65.9175,440.73350000000005
test_die,253,9,0,102,-86.862,411.48,-69.635,421.092,17.22699999999999,9.611999999999966,-78.2485,416.286
test_die,254,9,0,106,-129.27,411.48,-112.538,421.092,16.732000000000014,9.611999999999966,-120.904,416.286
test_die,255,9,0,74,-137.20000000000002,412.345,-129.27,468.77500000000003,7.930000000000007,56.43000000000001,-133.235,440.56000000000006
test_die,256,9,0,135,-186.065,461.48,-163.335,468.77500000000003,22.72999999999999,7.295000000000016,-174.7,465.12750000000005
test_die,257,9,0,164,118.134,32.336,158.465,97.36500000000001,40.331,65.02900000000001,138.2995,64.85050000000001
test_die,258,9,0,163,129.087,22.5,153.513,32.336,24.426000000000016,9.835999999999999,141.3,27.418
test_die,259,9,0,172,91.3,72.5,114.46600000000001,97.36500000000001,23.16600000000001,24.86500000000001,102.88300000000001,84.9325
test_die,260,9,0,172,68.134,72.5,91.3,97.36500000000001,23.165999999999997,24.86500000000001,79.717,84.9325
test_die,261,9,0,105,-13.535,241.818,-2.588,259.6,10.947,17.78200000000001,-8.0615,250.709
test_die,262,9,0,155,-32.17,23.473,-13.535,97.406,18.635,73.933,-22.8525,60.4395
test_die,263,9,0,82,-82.322,85.613,-71.215,97.424,11.107,11.811000000000007,-76.7685,91.5185
test_die,264,9,0,155,-148.17000000000002,241.574,-130.071,315.267,18.099000000000018,73.69299999999998,-139.1205,278.4205
test_die,265,9,0,149,-208.70000000000002,72.5,-190.517,95.47800000000001,18.18300000000002,22.97800000000001,-199.6085,83.989
test_die,266,9,0,149,-226.883,72.5,-208.70000000000002,95.47800000000001,18.182999999999993,22.97800000000001,-217.7915,83.989
test_die,267,9,0,63,84.483,-124.522,98.117,-122.5,13.634,2.0220000000000056,91.30000000000001,-123.511
test_die,268,9,0,95,-2.406,-91.426,5.578,-74.2,7.984,17.226,1.586,-82.813
test_die,269,9,0,129,-21.201,-135.153,-2.406,-72.5,18.795,62.65299999999999,-11.8035,-103.8265
test_die,270,9,0,176,-71.20100000000001,-135.153,-46.199,-122.5,25.00200000000001,12.652999999999992,-58.7,-128.8265
test_die,271,9,0,148,-120.806,-81.888,-96.59400000000001,-72.5,24.21199999999999,9.388000000000005,-108.7,-77.194
test_die,272,9,0,156,-170.80700000000002,-81.888,-146.593,-72.5,24.214000000000027,9.388000000000005,-158.7,-77.194
test_die,273,9,0,35,-171.983,-139.355,-170.975,-82.637,1.0080000000000098,56.71799999999999,-171.47899999999998,-110.996
test_die,274,9,0,158,561.2620000000001,247.973,598.686,266.48,37.42399999999998,18.507000000000005,579.974,257.2265
test_die,275,9,0,3,539.2040000000001,247.973,539.338,248.223,0.13399999999990087,0.25,539.271,248.098
test_die,276,9,0,176,275.3,241.514,299.38,266.48,24.079999999999984,24.966000000000008,287.34000000000003,253.997
test_die,277,9,0,176,251.22,241.514,275.3,266.48,24.080000000000013,24.966000000000008,263.26,253.997
test_die,278,9,0,172,41.792,22.509,64.46600000000001,97.36500000000001,22.674000000000007,74.85600000000001,53.129000000000005,59.937000000000005
test_die,279,9,0,90,401.22,241.514,412.79900000000004,253.827,11.579000000000008,12.312999999999988,407.0095,247.6705
test_die,280,9,0,111,-305.183,377.325,-297.2,402.05400000000003,7.983000000000004,24.729000000000042,-301.1915,389.6895
test_die,281,9,0,111,-305.183,325.916,-297.2,350.635,7.983000000000004,24.718999999999994,-301.1915,338.27549999999997
target_object,1,9,0,3,-15.0,-192.5,15.0,-162.5,30.0,30.0,0.0,-177.5
target_object,2,9,0,3,-15.0,162.5,15.0,192.5,30.0,30.0,0.0,177.5
target_object,3,9,0,4,-15.0,-162.5,15.0,162.5,30.0,325.0,0.0,0.0
Target_Shot_R7,1,9,0,10,-1762.0,-822.5,1762.0,822.5,3524.0,1645.0,0.0,0.0
Target_Shot_R7,2,9,0,4,912.5,-92.0,952.5,92.0,40.0,184.0,932.5,0.0
Target_Shot_R7,3,99,0,10,-1630.5,-690.0,1072.5,690.0,2703.0,1380.0,-279.0,0.0
Target_Shot_R7,4,99,0,6,-408.2,94.0,952.5,570.0,1360.7,476.0,272.15,332.0
Target_Shot_R7,5,99,0,6,-408.2,-570.0,952.5,-94.0,1360.7,476.0,272.15,-332.0
Target_Shot_R7,6,99,0,8,-1510.5,-570.0,-894.2,570.0,616.3,1140.0,-1202.35,0.0
Target_Shot_R7,7,99,0,4,1158.5,94.0,1609.0,666.0,450.5,572.0,1383.75,380.0
Target_Shot_R7,8,99,0,4,1158.5,-666.0,1609.0,-94.0,450.5,572.0,1383.75,-380.0
Target_Shot_R7,9,99,0,4,1092.5,94.0,1132.5,666.0,40.0,572.0,1112.5,380.0
Target_Shot_R7,10,99,0,4,1092.5,-666.0,1132.5,-94.0,40.0,572.0,1112.5,-380.0
Target_Shot_R7,11,99,0,4,-310.2,212.0,880.5,498.0,1190.7,286.0,285.15,355.0
Target_Shot_R7,12,99,0,4,-310.2,-498.0,880.5,-173.0,1190.7,325.0,285.15,-335.5
single_die,1,9,0,118,528.162,77.4,1762.0,822.5,1233.838,745.1,1145.0810000000001,449.95
single_die,2,9,0,67,563.801,37.995,1762.0,77.4,1198.199,39.40500000000001,1162.9005,57.697500000000005
single_die,3,9,0,51,531.3770000000001,72.501,551.354,77.4,19.976999999999975,4.899000000000001,541.3655000000001,74.9505
single_die,4,9,0,116,579.394,-25.0,1762.0,37.995,1182.606,62.995,1170.6970000000001,6.497499999999999
single_die,5,9,0,16,572.815,37.112,579.394,37.995,6.578999999999951,0.8829999999999956,576.1045,37.5535
single_die,6,9,0,102,563.799,-12.888,579.394,12.888,15.595000000000027,25.776,571.5965,0.0
single_die,7,9,0,116,459.922,45.267,528.162,822.5,68.24000000000001,777.233,494.04200000000003,433.8835
single_die,8,9,0,116,473.432,22.499,503.8,45.267,30.367999999999995,22.768000000000004,488.616,33.883
single_die,9,9,0,116,400.451,45.008,459.922,822.5,59.471000000000004,777.492,430.1865,433.754
single_die,10,9,0,115,428.8,22.5,458.81,45.008,30.00999999999999,22.508000000000003,443.805,33.754000000000005
single_die,11,9,0,116,364.96500000000003,72.499,400.451,822.5,35.48599999999999,750.001,382.708,447.4995
single_die,12,9,0,116,331.033,22.499,364.96500000000003,822.5,33.932000000000016,800.001,347.999,422.4995
single_die,13,9,0,118,271.086,37.219,331.033,822.5,59.947,785.281,301.0595,429.8595
single_die,14,9,0,23,328.60200000000003,27.868000000000002,331.033,37.219,2.430999999999983,9.350999999999999,329.8175,32.5435
single_die,15,9,0,94,278.8,22.5,303.998,37.219,25.19799999999998,14.719000000000001,291.399,29.8595
single_die,16,9,0,118,203.927,89.371,271.086,822.5,67.15900000000002,733.129,237.50650000000002,455.9355
single_die,17,9,0,108,228.012,72.499,254.588,89.371,26.575999999999993,16.872,241.3,80.935
single_die,18,9,0,8,203.927,86.781,204.588,89.371,0.6610000000000014,2.589999999999989,204.2575,88.076
single_die,19,9,0,117,140.40800000000002,31.909,203.927,822.5,63.51899999999998,790.591,172.16750000000002,427.2045
single_die,20,9,0,76,179.187,22.499,203.413,31.909,24.226,9.41,191.3,27.204
single_die,21,9,0,41,140.40800000000002,22.5,153.413,31.909,13.004999999999995,9.408999999999999,146.9105,27.2045
single_die,22,9,0,118,579.391,-88.124,1762.0,-25.0,1182.609,63.123999999999995,1170.6955,-56.562
single_die,23,9,0,101,563.799,-62.887,579.391,-37.113,15.591999999999985,25.774,571.595,-50.0
single_die,24,9,0,17,572.395,-88.124,579.391,-87.113,6.995999999999981,1.0109999999999957,575.893,-87.6185
single_die,25,9,0,67,563.801,-127.57600000000001,1762.0,-88.124,1198.199,39.45200000000001,1162.9005,-107.85
single_die,26,9,0,51,531.242,-127.57600000000001,551.5260000000001,-122.501,20.284000000000106,5.075000000000003,541.384,-125.0385
single_die,27,9,0,117,528.16,-822.5,1762.0,-127.57600000000001,1233.8400000000001,694.924,1145.08,-475.038
single_die,28,9,0,116,473.428,-95.269,503.8,-72.499,30.372000000000014,22.77000000000001,488.61400000000003,-83.884
single_die,29,9,0,116,459.919,-822.5,528.16,-95.269,68.24099999999999,727.231,494.0395,-458.8845
single_die,30,9,0,116,428.8,-95.267,459.168,-72.5,30.367999999999995,22.766999999999996,443.98400000000004,-83.8835
single_die,31,9,0,115,400.44800000000004,-822.5,459.919,-95.267,59.47099999999995,727.233,430.1835,-458.8835
single_die,32,9,0,116,364.962,-822.5,400.44800000000004,-122.49900000000001,35.48600000000005,700.001,382.70500000000004,-472.4995
single_die,33,9,0,116,331.031,-822.5,364.962,-72.499,33.93099999999998,750.001,347.99649999999997,-447.4995
single_die,34,9,0,23,328.60200000000003,-87.22200000000001,331.031,-77.872,2.4289999999999736,9.350000000000009,329.8165,-82.547
single_die,35,9,0,95,278.8,-87.22200000000001,303.999,-72.5,25.199000000000012,14.722000000000008,291.3995,-79.861
single_die,36,9,0,117,271.083,-822.5,331.031,-87.22200000000001,59.94799999999998,735.278,301.057,-454.861
single_die,37,9,0,116,234.919,-822.5,271.083,-122.49900000000001,36.164000000000016,700.001,253.00100000000003,-472.4995
single_die,38,9,0,115,203.92600000000002,-822.5,234.919,-124.25,30.992999999999995,698.25,219.4225,-473.375
single_die,39,9,0,75,179.18800000000002,-81.906,203.412,-72.499,24.22399999999999,9.40700000000001,191.3,-77.2025
single_die,40,9,0,41,140.40800000000002,-81.906,153.412,-72.5,13.00399999999999,9.406000000000006,146.91000000000003,-77.203
single_die,41,9,0,118,140.40800000000002,-822.5,203.92600000000002,-81.906,63.518,740.594,172.16700000000003,-452.203
single_die,42,9,0,118,78.295,81.053,140.40800000000002,822.5,62.113000000000014,741.447,109.35150000000002,451.7765
single_die,43,9,0,45,128.8,22.531,140.40800000000002,81.053,11.608000000000004,58.522,134.604,51.792
single_die,44,9,0,72,79.43900000000001,72.499,103.162,81.053,23.723,8.554000000000002,91.3005,76.776
single_die,45,9,0,116,10.705,45.006,78.295,822.5,67.59,777.494,44.5,433.753
single_die,46,9,0,115,23.794,22.499,53.800000000000004,45.006,30.006000000000004,22.507,38.797000000000004,33.7525
single_die,47,9,0,116,-48.965,45.008,10.705,822.5,59.67,777.492,-19.130000000000003,433.754
single_die,48,9,0,115,-21.2,22.5,8.81,45.008,30.009999999999998,22.508000000000003,-6.194999999999999,33.754000000000005
single_die,49,9,0,118,-118.146,76.162,-48.965,822.5,69.181,746.338,-83.5555,449.331
single_die,50,9,0,46,-67.541,72.499,-49.859,76.162,17.681999999999995,3.663000000000011,-58.7,74.3305
single_die,51,9,0,71,-118.146,22.499,-96.2,76.162,21.945999999999998,53.66300000000001,-107.173,49.3305
single_die,52,9,0,118,-177.707,36.338,-118.146,822.5,59.56099999999999,786.162,-147.9265,429.419
single_die,53,9,0,25,-121.271,26.812,-118.146,36.338,3.125,9.526,-119.7085,31.575000000000003
single_die,54,9,0,92,-171.20000000000002,22.5,-146.129,36.338,25.071000000000026,13.838000000000001,-158.6645,29.419
single_die,55,9,0,118,-245.812,89.786,-177.707,822.5,68.10500000000002,732.7139999999999,-211.7595,456.14300000000003
single_die,56,9,0,110,-222.151,72.499,-195.249,89.786,26.902000000000015,17.287000000000006,-208.7,81.1425
single_die,57,9,0,6,-245.812,88.09400000000001,-245.249,89.786,0.5630000000000166,1.691999999999993,-245.53050000000002,88.94
single_die,58,9,0,116,-273.692,22.499,-245.812,822.5,27.879999999999995,800.001,-259.752,422.4995
single_die,59,9,0,115,-308.049,22.516000000000002,-273.692,822.5,34.35699999999997,799.984,-290.8705,422.508
single_die,60,9,0,117,-356.201,22.517,-308.049,822.5,48.152000000000044,799.983,-332.125,422.5085
single_die,61,9,0,5,-309.373,22.501,-308.049,22.517,1.3240000000000123,0.015999999999998238,-308.711,22.509
single_die,62,9,0,113,-356.201,-24.998,-331.201,22.517,25.0,47.515,-343.701,-1.2405000000000008
single_die,63,9,0,46,128.8,-131.053,140.40800000000002,-72.531,11.608000000000004,58.52199999999999,134.604,-101.792
single_die,64,9,0,72,79.438,-131.053,103.161,-122.49900000000001,23.723,8.553999999999988,91.2995,-126.77600000000001
single_die,65,9,0,118,78.294,-822.5,140.40800000000002,-131.053,62.11400000000002,691.447,109.351,-476.7765
single_die,66,9,0,116,23.428,-95.269,53.800000000000004,-72.499,30.372000000000003,22.77000000000001,38.614000000000004,-83.884
single_die,67,9,0,115,10.702,-822.5,78.294,-95.269,67.592,727.231,44.498,-458.8845
single_die,68,9,0,116,-21.2,-95.267,9.168000000000001,-72.5,30.368000000000002,22.766999999999996,-6.015999999999999,-83.8835
single_die,69,9,0,116,-49.254,-822.5,10.702,-95.267,59.955999999999996,727.233,-19.276,-458.8835
single_die,70,9,0,46,-67.541,-126.162,-49.859,-122.49900000000001,17.681999999999995,3.6629999999999967,-58.7,-124.3305
single_die,71,9,0,72,-118.435,-126.162,-96.2,-72.499,22.235,53.66300000000001,-107.3175,-99.3305
single_die,72,9,0,117,-118.435,-822.5,-49.254,-126.162,69.18100000000001,696.338,-83.8445,-474.331
single_die,73,9,0,24,-121.327,-86.781,-118.435,-77.157,2.891999999999996,9.62400000000001,-119.881,-81.969
single_die,74,9,0,94,-171.20000000000002,-86.781,-146.074,-72.5,25.126000000000005,14.281000000000006,-158.637,-79.6405
single_die,75,9,0,118,-178.508,-822.5,-118.435,-86.781,60.07300000000001,735.719,-148.4715,-454.6405
single_die,76,9,0,109,-222.15,-139.78300000000002,-195.25,-122.49900000000001,26.900000000000006,17.284000000000006,-208.7,-131.14100000000002
single_die,77,9,0,8,-246.002,-139.78300000000002,-245.25,-137.219,0.7520000000000095,2.5640000000000214,-245.626,-138.501
single_die,78,9,0,117,-246.002,-822.5,-178.508,-139.78300000000002,67.494,682.717,-212.255,-481.1415
single_die,79,9,0,116,-274.254,-822.5,-246.002,-72.499,28.25200000000001,750.001,-260.12800000000004,-447.4995
single_die,80,9,0,115,-308.931,-822.5,-274.254,-72.501,34.676999999999964,749.999,-291.5925,-447.5005
single_die,81,9,0,114,-1762.0,-58.929,-331.201,822.5,1430.799,881.429,-1046.6005,381.7855
single_die,82,9,0,117,-1762.0,-822.5,-308.931,-58.929,1453.069,763.571,-1035.4655,-440.7145
HPLMP01S1A,1,9,0,4,45812.0,-822.5,49336.0,822.5,3524.0,1645.0,47574.0,0.0
HPLMP01S1A,2,9,0,4,38764.0,-822.5,42288.0,822.5,3524.0,1645.0,40526.0,0.0
HPLMP01S1A,3,9,0,4,-42288.0,-822.5,-38764.0,822.5,3524.0,1645.0,-40526.0,0.0
HPLMP01S1A,4,9,0,4,-49336.0,-822.5,-45812.0,822.5,3524.0,1645.0,-47574.0,0.0
